Year (Announced),Investing company,Target Full Name,Amount,Destination country,BU Sector,BU Sub-sector,Year (Completed),Year Category,Sub-region,Sector and Sub-sectors,Confidence Status,Duplicate Pair ID (Original),Comments (changes made),Deal Status,FDI Type,Amount - Announced (Million USD),Amount - Completed (Million USD),Estimated (Y),CN Deal Stake (%),Date [MM/DD/YYYY] - Announced,Date [MM/DD/YYYY] - Completed,Chinese Investing Company,Source (Deal Status),Source (Amount - Announced),Source (Amount - Completed),Source (Deal Stake %),Source (Date [MM/DD/YYYY] - Announced),Source (Date [MM/DD/YYYY] - Completed),Source (BU Sector),Other/General Sources,Geolocation Source,Project date,FDI Project ID,Parent company ID,Source country,Parent company,Source state,Source admin-region (US county),Source city,Destination state,Destination admin-region (US County),Destination city,Free zone,Relocation from,Industry sector,Sub-sector,Cluster,Industry activity,Tags,Jobs created,Estimated,Capital Investment (US$m),Estimated,Project type,Project status,Motive description,Markets served,Joint venture companies,Source,Deal ID,SDC Deal No
2025,Donfeng Motor,,,Algeria,Automotive,Automotive,2025,Out of Range,North Africa,Automotive,Medium,,"This is an already completed investment as store has been opened in algeria. even though there is no amount published for the store opening, i am categorising this as high confidence given that the store has been lauched",Completed,Greenfield,,,,,,5/20/2025,,https://www.dongfeng-global.com/news/details/288,,,,,https://www.dongfeng-global.com/news/details/288,https://www.dongfeng-global.com/news/details/288,,,24-May,473141,25642,China,Donfeng Motor,,,,,,,,,Automotive OEM,Automobiles,Transport Equipment,Headquarters,,,,60.0999985,YES,New,,,,,,724,
2024,China Telecom,,,South Africa,ICT,ICT Infrastructure,,2022-2024,Southern Africa,ICT,Duplicate,376,Duplicate of 376,Announced,Greenfield,,,,,5/14/2024,,,https://www.biztechafrica.com/article/china-and-angola-expand-digital-connectivity-betwe/37093/,,,,https://www.ecofinagency.com/telecom/1905-41377-china-telecom-global-selects-angola-cables-to-improve-connectivity-between-asia-africa-and-latin-america  https://www.biztechafrica.com/article/china-and-angola-expand-digital-connectivity-betwe/37093/ ,,,,,20-May,China TelecomSouth AfricaCommunications7246.1,,China,China Telecommunications Corporation,Beijing Municipality,Not Specified,Beijing,Not Specified,Not Specified,Not Specified,,,Communications,Wired telecommunication carriers,ICT & Electronics,ICT & Internet Infrastructure,,72,Yes,46.1,Yes,New,Announced,,"China, South Africa, and Brazil","China Telecom, Angola Cables",https://www.biztechafrica.com/article/china-and-angola-expand-digital-connectivity-betwe/15713/,377,
2024,Seraphim Solar System,,,South Africa,Industry & Trade/Ser,Renewable Energy Component Manufacturing,,2022-2024,Southern Africa,Renewable Energy Component Manufacturing,Duplicate,463,Duplicate of 643,Announced,Greenfield,,,,,12/6/2024,,,https://www.pv-tech.org/seraphim-to-open-500mw-cell-production-capacity-in-south-africa/ ,,,,https://www.pv-tech.org/seraphim-to-open-500mw-cell-production-capacity-in-south-africa/,,,https://www.seraphim-energy.com/seraphim-plans-to-open-african-first-500-mw-pv-cell-plant/,,18-Dec,Seraphim Solar SystemSouth AfricaElectronic components13616.8,,China,Seraphim Solar System,Jiangsu,Not Specified,Changzhou,Eastern Cape,Not Specified,East London,East London Industrial Development Zone,,Electronic components,All other electrical equipment & components,Environmental Technology,Manufacturing,,136,Yes,16.8,Yes,Expansion,Announced,,Global,"Industrial Development Corporation of South Africa, Seraphim Solar System",https://www.seraphim-energy.com/seraphim-plans-to-open-african-first-500-mw-pv-cell-plant/,464,
2024,Haishan Group,,"1,000.00",Angola,Industry & Trade/Ser,"Other Agriculture, Fishing and Forestry",,2022-2024,Southern Africa,"Other Agriculture, Fishing and Forestry",High,,The project was announced in March 2024 but no information on recent activities,Announced,Greenfield,1000,,,,3/18/2024,,,"https://www.macaubusiness.com/chinas-haishan-group-establishes-headquarters-in-macau-with-focus-on-lusophone-markets/#:~:text=In%20March%2C%20Haishan%20announced%20a,over%20the%20next%20five%20years.","https://www.macaubusiness.com/chinas-haishan-group-establishes-headquarters-in-macau-with-focus-on-lusophone-markets/#:~:text=In%20March%2C%20Haishan%20announced%20a,over%20the%20next%20five%20years.",,,https://www.seafoodsource.com/news/aquaculture/haishan-announces-major-aquaculture-project-in-angola,,https://www.seafoodsource.com/news/aquaculture/haishan-announces-major-aquaculture-project-in-angola,,,24-Mar,482914,198596,China,Haishan Group,,,,,,,,,Real estate,Industrial building construction,Agribusiness,Construction,,,,1000,NO,New,,,,,,725,
2024,Hebei Xinfeng Steel,,"1,650.00",Egypt,Industry & Trade/Ser,Free Trade Zones and Industrial Parks,,2022-2024,North Africa,Free Trade Zones and Industrial Parks,High,,The deal was announced but no recent activities to confirm if project has started or not,Announced,Greenfield,1650,,,,12/23/2024,,,https://www.zawya.com/en/economy/north-africa/egypt-sczone-chairman-lays-foundation-stone-for-165bln-chinese-xinfengs-steel-complex-in-sokhna-jjkjm5em,"https://www.steelradar.com/en/chinas-xinfeng-steel-to-build-a-large-production-complex-in-egypts-suez-canal-economic-zone/#:~:text=According%20to%20the%20agreement%2C%20Xinfeng,investment%20of%20USD%201.65%20billion.",,,https://gmk.center/en/news/chinas-xinfeng-steel-plans-to-build-an-industrial-complex-in-egypt/,,https://gmk.center/en/news/chinas-xinfeng-steel-plans-to-build-an-industrial-complex-in-egypt/,,,24-Dec,487308,200102,China,Hebei Xinfeng Steel,,,,,,,,,Metals,Steel products,Industrial,Manufacturing,,,,1650,NO,New,,,,,,726,
2024,China Glass Holdings,,310,Egypt,Industry & Trade/Ser,Manufacturing,,2022-2024,North Africa,Manufacturing,High,,"The publications state that the groundbreaking ceremoney for the project was held, the project is expected to be completed by end of 2025",Commenced,Greenfield,310,,,,11/28/2024,,,https://eng.yidaiyilu.gov.cn/p/0D70BF43.html,,,,https://en.imsilkroad.com/p/343349.html,,https://en.imsilkroad.com/p/343349.html,,,24-Nov,484598,38769,Hong Kong,China Glass Holdings,,,,,,,,,Ceramics & glass,Glass & glass products,Industrial,Manufacturing,,,,310,NO,New,,,,,,727,
2024,Dezhou Chemtics Chemicals,,30,Egypt,Industry & Trade/Ser,Material Production and Processing,,2022-2024,North Africa,Material Production and Processing,High,,"The groundbreaking ceremony of the project was held, suggesting commencement ",Commenced,Greenfield,30,,,,9/22/2024,,,https://www.egypttoday.com/Article/3/134916/SCZone-witnesses-30M-groundbreaking-ceremony-for-Chemtics-Egypt-Chemicals-project,https://sczone.eg/sczones-chairman-witnesses-the-ground-breaking-ceremony-of-the-chemtics-egypt-chemicals-project-with-total-investments-of-30-million/,,,https://english.ahram.org.eg/News/532263.aspx,,https://english.ahram.org.eg/News/532263.aspx,,,24-Sep,480939,197908,China,Dezhou Chemtics Chemicals,,,,,,,,,Chemicals,"Soap, cleaning compounds, & toilet preparation",Physical Sciences,Manufacturing,,,,30,NO,New,,,,,,731,
2024,Jiangsu Lianfa Textile,,500,Egypt,Industry & Trade/Ser,Textiles,,2022-2024,North Africa,Textiles,High,,The project was announced but no recent information on current status,Announced,Greenfield,500,,,,8/8/2024,,,"https://sis.gov.eg/Story/194105/China%27s-Jiangsu-Lianfa-Textile-Co.-plans-to-build-%240.5B-complex-in-Egypt?lang=en-us#:~:text=Thursdayÿå%2008%20August%202024%20%2D%2012:47%20PM&text=Chairman%20of%20the%20General%20Authority,eyeing%20opportunities%20in%20emerging%20markets.",https://english.ahram.org.eg/News/528774.aspx,,,"https://sis.gov.eg/Story/194105/China%27s-Jiangsu-Lianfa-Textile-Co.-plans-to-build-%240.5B-complex-in-Egypt?lang=en-us#:~:text=Thursdayÿå%2008%20August%202024%20%2D%2012:47%20PM&text=Chairman%20of%20the%20General%20Authority,eyeing%20opportunities%20in%20emerging%20markets.",,,https://en.amwalalghad.com/chines-textile-giant-plans-500m-complex-in-egypt/,,24-Aug,478027,92488,China,Jiangsu Lianfa Textile,,,,,,,,,Textiles,Textiles & Textile Mills,"Wood, Apparel & Related Products",Manufacturing,,,,500,NO,New,,,,,,732,
2024,Wu'an Xinfeng,,297,Egypt,Industry & Trade/Ser,Material Production and Processing,,2022-2024,North Africa,Material Production and Processing,High,,Could not find recent activities since the announcement,Announced,Greenfield,297,,,,4/22/2024,,,https://www.zawya.com/en/projects/industry/china-company-to-build-297mln-hot-rolled-coil-plant-in-egypt-lvaxoemn#,https://www.zawya.com/en/projects/industry/china-company-to-build-297mln-hot-rolled-coil-plant-in-egypt-lvaxoemn#,,,https://www.zawya.com/en/projects/industry/china-company-to-build-297mln-hot-rolled-coil-plant-in-egypt-lvaxoemn#,,https://www.zawya.com/en/projects/industry/china-company-to-build-297mln-hot-rolled-coil-plant-in-egypt-lvaxoemn#,https://www.steelorbis.com/steel-news/latest-news/chinas-wuan-xin-feng-to-build-hrc-plant-in-egypt-1337335.htm,,24-Apr,469610,193647,China,Wu'an Xinfeng,,,,,,,,,Metals,Iron & steel mills & ferroalloy,Industrial,Manufacturing,,,,297,NO,New,,,,,,736,
2024,Guangdong Vanward New Electric Company,,12,Egypt,Industry & Trade/Ser,Manufacturing,,2022-2024,North Africa,Manufacturing,High,,The groundbreaking ceremony was held for the commencement of the project but no recent news,Commenced,Greenfield,12,,,,1/18/2024,,,https://www.zawya.com/en/projects/industry/chinas-vanward-breaks-ground-for-household-appliances-plant-in-egypt-oyfgienb,https://sczone.eg/sczone-witnesses-the-groundbreaking-for-the-chinese-vanward-project-with-investments-of-12-million/,,,https://en.amwalalghad.com/chinas-vanward-launches-12-mln-factory-in-egypts-sczone/#,,https://sczone.eg/sczone-witnesses-the-groundbreaking-for-the-chinese-vanward-project-with-investments-of-12-million/,,,24-Jan,461014,116464,China,Guangdong Vanward New Electric Company,,,,,,,,,Consumer electronics,Household appliances,Consumer Goods,Manufacturing,,,,20.7000008,YES,New,,,,,,737,
2024,Radisson Blu (Radisson SAS Hotels & Resorts),,,Guinea,Industry & Trade/Ser,Hospitality and Tourism,2024,2022-2024,West Africa,Hospitality and Tourism,High,,"The opening of the hotel was published, no amount stated",Completed,Greenfield,,,,,,12/19/2024,,https://www.radissonhotels.com/en-us/corporate/media/press-releases/Radisson-Blu-Hotel-Conakry-opens-elevating-hospitality-in-Guineas-capital,,,,,https://www.radissonhotels.com/en-us/corporate/media/press-releases/Radisson-Blu-Hotel-Conakry-opens-elevating-hospitality-in-Guineas-capital,https://www.radissonhotels.com/en-us/corporate/media/press-releases/Radisson-Blu-Hotel-Conakry-opens-elevating-hospitality-in-Guineas-capital,https://finance.yahoo.com/news/radisson-blu-hotel-debuts-guinea-114528313.html,,24-Dec,487201,54990,China,Shanghai Jin Jiang International Hotels,,,,,,,,,Hotels & tourism,Accommodation,Tourism,Construction,,,,100.300003,YES,New,,,,,,738,
2024,Kaishan Holding Group,,93,Kenya,Energy,Renewable Energy Geothermal,,2022-2024,East Africa,Energy,High,,Project was announced but no recent informantion,Announced,Greenfield,93,,,,11/2/2024,,,https://www.scmp.com/news/china/diplomacy/article/3284769/china-begins-work-kenyan-geothermal-power-plant-amid-african-renewable-energy-push#,https://www.scmp.com/news/china/diplomacy/article/3284769/china-begins-work-kenyan-geothermal-power-plant-amid-african-renewable-energy-push#,,,https://www.scmp.com/news/china/diplomacy/article/3284769/china-begins-work-kenyan-geothermal-power-plant-amid-african-renewable-energy-push#,,https://www.scmp.com/news/china/diplomacy/article/3284769/china-begins-work-kenyan-geothermal-power-plant-amid-african-renewable-energy-push#,,,24-Nov,483749,121628,China,Kaishan Holding Group,,,,,,,,,Renewable energy,Geothermal electric power,Environmental Technology,Electricity,,,,93,NO,New,,,,,,739,
2024,Hexing Group,,10,Kenya,Energy,Renewable Energy Solar,,2022-2024,East Africa,Energy,High,,The project was announced but no recent information on current status,Announced,Greenfield,10,,,,10/24/2024,,,https://serrarigroup.com/hexing-group-unveils-sh1-3-billion-investment-in-kenya-boosting-local-green-energy-infrastructure/,https://www.citizen.digital/news/hexing-group-announces-10-million-investment-in-kenyan-market-to-enhance-local-operations-n351609,,,https://www.citizen.digital/news/hexing-group-announces-10-million-investment-in-kenyan-market-to-enhance-local-operations-n351609,,https://www.citizen.digital/news/hexing-group-announces-10-million-investment-in-kenyan-market-to-enhance-local-operations-n351609,,,24-Oct,482499,186103,China,Hexing Group,,,,,,,,,Electronic components,All other electrical equipment & components,Environmental Technology,Manufacturing,,,,10,NO,New,,,,,,742,
2024,Chint Group,,1.2,Kenya,Energy,Energy Transmission and Distribution,2024,2022-2024,East Africa,Energy,High,,The office has already been opened with initial investment of $1.2million,Completed,Greenfield,1.2,,,,,8/12/2024,,"https://www.chintglobal.com/global/en/about-us/factory/metering-factories/kenya-meter-factory.html#:~:text=Located%20near%20Nairobi%27s%20airport%20and,annual%20capacity%20of%20200%2C000%20units.",,"https://www.chintglobal.com/global/en/about-us/factory/metering-factories/kenya-meter-factory.html#:~:text=Located%20near%20Nairobi%27s%20airport%20and,annual%20capacity%20of%20200%2C000%20units.",,,https://serrarigroup.com/chinese-smart-meter-company-chint-global-opens-manufacturing-plant-in-kenya-a-strategic-move-to-boost-africas-energy-sector/,https://www.cnbcafrica.com/media/6360357278112/kenya-taps-chinese-firm-chint-global-in-ambitious-energy-plan/,,,24-Aug,476878,35827,China,Chint Group,,,,,,,,,Electronic components,All other electrical equipment & components,ICT & Electronics,Manufacturing,,,,3.4000001,YES,New,,,,,,743,
2024,AVIC International Holding,,500,Kenya,Industry & Trade/Ser,Hospitality and Tourism,2024,2022-2024,East Africa,Hospitality and Tourism,High,,Marriott hotel,Completed,Greenfield,,500,,,,3/26/2024,,https://gtc.co.ke/Grand-opening-of-JW-Marriott-Marks-the-full-Operation-of-GTC.pdf,,https://gtc.co.ke/Grand-opening-of-JW-Marriott-Marks-the-full-Operation-of-GTC.pdf,,,https://gtc.co.ke/Grand-opening-of-JW-Marriott-Marks-the-full-Operation-of-GTC.pdf,https://gtc.co.ke/Grand-opening-of-JW-Marriott-Marks-the-full-Operation-of-GTC.pdf,,,24-Mar,468251,56865,China,Aviation Industry Corporation of China,,,,,,,,,Hotels & tourism,Accommodation,Tourism,Construction,,,,100.300003,YES,New,,,,,,746,
2024,Shandong Daye,,208.5,Morocco,Industry & Trade/Ser,Material Production and Processing,,2022-2024,North Africa,Material Production and Processing,High,,Deal was announced in October 2024 but no further details on curret status,Announced,Greenfield,208.5,,,,10/30/2024,,,https://www.yicaiglobal.com/news/chinese-tire-steel-materials-maker-daye-gains-on-plan-to-build-new-plant-in-morocco,https://www.moroccoworldnews.com/2024/11/12974/chinese-tire-giant-shandong-daye-invests-208m-in-new-moroccan-factory/,,,https://www.yicaiglobal.com/news/chinese-tire-steel-materials-maker-daye-gains-on-plan-to-build-new-plant-in-morocco,,https://www.itiger.com/news/2479774034,,,24-Nov,486648,193725,China,Shandong Daye,,,,,,,,,Metals,Spring & wire products,Transport Equipment,Manufacturing,,,,119.099998,NO,New,,,,,,747,
2024,BTR New Material Group,,366,Morocco,Energy,Renewable Energy Component Manufacturing,,2022-2024,North Africa,Energy,High,,Project announced but no recent update on status,Announced,Greenfield,366,,,,8/14/2024,,,"https://battery-news.de/en/2024/08/28/btr-plans-anode-production-in-morocco/#:~:text=BTR%20New%20Material%20Group%20from,itemid=1244",https://www.btrchina.com/en/News/info.aspx?itemid=1244,,,https://www.yicaiglobal.com/news/chinas-btr-to-build-new-anode-plant-in-morocco-expects-usd120-million-pre-order-from-ford,,https://www.yicaiglobal.com/news/chinas-btr-to-build-new-anode-plant-in-morocco-expects-usd120-million-pre-order-from-ford,,,24-Aug,478682,189472,China,China Baoan Group,,,,,,,,,Minerals,Other non-metallic mineral products,ICT & Electronics,Manufacturing,,,,368.390015,NO,New,,,,,,748,
2024,Hailiang Group,,288,Morocco,Industry & Trade/Ser,Material Production and Processing,,2022-2024,North Africa,Material Production and Processing,High,,No recent information on the status of investment but there was an investment announced,Announced,Greenfield,288,,,,5/9/2024,,,"https://www.investmentmonitor.ai/news/zhejiang-hailiang-to-open-copper-plant-in-morocco/#:~:text=Data%20Insights,the%20investment%20policy%20support%20available.",https://fesnews.media/280028/2024/05/09/,,,"https://www.investmentmonitor.ai/news/zhejiang-hailiang-to-open-copper-plant-in-morocco/#:~:text=Data%20Insights,the%20investment%20policy%20support%20available.",,"https://www.investmentmonitor.ai/news/zhejiang-hailiang-to-open-copper-plant-in-morocco/#:~:text=Data%20Insights,the%20investment%20policy%20support%20available.",,,24-May,471189,143655,China,Hailiang Group,,,,,,,,,Metals,Nonferrous metal production & processing,Industrial,Manufacturing,,,,288,NO,New,,,,,,750,
2024,Shinzoom,,450,Morocco,Automotive,Automotive - EV,,2022-2024,North Africa,Automotive,High,,Deal 's current status could not be confirmed but annuncement was made,Announced,Greenfield,450,,,,5/15/2024,,,"https://www.reuters.com/business/autos-transportation/chinas-hailiang-shinzoom-build-auto-battery-plants-morocco-2024-05-15/#:~:text=Sign%20up%20here.,BTR%20New%20Material%20Group%20(835185.",https://northafricapost.com/77322-chinas-hailiang-shinzoom-to-join-moroccos-ev-battery-ecosystem.html,,,"https://www.reuters.com/business/autos-transportation/chinas-hailiang-shinzoom-build-auto-battery-plants-morocco-2024-05-15/#:~:text=Sign%20up%20here.,BTR%20New%20Material%20Group%20(835185.",,https://northafricapost.com/77322-chinas-hailiang-shinzoom-to-join-moroccos-ev-battery-ecosystem.html,,,24-May,486654,199865,China,Hunan Zhongke Electric,,,,,,,,,Minerals,Other non-metallic mineral products,ICT & Electronics,Manufacturing,,,,460,NO,New,,,,,,751,
2024,Sinomine Resource Group,,500,Zimbabwe,Metals and Minerals,Metals and Minerals,,2022-2024,Southern Africa,Metals and Minerals,High,,Lithium sulfate plant,Announced,Greenfield,500,,,,9/30/2024,,,"https://www.mining.com/web/sinomine-says-it-will-build-lithium-sulfate-plant-in-zimbabwe/#:~:text=Bloomberg%20News%20%7C%20September%2030%2C%202024,(By%20Godfrey%20Marawanyika)","https://www.mining.com/web/sinomine-says-it-will-build-lithium-sulfate-plant-in-zimbabwe/#:~:text=Bloomberg%20News%20%7C%20September%2030%2C%202024,(By%20Godfrey%20Marawanyika)",,,"https://www.mining.com/web/sinomine-says-it-will-build-lithium-sulfate-plant-in-zimbabwe/#:~:text=Bloomberg%20News%20%7C%20September%2030%2C%202024,(By%20Godfrey%20Marawanyika)",,"https://www.mining.com/web/sinomine-says-it-will-build-lithium-sulfate-plant-in-zimbabwe/#:~:text=Bloomberg%20News%20%7C%20September%2030%2C%202024,(By%20Godfrey%20Marawanyika)","https://allafrica.com/stories/202410030506.html#:~:text=Zimbabwe:%20Sinomine%20Plans%20$500m%20Lithium%20Refinery%20in,economic%20value%20and%20discourage%20raw%20ore%20exports.",,24-Sep,481708,184337,China,Sinomine Resource Group,,,,,,,,,Minerals,Other non-metallic mineral products,Physical Sciences,Manufacturing,,,,500,NO,New,,,,,,765,
2024,Huaxin Cement,,15,Zimbabwe,Industry & Trade/Ser,Material Production and Processing,2025,2022-2024,Southern Africa,Material Production and Processing,High,,Cement plant,Commenced,Greenfield,15,,,,9/1/2024,Jan-25,,https://bulawayo24.com/index-id-news-sc-national-byo-248318.html,https://www.globalcement.com/news/item/17985-huaxin-cement-to-build-new-plant-in-zimbabwe,,,https://www.globalcement.com/news/item/17985-huaxin-cement-to-build-new-plant-in-zimbabwe,,https://www.globalcement.com/news/item/17985-huaxin-cement-to-build-new-plant-in-zimbabwe,https://bulawayo24.com/index-id-news-sc-national-byo-246714.html,,24-Sep,481400,95982,China,Huaxin Cement,,,,,,,,,Building materials,Cement & concrete products,Construction,Manufacturing,,,,15,NO,New,,,,,,766,
2024,Tsingshan Holding Group,,"1,000.00",Zimbabwe,Industry & Trade/Ser,Material Production and Processing,2024,2022-2024,Southern Africa,Material Production and Processing,High,,Steel plant,Completed,Greenfield,1000,,,,,6/13/2024,,https://english.news.cn/africa/20240621/fdf0f756d8284469be6249014ce9c444/c.html,,https://www.reuters.com/markets/commodities/chinas-tsingshan-1-bln-steel-plant-zimbabwe-starts-production-2024-06-20/,,,https://agmetalminer.com/2024/07/11/zimbabwes-steel-manufacturing-plant/,https://www.reuters.com/markets/commodities/chinas-tsingshan-1-bln-steel-plant-zimbabwe-starts-production-2024-06-20/,,,24-Jun,474092,35042,China,Tsingshan Holding Group,,,,,,,,,Renewable energy,Solar electric power,Environmental Technology,Electricity,,,,175.699997,YES,New,,,,,,767,
2024,,,18,Egypt,ICT,ICT Infrastructure,,2022-2024,North Africa,ICT,High,,"Raw data provide very limited data. From research, this could likely be an investment made by Hengtong, a Chinese fibre optic cable manufacturer. They seek to expand their factory in the China-Egypt TEDA zone with $18 million in investments. An agreement was signed on October 18, 2023 with Suez Canal Economic Zone (SCZONE) (Ahram Online, 2023). The first phase was opened in March 20223 with $6 million in investments (additional information in other sources column). ",Announced,Greenfield,18,,,,10/18/2024,,Hengtong,"https://www.sis.gov.eg/Story/187405/SCZONE,-Hengtong-sign-$18M-optical-cables-investment-agreement/?lang=en-us https://english.ahram.org.eg/NewsContent/3/12/510503/Business/Economy/Giant-Chinese-optic-cables-manufacturer-to-expand-.aspx","https://www.sis.gov.eg/Story/187405/SCZONE,-Hengtong-sign-$18M-optical-cables-investment-agreement/?lang=en-us https://english.ahram.org.eg/NewsContent/3/12/510503/Business/Economy/Giant-Chinese-optic-cables-manufacturer-to-expand-.aspx",,,"https://www.sis.gov.eg/Story/187405/SCZONE,-Hengtong-sign-$18M-optical-cables-investment-agreement/?lang=en-us https://english.ahram.org.eg/NewsContent/3/12/510503/Business/Economy/Giant-Chinese-optic-cables-manufacturer-to-expand-.aspx",,"https://www.sis.gov.eg/Story/187405/SCZONE,-Hengtong-sign-$18M-optical-cables-investment-agreement/?lang=en-us https://english.ahram.org.eg/NewsContent/3/12/510503/Business/Economy/Giant-Chinese-optic-cables-manufacturer-to-expand-.aspx",https://www.hengtonggroup.com/en/home/news/detail/id/184.html,,23-Oct,453950,97108,China,,,,,,,,,,Electronic components,Communication & energy wires & cables,ICT & Electronics,Manufacturing,,214,YES,18,NO,Expansion,,,,,,56,
2024,Gotion,,"1,300.00",Morocco,Automotive,Automotive - EV,,2022-2024,North Africa,Automotive,High,,"High - although the initial amount in fdi markets is 6.5bn$, that is only a statement that the eventual investment could amount to 6.5bn but what is planned as of now is a 1.3bn ev battery gigafactory. No evidence that construction has actually commenced.",Announced,Greenfield,1300,,,,6/6/2024,,Gotion High Tech,https://www.reuters.com/business/autos-transportation/chinas-gotion-high-tech-set-up-13-billion-ev-battery-gigafactory-morocco-2024-06-06/,https://www.reuters.com/business/autos-transportation/chinas-gotion-high-tech-set-up-13-billion-ev-battery-gigafactory-morocco-2024-06-06/,,,https://www.reuters.com/business/autos-transportation/chinas-gotion-high-tech-set-up-13-billion-ev-battery-gigafactory-morocco-2024-06-06/,,https://www.reuters.com/business/autos-transportation/chinas-gotion-high-tech-set-up-13-billion-ev-battery-gigafactory-morocco-2024-06-06/,,,23-Jun,443366,130351,China,Guoxuan High-tech,,,,,,,,,Electronic components,Batteries,Transport Equipment,Manufacturing,,3188,NO,"6,400.00",NO,New,,,,,,65,
2024,Scg Group Ltd,Maser Inc,,Nigeria,Industry & Trade/Ser,Manufacturing,,2022-2024,West Africa,Manufacturing,High,,,Completed,M&A,,,,,12/17/2024,,,,,,,,,,,,24-Dec,Scg Group LtdNigeria,,Hong Kong,,,,,,,,,,,,,,,,,,,,,,,,,,4348159040
2024,Sinomine Resource Group Co Ltd,Dundee Precious Metals Tsumeb (Pty) Ltd,49,Namibia,Metals and Minerals,Metals and Minerals,,2022-2024,Southern Africa,Metals and Minerals,High,,,Completed,M&A,49,,,,8/30/2024,,,,,,,,,,,,24-Aug,Sinomine Resource Group Co LtdNamibia,,China,,,,,,,,,,,,,,,,,,,,,,,,,,4210342040
2024,JCHX Mining Management Co Ltd,Lubambe Copper Mine Ltd,,Zambia,Metals and Minerals,Metals and Minerals,,2022-2024,Southern Africa,Metals and Minerals,High,,Copper,Completed,M&A,,,,,7/11/2024,,,,,,,,,,,,24-Jul,JCHX Mining Management Co LtdZambia,,China,,,,,,,,,,,,,,,,,,,,,,,,,,4185867040
2024,Ganfeng Lithium Co Ltd,Leo Lithium Ltd,342.7,Mali,Metals and Minerals,Metals and Minerals,,2022-2024,West Africa,Metals and Minerals,High,,Lithium Involved,Completed,M&A,342.7,,,,5/7/2024,,,,,,,,,,,,24-May,Ganfeng Lithium Co LtdMali,,China,,,,,,,,,,,,,,,,,,,,,,,,,,
2024,Sinomine Resource Group Co Ltd,Kitumba Copper Mine,58.5,Zambia,Metals and Minerals,Metals and Minerals,,2022-2024,Southern Africa,Metals and Minerals,High,,Copper,Completed,M&A,58.5,,,,3/15/2024,,,,,,,,,,,,24-Mar,Sinomine Resource Group Co LtdZambia,,China,,,,,,,,,,,,,,,,,,,,,,,,,,4209304040
2024,Huaxin (Hong Kong) International Holdings Ltd,Natal Portland Cement Co (Pty) Ltd,231.6,South Africa,Industry & Trade/Ser,Material Production and Processing,,2022-2024,Southern Africa,Material Production and Processing,High,,,Completed,M&A,231.6,,,,1/4/2024,,,,,,,,,,,,24-Jan,Huaxin (Hong Kong) International Holdings LtdSouth Africa,,Hong Kong,,,,,,,,,,,,,,,,,,,,,,,,,,4100159040
2024,Huawei Technologies,,,Egypt,ICT,ICT Services,2024,2022-2024,North Africa,ICT,Low,,Opening new office,Completed,Greenfield,,,,,,10/21/2024,,https://egyptianstreets.com/2024/10/22/egypt-inaugurates-huaweis-new-office-in-egypt/,,,,,https://egyptianstreets.com/2024/10/22/egypt-inaugurates-huaweis-new-office-in-egypt/,https://egyptianstreets.com/2024/10/22/egypt-inaugurates-huaweis-new-office-in-egypt/,,,24-Oct,487729,11026,China,Huawei Technologies,,,,,,,,,Communications,Communications equipment,ICT & Electronics,"Sales, Marketing & Support",,,,4.69999981,YES,New,,,,,,730,
2024,COSCO SHIPPING Group (China Ocean Shipping Company (COSCO)),,,Morocco,Transportation,Ports/Waterways,2024,2022-2024,North Africa,Transportation,Low,,COSCO new office branch in Morocco,Completed,Greenfield,,,,,,2/1/2024,,https://en.coscoshipping.com/col/col6923/art/2024/art_213bf26be99e4692a5cc9138471f9220.html,,,,https://en.coscoshipping.com/col/col6923/art/2024/art_213bf26be99e4692a5cc9138471f9220.html,,https://en.coscoshipping.com/col/col6923/art/2024/art_213bf26be99e4692a5cc9138471f9220.html,https://www.xindemarinenews.com/m/view.php?aid=52854,,24-Feb,461827,7680,China,COSCO SHIPPING Group (China Ocean Shipping Company (COSCO)),,,,,,,,,Transportation & Warehousing,Water transportation,Transportation & Warehousing,"Sales, Marketing & Support",,,,6.5,YES,New,,,,,,752,
2024,Huawei Technologies,,,Nigeria,ICT,ICT Infrastructure,,2022-2024,West Africa,ICT,Low,,Huawei proposed building two data centers in Nigeria,Announced,Greenfield,,,,,9/5/2024,,,https://www.ecofinagency.com/public-management/0509-45851-nigeria-and-china-strengthen-ties-with-new-cooperation-agreements-at-focac,,,,https://www.ecofinagency.com/public-management/0509-45851-nigeria-and-china-strengthen-ties-with-new-cooperation-agreements-at-focac,,https://www.ecofinagency.com/public-management/0509-45851-nigeria-and-china-strengthen-ties-with-new-cooperation-agreements-at-focac,,,24-Sep,480309,11026,China,Huawei Technologies,,,,,,,,,Electronic components,All other electrical equipment & components,Environmental Technology,Research & Development,,,,22.1000004,YES,New,,,,,,753,
2024,OKELI Lighting,,,Nigeria,Industry & Trade/Ser,Manufacturing,2024,2022-2024,West Africa,Manufacturing,Low,,OKELI Nigeria Office,Completed,Greenfield,,,,,,9/3/2024,,https://web.archive.org/web/20241205191829/https://okelilighting.com/okeli-nigeria-office/,,,,,https://web.archive.org/web/20241205191829/https://okelilighting.com/okeli-nigeria-office/,https://web.archive.org/web/20241205191829/https://okelilighting.com/okeli-nigeria-office/,,,24-Sep,479469,197333,China,OKELI Lighting,,,,,,,,,Electronic components,Electric lighting equipment,ICT & Electronics,"Sales, Marketing & Support",,,,1.70000005,YES,New,,,,,,754,
2024,Radisson Hospitality (Rezidor Hotel Group),,,Nigeria,Industry & Trade/Ser,Hospitality and Tourism,,2022-2024,West Africa,Hospitality and Tourism,Low,,Radisson RED Hotel in Abuja,Announced,Greenfield,,,,,6/25/2024,,,"https://www.frontierafricareports.com/article/radisson-hotel-group-bolsters-african-presence-wit#:~:text=Radisson%20RED%20Abuja%20(Nigeria),well%20as%20a%20fitness%20facility.",https://www.radissonhotels.com/en-us/corporate/media/press-releases/Radisson-Hotel-Group-bolsters-African-presence-with-7-additional-hotels-and-over-1200-new-rooms-including-a-landmark-entry-in-Tanzania,,,,,"https://www.frontierafricareports.com/article/radisson-hotel-group-bolsters-african-presence-wit#:~:text=Radisson%20RED%20Abuja%20(Nigeria),well%20as%20a%20fitness%20facility.",,,24-Jun,474175,54990,China,Shanghai Jin Jiang International Hotels,,,,,,,,,Hotels & tourism,Accommodation,Tourism,Construction,,,,100.300003,YES,New,,,,,,755,
2024,ANPL Energy Storage,,,South Africa,Energy,Energy Storage,2024,2022-2024,Southern Africa,Energy,Low,,ANPL's South Africa Office,Completed,Greenfield,,,,,,9/19/2024,,https://www.anripower.com/article-item-5.html,,,,,https://www.anripower.com/article-item-5.html,https://www.anripower.com/article-item-5.html,,,24-Sep,485145,199376,China,ANPL Energy Storage,,,,,,,,,Electronic components,Batteries,ICT & Electronics,"Sales, Marketing & Support",,,,1.70000005,YES,New,,,,,,756,
2024,Neosun Energy,,,South Africa,Energy,Renewable Energy Solar,2024,2022-2024,Southern Africa,Energy,Low,,Blue Ocean Dive Resort solar power station,Completed,Greenfield,,,,,,Jul-24,,https://neosun.com/cases/blue-ocean/,,,,,https://neosun.com/cases/blue-ocean/,https://neosun.com/cases/blue-ocean/,https://www.energy-box.com/post/neosun-energy-expands-in-south-africa-with-new-solar-installation-project,,24-Sep,479801,194025,Hong Kong,Neosun Energy,,,,,,,,,Electronic components,All other electrical equipment & components,Environmental Technology,"Sales, Marketing & Support",,,,1.70000005,YES,New,,,,,,758,
2024,Yutong Bus,,,Tanzania,Automotive,Automotive - EV,,2022-2024,East Africa,Automotive,Low,,Assembly plant under consideration,Announced,Greenfield,,,,,9/10/2024,,,https://www.ippmedia.com/the-guardian/business/read/vehicle-maker-seeking-to-establish-its-own-assembly-plant-in-tanzania-2024-09-10-152249,,,,https://www.ippmedia.com/the-guardian/business/read/vehicle-maker-seeking-to-establish-its-own-assembly-plant-in-tanzania-2024-09-10-152249,,https://www.ippmedia.com/the-guardian/business/read/vehicle-maker-seeking-to-establish-its-own-assembly-plant-in-tanzania-2024-09-10-152249,https://www.thecitizen.co.tz/tanzania/business/yutong-considers-tanzania-assembly-plant--4756066,,24-Sep,480234,77707,China,Yutong Bus,,,,,,,,,Automotive OEM,Heavy duty trucks,Transport Equipment,Maintenance & Servicing,,,,1.60000002,YES,New,,,,,,761,
2024,China Railway Construction Corporation,,,Algeria,Transportation,Railways,,2022-2024,North Africa,Transportation,Medium,,Deal has commenced but no amount is found for annoucement or completion. It is a joint investment with the algerian government,Commenced,Greenfield,,,,,3/23/2024,,,http://en.sasac.gov.cn/2024/11/14/c_18270.htm,,http://en.sasac.gov.cn/2024/11/14/c_18270.htm,,https://www.youtube.com/watch?v=baYs7fu_Ar4,,http://en.sasac.gov.cn/2024/11/14/c_18270.htm,,,24-Nov,483711,99360,China,China Railway Construction Corporation,,,,,,,,,Non-automotive transport OEM,Railroad rolling stock,Transport Equipment,Manufacturing,,,,60.9000015,YES,New,,,,,,723,
2024,Beijing Automotive Industry Holding,,,Egypt,Automotive,Automotive - EV,,2022-2024,North Africa,Automotive,Medium,,The joint venture deal was announced but with no announced amount and no recent activity to confirm project commencement or completion,Announced,Greenfield,,,,,10/28/2024,,,"https://english.ahram.org.eg/NewsContent/3/14/534261/Business/Markets--Companies/Egyptian-Alkan,-Chinese-BAIC-ink-deal-to-establish.aspx",,,,"https://english.ahram.org.eg/NewsContent/3/14/534261/Business/Markets--Companies/Egyptian-Alkan,-Chinese-BAIC-ink-deal-to-establish.aspx",,https://www.dailynewsegypt.com/2024/10/28/chinas-baic-egypts-alkan-auto-partner-to-establish-ev-factory/,,,24-Oct,482501,60116,China,Beijing Automotive Industry Holding,,,,,,,,,Automotive OEM,Automobiles,Transport Equipment,Manufacturing,,,,54.9000015,YES,New,,,,,,728,
2024,Huawei Technologies,,,Egypt,ICT,ICT Services,,2022-2024,North Africa,ICT,Medium,,Huawei will establish a development centre focused on local industry solutions and products,Announced,Greenfield,,,,,9/8/2024,,,https://en.amwalalghad.com/huawei-to-establish-development-centre-in-egypt/,,,,https://en.amwalalghad.com/huawei-to-establish-development-centre-in-egypt/,,https://en.amwalalghad.com/huawei-to-establish-development-centre-in-egypt/,,,24-Oct,487733,11026,China,Huawei Technologies,,,,,,,,,Communications,Communications equipment,ICT & Electronics,Research & Development,,,,6.5999999,YES,New,,,,,,729,
2024,Hisense,,,Egypt,Industry & Trade/Ser,Manufacturing,,2022-2024,North Africa,Manufacturing,Medium,,There is an announcement to establish a production facility but no amount was cited and no recent activity on the project,Announced,Greenfield,,,,,7/11/2024,,,https://www.zawya.com/en/business/retail-and-consumer/hisense-unveils-strategic-growth-plans-for-mea-u53zwzm8,,,,https://www.zawya.com/en/business/retail-and-consumer/hisense-unveils-strategic-growth-plans-for-mea-u53zwzm8,,https://www.zawya.com/en/business/retail-and-consumer/hisense-unveils-strategic-growth-plans-for-mea-u53zwzm8,,,24-Jul,474986,7896,China,Hisense,,,,,,,,,Consumer electronics,Other (Consumer electronics),Consumer Goods,Manufacturing,,,,65.5999985,YES,New,,,,,,734,
2024,Donfeng Motor,,,Egypt,Automotive,Automotive,,2022-2024,North Africa,Automotive,Medium,,"The project was announced, no amount announced, i could not find recent news on the current status of the project",Announced,Greenfield,,,,,5/17/2024,,,https://www.dongfeng-global.com/news/details/288,,,,https://www.dongfeng-global.com/news/details/288,,https://www.dongfeng-global.com/news/details/288,https://www.marklines.com/en/news/308926,,24-May,473140,25642,China,Donfeng Motor,,,,,,,,,Automotive OEM,Automobiles,Transport Equipment,Manufacturing,,,,54.9000015,YES,New,,,,,,735,
2024,Hongdefa Machinery,,,Kenya,Industry & Trade/Ser,"Agricultural markets, commercialization and agri-business",2024,2022-2024,East Africa,"Agricultural markets, commercialization and agri-business",Medium,,"It is not known what the date of the opening was and the amount of investment, but the company published that an office was opened in Kenya. no announcement source",Completed,Greenfield,,,,,,Oct-24,,https://www.hongdefa.co.za/hongdefa-kenya-office-open-officially-in-oct.2024.html,https://www.hongdefa.co.za/hongdefa-kenya-office-open-officially-in-oct.2024.html,,,,,,,,24-Nov,484977,199327,China,Hongdefa Machinery,,,,,,,,,Industrial equipment,"Agriculture, construction, & mining machinery",Agribusiness,"Sales, Marketing & Support",,,,2.79999995,YES,New,,,,,,740,
2024,Sinoma Roofing,,,Kenya,Industry & Trade/Ser,Material Production and Processing,2024,2022-2024,East Africa,Material Production and Processing,Medium,,"This project has been completed with the published opening of the office in Kenya in June 2024. however, there is no information on the amount of investment",Completed,Greenfield,,,,,,6/19/2024,,https://english.news.cn/20240619/21ca1f136c0e4ad3a29fe903cfd6977f/c.html,,,,,https://en.imsilkroad.com/p/340703.html,https://www.kenyanews.go.ke/roofing-factory-set-up-in-lukenya-machakos/,,,24-Jun,473372,41390,China,China National Building Material Group (CNBM),,,,,,,,,Building materials,"Asphalt paving, roofing, & saturated materials",Construction,Manufacturing,,,,20.8999996,YES,New,,,,,,745,
2024,Sunwoda Electronic,,,Morocco,Energy,Automotive - EV,,2022-2024,North Africa,Energy,Medium,,The sources added indicate that the project has either commenced or completed but no figures ,Commenced,Greenfield,,,,,7/16/2024,,,https://en.sunwoda.com/upload/portal/20240829/3a8de07f7a46712094d28a6426a3aeaf.pdf,,,,"https://www.yicaiglobal.com/news/sunwoda-soars-by-limit-on-usd275-million-plan-to-build-battery-factory-in-vietnam#:~:text=Last%20year%2C%20Sunwoda%27s%20revenue%20from,Sunwoda%20Electronic%2CLithium%20Battery%2CVietnam",,"https://www.energytrend.com/news/20240717-47905.html#:~:text=Sunwoda%20plans%20to%20invest%202,more%20than%202%20billion%20yuan.",,,24-Jul,475819,120220,China,Sunwoda Electronic,,,,,,,,,Electronic components,Batteries,ICT & Electronics,Manufacturing,,,,26.1000004,YES,New,,,,,,749,
2024,Neosun Energy,,,South Africa,Energy,Renewable Energy Solar,2024,2022-2024,Southern Africa,Energy,Medium,,1 MW solar power plant,Completed,Greenfield,,,,,9/25/2024,12/10/2024,,https://neosun.com/wp-content/uploads/2024/12/Press-Release_Neosun-Energy-Ended-1-MW-facility-in-South-Africa.pdf,,,,https://neosun.com/wp-content/uploads/2024/09/Press-Release-NEOSUN_-SA_1MW.pdf,https://neosun.com/wp-content/uploads/2024/12/Press-Release_Neosun-Energy-Ended-1-MW-facility-in-South-Africa.pdf,https://neosun.com/wp-content/uploads/2024/09/Press-Release-NEOSUN_-SA_1MW.pdf,"https://solarquarter.com/2024/12/10/neosun-energy-boosts-renewable-power-in-south-africa-with-the-completion-of-1-mw-commercial-solar-station/#:~:text=Related,entered%20the%20South%20African%20market.",,24-Sep,479794,194025,Hong Kong,Neosun Energy,,,,,,,,,Electronic components,All other electrical equipment & components,Environmental Technology,"Sales, Marketing & Support",,,,1.70000005,YES,New,,,,,,757,
2024,YingKe,,,Tanzania,Other,Other,2024,2022-2024,East Africa,Other,Medium,,New law firm office,Completed,Greenfield,,,,,,7/20/2024,,https://english.news.cn/20240722/0440020e167c488e92a6acba1aeaf357/c.html,,,,,https://english.news.cn/20240722/0440020e167c488e92a6acba1aeaf357/c.html,https://english.news.cn/20240722/0440020e167c488e92a6acba1aeaf357/c.html,https://govt.chinadaily.com.cn/s/202407/22/WS669e12a1498ed2d7b7eb3ba6/chinas-global-one-stop-comprehensive-service-platform-opens-office-in-tanzania.html,,24-Jul,475479,63133,China,YingKe,,,,,,,,,Business services,Legal services,Professional Services,Business Services,,,,27.7999992,YES,New,,,,,,762,
2024,Radisson Blu (Radisson SAS Hotels & Resorts),,,Tunisia,Industry & Trade/Ser,Hospitality and Tourism,2024,2022-2024,North Africa,Hospitality and Tourism,Medium,,"Opening of Radisson Blu Hotel & Convention Center, Tunis",Completed,Greenfield,,,,,,12/6/2024,,https://www.radissonhotels.com/en-us/corporate/media/press-releases/Radisson-Blu-Hotel-Convention-Center-Tunis-debuts-in-the-heart-of-the-city-setting-a-new-standard-for-hospitality-in-Tunisia,,,,,https://www.radissonhotels.com/en-us/corporate/media/press-releases/Radisson-Blu-Hotel-Convention-Center-Tunis-debuts-in-the-heart-of-the-city-setting-a-new-standard-for-hospitality-in-Tunisia,https://www.radissonhotels.com/en-us/corporate/media/press-releases/Radisson-Blu-Hotel-Convention-Center-Tunis-debuts-in-the-heart-of-the-city-setting-a-new-standard-for-hospitality-in-Tunisia,"https://african.business/2024/12/apo-newsfeed/radisson-blu-hotel-convention-center-tunis-debuts-in-the-heart-of-the-city-setting-a-new-standard-for-hospitality-in-tunisia#:~:text=‚ÄúThis%20is%20a%20milestone%20moment,Asia%20Pacific%2C%20Radisson%20Hotel%20Group.",,24-Dec,485765,54990,China,Shanghai Jin Jiang International Hotels,,,,,,,,,Hotels & tourism,Accommodation,Tourism,Construction,,,,100.300003,YES,New,,,,,,763,
2024,Jin Yi Enterprises,,,Zimbabwe,Energy,Non-Renewable Energy Generation,,2022-2024,Southern Africa,Energy,Medium,,300-MW Solar-Coal-Fired Power Plant. granting this a score of medium because i only identified deal status and announced date so i have 2/3 key indicators which leads to a score of medium,Announced,Greenfield,,,,,1/15/2024,,,https://www.zimbabwesituation.com/news/chrome-smelter-to-establish-300mw-power-plant/,,https://www.zimbabwesituation.com/news/chrome-smelter-to-establish-300mw-power-plant/,,https://newsbase.com/story/afrelec-chinese-company-jin-yi-to-build-300-mw-solar-coal-fired-power-plant-in-zimbabwe-308497,,https://newsbase.com/story/afrelec-chinese-company-jin-yi-to-build-300-mw-solar-coal-fired-power-plant-in-zimbabwe-308497,https://www.zimbabwesituation.com/news/chrome-smelter-to-establish-300mw-power-plant/?tztc=1,,24-Jan,460546,190064,China,Jin Yi Enterprises,,,,,,,,,Renewable energy,Solar electric power,Environmental Technology,Electricity,,,,175.699997,YES,New,,,,,,768,
2024,,,40,Egypt,Industry & Trade/Ser,Manufacturing,,2022-2024,North Africa,Manufacturing,Medium,,"RP: Haier was granted a ""Golden License"" from the government in December 2022. I assume this corresponds to an announce date as the license essentially provides Haier the ability to begin their project. Raw data provide very limited information. Most likely the investment made by Haier. According to China.org, ""Haier held a groundbreaking ceremony for the second phase of its industrial park in the 10th of Ramadan city, northeast of Cairo. This phase, with an investment of approximately 40 million U.S. dollars, will primarily produce refrigerators and freezers."" Related to Deal ID 13 (phase 1). ",Commenced,Greenfield,40,,,,12/1/2024,,Haier,http://www.china.org.cn/world/Off_the_Wire/2024-09/27/content_117452903.htm,http://www.china.org.cn/world/Off_the_Wire/2024-09/27/content_117452903.htm,,,https://www.egypt-business.com/web/details/2439-haier-launches-its-industrial-complex-2nd-phase-in-egypts-10th-of-ramadan/434176,,http://www.china.org.cn/world/Off_the_Wire/2024-09/27/content_117452903.htm https://www.haier.com/global/press-events/news/20240506_237727.shtml,,,23-Jul,446192,184361,China,,,,,,,,,,Textiles,Clothing & clothing accessories,"Wood, Apparel & Related Products",Manufacturing,,333,YES,40,NO,New,,,,,,94,
2024,Powerway PV,,,South Africa,Energy,Renewable Energy Solar,,2022-2024,Southern Africa,Energy,Medium,,"Joint venture between Powerway (chinese) and Sungrow to build a manufacturing facility for solar renewable energy in Port Elisabeth SA. Announced in March 2014, it was planned that the facility would be operational by the end of 2014. No new information since then makes me unsure about the status of this project. Cannot locate deal amount. PK 11/18/24 Changing status to medium as we have announced date and status. However, given that no news have come up in 10 years whether the facility was completed, it is unknown if this project came to fruition.",Announced,Greenfield,,,,,3/14/2024,,Powerway PV SA,https://www.energytrend.com/news/20140314-6361.html https://en.igihe.com/business/solar-inverter-plant-to-be-built-in-south-africa ,,,,https://www.energytrend.com/news/20140314-6361.html https://en.igihe.com/business/solar-inverter-plant-to-be-built-in-south-africa ,,https://www.energytrend.com/news/20140314-6361.html,,,14-Mar,Powerway PVSouth AfricaElectronic Components242119.4,,China,Powerway Renewable Energy,Guangdong,,Foshan,Eastern Cape,Not Specified,Port Elizabeth,,,Electronic Components,All other electrical equipment & components,Environmental Technology,Manufacturing,,242,Yes,119.4,Yes,New,,,,,,236,
2024,China Mobile International (CMI),,,"Congo, Republic of the",ICT,ICT Infrastructure,2024,2022-2024,Central Africa,ICT,Medium,,"Update: Announcement date could not be found.

This project is something that involves the whole continent, not just the Republic of Congo. Could not find much specific information in Congo but there is an article that reports the activation of the 2Africa cable connection in the country on February 28, 2024, implying completion for this section of the project. Renamed from Republic of the Congo to Congo, Republic of the",Completed,Greenfield,,,,,,2/28/2024,China Mobile International,https://www.datacenterdynamics.com/en/news/republic-of-congo-launches-data-center-in-pointe-noire-for-2africa-cable/,,,,,https://www.datacenterdynamics.com/en/news/republic-of-congo-launches-data-center-in-pointe-noire-for-2africa-cable/,https://www.datacenterdynamics.com/en/news/republic-of-congo-launches-data-center-in-pointe-noire-for-2africa-cable/,,,20-May,"China Mobile International (CMI)Congo, Republic of theCommunications7294.4",,China,China Mobile Communications,Beijing Municipality,Not Specified,Beijing,Not Specified,Not Specified,Not Specified,,,Communications,Wired telecommunication carriers,ICT & Electronics,ICT & Internet Infrastructure,,72,Yes,94.4,Yes,New,Announced,,"Europe, Africa and the Middle East","Vodafone Group, Orange (France Telecom), Meta (Facebook), Saudi Telecom Company (STC), China Mobile International (CMI), Telecom Egypt, West Indian Ocean Cable Company (WIOCC), MTN GlobalConnect",https://www.businesswire.com/news/home/20200514005389/en/2Africa-Transformative-Subsea-Cable-Future-Internet-Connectivity,287,
2024,Seraphim Solar System,,,South Africa,Industry & Trade/Ser,Renewable Energy Component Manufacturing,,2022-2024,Southern Africa,Renewable Energy Component Manufacturing,Medium,,"According to the initial article from Seraphim, the cell factory was inaugurated in December of 2018. However, several sources from the same date writes that Seraphim only are planning to open a new cell plant. PV Tech writes: ""The cell plant in the Coega Industrial Development Zone of Port Elizabeth is slated to begin production in Q3 of 2019."" From this information it looks like as of December 2018 the plant was in its final step before it's fully operational. No info on amount.",Announced,Greenfield,,,,,12/6/2024,,Seraphim,https://www.seraphim-energy.com/pv-talk-jun-zhuge-executive-vice-president-seraphim-solar/  https://www.seraphim-energy.com/seraphim-plans-to-open-african-first-500-mw-pv-cell-plant/ ,,,,https://www.pv-tech.org/seraphim-to-open-500mw-cell-production-capacity-in-south-africa/,,,https://www.seraphim-energy.com/seraphim-plans-to-open-african-first-500-mw-pv-cell-plant/ https://www.power-technology.com/news/seraphim-south-african-solar-cell-plant/,,18-Dec,Seraphim Solar SystemSouth AfricaElectronic components13616.8,,China,Seraphim Solar System,Jiangsu,Not Specified,Changzhou,Eastern Cape,Not Specified,Port Elizabeth,Coega Industrial Development Zone,,Electronic components,All other electrical equipment & components,Environmental Technology,Manufacturing,,136,Yes,16.8,Yes,New,Announced,,Global,"Industrial Development Corporation of South Africa, Seraphim Solar System",https://www.seraphim-energy.com/seraphim-plans-to-open-african-first-500-mw-pv-cell-plant/,463,
2024,Suntech Power Holdings,,,South Africa,Energy,Renewable Energy Solar,2014,2022-2024,Southern Africa,Energy,Medium,,"Filled in announcement date with completion date given this is an establihsment of a local subsidiary with no physicla construction. July 29, 2014, Suntech established a subsidiary in SA, Suntech Power South Africa. Investment abount is not publicly disclosed, nor listed in company's annual report.",Completed,Greenfield,,,,,7/29/2024,7/29/2014,Suntech,https://pes.eu.com/press-releases/suntech-establishes-subsidiary-to-serve-south-african-market/,,,,https://pes.eu.com/press-releases/suntech-establishes-subsidiary-to-serve-south-african-market/,https://pes.eu.com/press-releases/suntech-establishes-subsidiary-to-serve-south-african-market/,,,,14-Jul,Suntech Power HoldingsSouth AfricaElectronic Components112.9,,China,Suntech Power Holdings,Jiangsu,,Wuxi,Not Specified,Not Specified,Not Specified,,,Electronic Components,All other electrical equipment & components,Environmental Technology,"Sales, Marketing & Support",,11,Yes,2.9,Yes,New,,"""Suntech is poised to quickly expand our presence in the South African market,"" said Suntech chief executive officer Eric Luo. ""Given the country's dedication to growing renewable energies, Suntech is exploring the potential of locating manufacturing, assembly and warehousing facilities as well as offering after-sales services in the market. This would enable Suntech to quickly supply a greater volume of PV modules to meet growing demands and serve as a gateway to additional markets in the region.""",,,,627,
2023,China Energy Engineering,,"6,750.00",Egypt,Energy,Renewable Energy Hydro,,2022-2024,North Africa,Energy,Duplicate,50,"[11/8/2024] DM, confirmed by VBA, said that this is a duplicate of Deal ID 50. Changing confidence status to ""Duplicate"".",Announced,Greenfield,6750,,,,10/17/2023,,,https://renewablesnow.com/news/china-energy-to-launch-usd-5bn-green-h2-project-in-egypt-in-may-817270/#:~:text=China%20Energy%20is%20planning%20to%20begin%20the%20implementation%20of%20a https://renewablesnow.com/news/egypt-inks-seven-more-pacts-for-green-fuel-production-807565/,https://www.agbi.com/energy/2023/10/suez-canal-economic-zone-green-energy-deals/ https://ipfonline.com/news/detail/powergenerationenergyconservationproducts/egypt-signs-675-bn-green-hydrogen-and-ammonia-plant-deal-with-energy-china/14727,,,https://www.agbi.com/energy/2023/10/suez-canal-economic-zone-green-energy-deals/ https://ipfonline.com/news/detail/powergenerationenergyconservationproducts/egypt-signs-675-bn-green-hydrogen-and-ammonia-plant-deal-with-energy-china/14727,,https://renewablesnow.com/news/china-energy-to-launch-usd-5bn-green-h2-project-in-egypt-in-may-817270/#:~:text=China%20Energy%20is%20planning%20to%20begin%20the%20implementation%20of%20a https://renewablesnow.com/news/egypt-inks-seven-more-pacts-for-green-fuel-production-807565/,,,23-Mar,436619,114916,China,China Energy Engineering,,,,,,,,,Renewable energy,Other electric power generation (Renewable Energy),Environmental Technology,Manufacturing,,2000,NO,"6,750.00",NO,New,,,,,,61,
2023,,,25,Egypt,Industry & Trade/Ser,Manufacturing,2023,2022-2024,North Africa,Manufacturing,High,,"PK: Did not find announced date.  Midea Group inaugurated its dishwasher production line in China‚Äôs TEDA industrial zone in Ain Sokhna, the Suez Canal Economic Zone (SCZone) on August 8, 2023. Construction began in 2021. Trail operations for the dishwasher production line commenced March 2022, with an investment cost of $25 million. According the SCZONE facebook post (2023), 'the company invested $137 million in paid-up capital and secured a ‚Äúgolden license‚Äù in July 2022, valued at $110 million for dishwasher products. Related to Deal ID 19",Completed,Greenfield,,25,,,,8/8/2023,Midea Company,https://sczone.eg/sczone-chairman-witnessed-the-launching-of-the-new-dishwasher-production-line-in-midea-egypt/ https://sczone.eg/sczone-chairman-witnessed-the-launching-of-the-new-dishwasher-production-line-in-midea-egypt/ https://sczone.eg/sczone-delegation-visits-midea-company-in-guangzhou/ ,,https://sczone.eg/sczone-chairman-witnessed-the-launching-of-the-new-dishwasher-production-line-in-midea-egypt/ ,,,https://sczone.eg/sczone-chairman-witnessed-the-launching-of-the-new-dishwasher-production-line-in-midea-egypt/ ,https://sczone.eg/sczone-chairman-witnessed-the-launching-of-the-new-dishwasher-production-line-in-midea-egypt/ https://sczone.eg/sczone-chairman-witnessed-the-launching-of-the-new-dishwasher-production-line-in-midea-egypt/ https://sczone.eg/sczone-delegation-visits-midea-company-in-guangzhou/ ,https://sczone.eg/sczone-delegation-meets-the-china-africa-development-fund/ (see last paragraph; not sure if it's relevant) https://www.midea-group.com/content/dam/mideaco-aem/investors/financial-reports/MideaGroup-Annual-Report-2022-April-2023.pdf,,23-Mar,447930,24762,China,Midea Group,,,,,,,,,Consumer electronics,Household appliances,Consumer Goods,Manufacturing,,270,NO,25,NO,New,,,,,,18,
2023,,,16,South Africa,Industry & Trade/Ser,Manufacturing,,2022-2024,Southern Africa,Manufacturing,High,,"SANY Group started construction of a new headquarters in SA in November 2023. The groundbreaking ceremnoy was held on November 15. Total investment of R300-m / $16-m. The company specializes in manufacturing of mining equipment, machinery, and energy services. ",Commenced,Greenfield,16,,,,11/15/2023,,Sany Group,https://sanysouthafrica.com/sany-southern-africa-breaks-new-ground-with-r300-million-headquarters-mega-project/,https://investinchina.chinadaily.com.cn/s/202311/23/WS655f1526498ed2d7b7ea0cd8/sany-group-breaks-ground-on-headquarters-development-in-south-africa.html,,,https://sanysouthafrica.com/sany-southern-africa-breaks-new-ground-with-r300-million-headquarters-mega-project/,,,,,23-Nov,455998,27109,China,,,,,,,,,,Industrial equipment,"Agriculture, construction, & mining machinery",Construction,Headquarters,,69,YES,16,NO,Expansion,,,,,,20,
2023,,,60,Egypt,Industry & Trade/Ser,Textiles,,2022-2024,North Africa,Textiles,High,,"Raw Data provides no Investor company. Based on research, it most likely is Cady Textile Company which started construction of a clothing and textile factory in the TEDA-Egypt zone within the Sez Canal Economic Zone (SCZone) on Aug 27, 2023. The first phase is expected to be completed by 2024. There are three phases and encompasses 6 buldings. Total investment is expected at $60 million. The first phase is expected to be completed before the end of 2024 (SCZONE, 2023). Basing date of annoucement from date of publication from SCZONE (Aug 28, 2023).",Commenced,Greenfield,60,,,,8/27/2023,,Zhejiang Cady Industrial Company,https://sczone.eg/sczone-celebrates-laying-the-foundation-stone-for-the-chinese-cady-egypt-with-60-million-investments/,https://sczone.eg/sczone-celebrates-laying-the-foundation-stone-for-the-chinese-cady-egypt-with-60-million-investments/,,,https://sczone.eg/sczone-celebrates-laying-the-foundation-stone-for-the-chinese-cady-egypt-with-60-million-investments/,,https://sczone.eg/sczone-celebrates-laying-the-foundation-stone-for-the-chinese-cady-egypt-with-60-million-investments/,,,23-Aug,449621,31120,China,,,,,,,,,,Textiles,Textiles & Textile Mills,"Wood, Apparel & Related Products",Manufacturing,,500,YES,60,NO,New,,,,,,21,
2023,TouchRoad Group,,"1,000.00",Djibouti,ICT,Aerospace and Space Technology,,2022-2024,East Africa,ICT,High,,"Update: Changed the subsector to Aviation accordingly based on Nafisat's review. Did not change sector to industry as aviation belongs under transportation not industry.
On January 9, 2023, an MOU was signed between China's Touchroad International Holdings Group, Hong Kong's Aerospace Technology Group, and the Djibouti government, to construct a space port with 7 satellite launch pads and 3 rocket testing pads, along with various infrastructural developments. The project was announced to cost $1 billion and is expected to take 5 years.",Announced,Greenfield,1000,,,,1/9/2023,,Hong Kong Aerospace Technology Group Limited ,https://research.hktdc.com/en/article/MTI4NDg3NjU1Nw,https://research.hktdc.com/en/article/MTI4NDg3NjU1Nw,,,https://research.hktdc.com/en/article/MTI4NDg3NjU1Nw,,https://fmso.tradoc.army.mil/2023/hong-kong-firm-to-develop-satellite-and-rocket-launch-site-in-djibouti/,,,23-Jan,452102,32859,China,TouchRoad Group,,,,,,,,,Real estate,Industrial building construction,Transportation & Warehousing,Construction,,617,YES,634.7,YES,New,,,,,,22,
2023,Xinxing Ductile Iron Pipes,,145,Egypt,Industry & Trade/Ser,Manufacturing,,2022-2024,North Africa,Manufacturing,High,,"In the SCZONE, a Chinese industrial developer (TEDA-Egypt) aims to expand their zone which now has total investments exceeding 2bn. This is most likely how FDI marked picked up the 2bn. The actual project going on here is the plant to produce 250k tons of Ductile iron pipes for wastewater supply lines. Investment is estimated to be 145m (for phase 1). Marked as manufacturing because although it is for water supply, the aim is to produce for export (80%) to foreign markets. The article talks about three investment projects totaling 755m. This project is one of those. Then there is a glass project contributing 500m and a bromine project contributing 110m.",Announced,Greenfield,145,,,,3/23/2023,,Xinxing Ductile Iron Pipes,https://sczone.eg/the-egyptian-prime-minister-witnessed-the-signing-ceremony-of-4-new-agreements-for-chinese-investments-within-sczone/ https://www.reuters.com/markets/commodities/chinas-xinxing-invest-2-bln-suez-canal-economic-zone-egyptian-cabinet-2023-03-23/ http://en.sasac.gov.cn/2024/09/24/c_17879.htm https://invest.teda.gov.cn/contents/1490/65480.html https://en.imsilkroad.com/p/339600.html,https://sczone.eg/the-egyptian-prime-minister-witnessed-the-signing-ceremony-of-4-new-agreements-for-chinese-investments-within-sczone/,,,https://sczone.eg/the-egyptian-prime-minister-witnessed-the-signing-ceremony-of-4-new-agreements-for-chinese-investments-within-sczone/ https://www.reuters.com/markets/commodities/chinas-xinxing-invest-2-bln-suez-canal-economic-zone-egyptian-cabinet-2023-03-23/ http://en.sasac.gov.cn/2024/09/24/c_17879.htm https://invest.teda.gov.cn/contents/1490/65480.html https://en.imsilkroad.com/p/339600.html,,https://sczone.eg/the-egyptian-prime-minister-witnessed-the-signing-ceremony-of-4-new-agreements-for-chinese-investments-within-sczone/ https://www.reuters.com/markets/commodities/chinas-xinxing-invest-2-bln-suez-canal-economic-zone-egyptian-cabinet-2023-03-23/ http://en.sasac.gov.cn/2024/09/24/c_17879.htm https://invest.teda.gov.cn/contents/1490/65480.html https://en.imsilkroad.com/p/339600.html,https://sczone.eg/the-egyptian-prime-minister-witnessed-the-signing-ceremony-of-4-new-agreements-for-chinese-investments-within-sczone/ https://www.egypttoday.com/Article/3/128287/SCZONE-China-agree-on-11-projects-with-15-6B-investments https://www.xinxing-pipes.com/en/index.html,,23-Mar,437759,36765,China,Xinxing Ductile Iron Pipes,,,,,,,,,Metals,Iron & steel mills & ferroalloy,Physical Sciences,Manufacturing,,2100,NO,"2,000.00",NO,New,,,,,,33,
2023,Jiangxi Ganfeng Lithium Industry,,250,Nigeria,Industry & Trade/Ser,Material Production and Processing,,2022-2024,West Africa,Material Production and Processing,High,,Plant construction for the project has started but no information on how much has been invested so far. ,Commenced,Greenfield,250,,N,,10/13/2023,,Ganfeng Lithium,https://mugglehead.com/ganfeng-lithum-starts-construction-of-us250m-lithium-processing-plant-in-nigeria/,https://mugglehead.com/ganfeng-lithum-starts-construction-of-us250m-lithium-processing-plant-in-nigeria/,,,https://mugglehead.com/ganfeng-lithum-starts-construction-of-us250m-lithium-processing-plant-in-nigeria/,,https://www.thisdaylive.com/index.php/2023/10/13/tinubu-inaugurates-250m-lithium-factory-in-nasarawa/,,,23-Oct,452798,53370,China,Jiangxi Ganfeng Lithium Industry,,,,,,,,,Chemicals,Basic chemicals,Physical Sciences,Manufacturing,,348,YES,250,NO,New,,,,,,41,
2023,,,12.06,Egypt,Industry & Trade/Ser,Manufacturing,2024,2022-2024,North Africa,Manufacturing,High,,"PK: Filled in announcement date as August, 2023 given the original article notes that it took 8 months to implement. According to SCZONE, China State Construction Engineering Corporation (CSCEC Group) had an opening ceremony for its steel factory. Total investments was 87.4 million RMB (conversion of 12.06 million according to news sources). The project was implemented in 8 month. Publication of the article is April 25, 2024. Using as date of completion",Completed,Greenfield,,12.06,,,8/1/2023,4/25/2024,China State Construction Engineering Corporation (CSCEC Group),https://sczone.eg/sczone-witnesses-the-opening-ceremony-of-the-cscec-steel-structure-manufacturing-plant-with-investments-of-87-4-million-rmb/,,https://sczone.eg/sczone-witnesses-the-opening-ceremony-of-the-cscec-steel-structure-manufacturing-plant-with-investments-of-87-4-million-rmb/ https://english.mubasher.info/news/4280093/China-s-CSCEC-opens-steel-structures-factory-in-Egypt/,,https://sczone.eg/sczone-witnesses-the-opening-ceremony-of-the-cscec-steel-structure-manufacturing-plant-with-investments-of-87-4-million-rmb/,https://sczone.eg/sczone-witnesses-the-opening-ceremony-of-the-cscec-steel-structure-manufacturing-plant-with-investments-of-87-4-million-rmb/,https://sczone.eg/sczone-witnesses-the-opening-ceremony-of-the-cscec-steel-structure-manufacturing-plant-with-investments-of-87-4-million-rmb/,,,22-Mar,408394,55496,China,China State Construction Engineering (CSCEC),,,,,,,,,Metals,Architectural & structured metals,Industrial,Manufacturing,,364,YES,73.3,YES,New,,,,,,46,
2023,Qingdao Sentury Tire,,322.77,Morocco,Automotive,Automotive,,2022-2024,North Africa,Automotive,High,,High - Chinese media (163) along with several western media suggest construction broke ground in October 2023 and that it is almost complete as of June 2024. Project has a total investment of 490m% in two phases. Completed amount comes from the italian source and was converted: 297 EUR-Euroland [Euro / ‚Ç¨]=322.72 USD-United States [US dollar / $]        ,Commenced,Greenfield,490,322.77,,,8/4/2023,,Sentury Tire Co.,https://www.163.com/dy/article/J3PFO46T0514CRMA.html https://en.imsilkroad.com/p/335440.html https://www.barlamantoday.com/2024/09/07/akhannouch-explores-economic-cooperation-with-top-chinese-officials-and-businesses/,https://www.163.com/dy/article/J3PFO46T0514CRMA.html,https://www.lagduf.it/news/2024/4/16/sentury-advances-second-phase-of-moroccan-tire-plant,,https://www.163.com/dy/article/J3PFO46T0514CRMA.html,,https://www.163.com/dy/article/J3PFO46T0514CRMA.html,,,22-Dec,430815,99457,China,Qingdao Sentury Tire,,,,,,,,,Rubber,Tyres,Transport Equipment,Manufacturing,,1951,YES,296.8,NO,New,,,,,,57,
2023,,,21.3,Egypt,Industry & Trade/Ser,Textiles,,2022-2024,North Africa,Textiles,High,,"Raw data provide very limited data. From research, this is likely Indochine Holdings Pty Ltd. The company signed a letter of interest (LOI) with Waleid Gamal El-Dien, chairman of the Suez Canal Economic Zone (SCZone) that seeks to establish a new factory in in West Qantara Industrial Zone with a total investment of approximatey $21.3 million. Basing date of announcement from this source (SIS, 2023; SCZONE, 2023). ",Announced,Greenfield,21.3,,,,10/15/2023,,Shanghai Shengda Company,https://www.sis.gov.eg/Story/187338/SCZone-Signs-New-Textile-Projects-with-Investments-Exceeding-%24100m-in-West-Qantara?lang=en-us https://www.sis.gov.eg/Story/187338/SCZone-Signs-New-Textile-Projects-with-Investments-Exceeding-%24100m-in-West-Qantara?lang=en-us https://sczone.eg/sczone-signs-new-textile-projects-with-investments-exceeding-100-million-in-west-qantara-industrial-zone/,https://www.sis.gov.eg/Story/187338/SCZone-Signs-New-Textile-Projects-with-Investments-Exceeding-%24100m-in-West-Qantara?lang=en-us https://www.sis.gov.eg/Story/187338/SCZone-Signs-New-Textile-Projects-with-Investments-Exceeding-%24100m-in-West-Qantara?lang=en-us https://sczone.eg/sczone-signs-new-textile-projects-with-investments-exceeding-100-million-in-west-qantara-industrial-zone/,,,https://www.sis.gov.eg/Story/187338/SCZone-Signs-New-Textile-Projects-with-Investments-Exceeding-%24100m-in-West-Qantara?lang=en-us https://www.sis.gov.eg/Story/187338/SCZone-Signs-New-Textile-Projects-with-Investments-Exceeding-%24100m-in-West-Qantara?lang=en-us https://sczone.eg/sczone-signs-new-textile-projects-with-investments-exceeding-100-million-in-west-qantara-industrial-zone/,,https://www.sis.gov.eg/Story/187338/SCZone-Signs-New-Textile-Projects-with-Investments-Exceeding-%24100m-in-West-Qantara?lang=en-us https://www.sis.gov.eg/Story/187338/SCZone-Signs-New-Textile-Projects-with-Investments-Exceeding-%24100m-in-West-Qantara?lang=en-us https://sczone.eg/sczone-signs-new-textile-projects-with-investments-exceeding-100-million-in-west-qantara-industrial-zone/,,,23-Oct,453398,111654,China,,,,,,,,,,Textiles,Clothing & clothing accessories,"Wood, Apparel & Related Products",Manufacturing,,178,YES,21.3,NO,New,,,,,,60,
2023,,,96.4,Namibia,Energy,Renewable Energy Wind,,2022-2024,Southern Africa,Energy,High,,"A Namibian-Chinese joint venture was formed to develop a 50 MW wind power plant in Luderitz, Namibia. The signing ceremony took place on April 17, 2023 and while there seems to not be any evidence of commencement, it is predicted that the project will be completed by July 2025. China's exact stake in this project is unknown.",Announced,Greenfield,96.4,,,,4/17/2023,,Energy China,https://english.news.cn/20230418/39c74571e4e0496bacbf2532914a9a6b/c.html,https://english.news.cn/20230418/39c74571e4e0496bacbf2532914a9a6b/c.html,,,https://english.news.cn/20230418/39c74571e4e0496bacbf2532914a9a6b/c.html,,https://english.news.cn/20230418/39c74571e4e0496bacbf2532914a9a6b/c.html,,,23-Apr,441100,114916,China,China Energy Engineering,,,,,,,,,Renewable energy,Wind electric power,Environmental Technology,Electricity,,29,YES,96.4,NO,New,,,,,,62,
2023,Guangzhou Tinci Materials Technology,,280,Morocco,Automotive,Automotive - EV,,2022-2024,North Africa,Automotive,High,,High - Tianci Materials (Investor) announced this overseas investment in Morocco in a financial filing (VIP.STOCK SINA). Industry here is technically both electric vehicle and energy storage however since the article mentions EV first then I went with automotive.,Announced,Greenfield,280,,,,6/26/2023,,ÂπøÂ∑ûÂ§©ËµêÈ´òÊñ∞ÊùêÊñôËÇ°‰ªΩÊúâÈôêÂÖ¨Âè∏,https://vip.stock.finance.sina.com.cn/corp/view/vCB_AllBulletinDetail.php?gather=1&id=9314731,https://vip.stock.finance.sina.com.cn/corp/view/vCB_AllBulletinDetail.php?gather=1&id=9314731,,,https://vip.stock.finance.sina.com.cn/corp/view/vCB_AllBulletinDetail.php?gather=1&id=9314731,,,,,23-Jun,445093,168560,China,Guangzhou Tinci Materials Technology,,,,,,,,,Chemicals,Basic chemicals,ICT & Electronics,Manufacturing,,389,YES,280,NO,New,,,,,,82,
2023,CNGR Advanced Material,,"1,000.60",Morocco,Automotive,Automotive - EV,,2022-2024,North Africa,Automotive,High,,"High - this is a cathode manufacturing project for EV batteries. sub-sector should be EV. this project has been officially announced in the company website. The project value is 2bn$ via a joint venture (currently attributing the full amount to China given some of the language in the articles, however, the split is unknown)",Announced,Greenfield,1000.6,,Y,50.03,9/19/2023,,CNGR,https://www.cngrgf.com.cn/en-US/gsxw/1158.html,https://wap.asianmetal.com/news/viewNews.am?nId=1985304,,https://wap.asianmetal.com/news/viewNews.am?nId=1985304,https://www.bloomberg.com/news/articles/2023-09-19/cngr-al-mada-plan-2-billion-battery-parts-venture-in-morocco,,https://www.bloomberg.com/news/articles/2023-09-19/cngr-al-mada-plan-2-billion-battery-parts-venture-in-morocco,https://wap.asianmetal.com/news/viewNews.am?nId=1985304,,23-Sep,451515,172293,China,Hunan Zhongwei Holding Group (Hunan CNGR Holding Group),,,,,,,,,Metals,Nonferrous metal production & processing,ICT & Electronics,Manufacturing,,450,YES,103.3,YES,New,,,,,,84,
2023,Shandong Tianyi Chemical,,110,Egypt,Industry & Trade/Ser,Manufacturing,,2022-2024,North Africa,Manufacturing,High,,"On October 18, 2023, there was the signing of three tripartite framework agreements (including Deal ID: 33  and one with China Glass--- see Lead tab). A framework agreement was signed in order to establish an industrial complex for bromine and deep processing in Egypt (SCZONE, 2023). Investments are said to amount to $110 million. There was also a signing ceremony of a land usufruct contract on Sep 8, 2024 on the sidelies of FOCAC (SCZONE, 2024).",Announced,Greenfield,110,,,,10/18/2023,,Shandong Tianyi Holding Group,https://sczone.eg/the-egyptian-prime-minister-witnessed-the-signing-ceremony-of-4-new-agreements-for-chinese-investments-within-sczone/ https://sczone.eg/sczone-signs-new-contracts-for-6-chinese-projects-with-total-investments-exceeding-1-067-billion-with-total-investments-of-110-million-sczone-signed-the-contract-of-the-first-bromine-production/,https://sczone.eg/the-egyptian-prime-minister-witnessed-the-signing-ceremony-of-4-new-agreements-for-chinese-investments-within-sczone/ https://sczone.eg/sczone-signs-new-contracts-for-6-chinese-projects-with-total-investments-exceeding-1-067-billion-with-total-investments-of-110-million-sczone-signed-the-contract-of-the-first-bromine-production/,,,https://sczone.eg/the-egyptian-prime-minister-witnessed-the-signing-ceremony-of-4-new-agreements-for-chinese-investments-within-sczone/ https://sczone.eg/sczone-signs-new-contracts-for-6-chinese-projects-with-total-investments-exceeding-1-067-billion-with-total-investments-of-110-million-sczone-signed-the-contract-of-the-first-bromine-production/,,https://sczone.eg/the-egyptian-prime-minister-witnessed-the-signing-ceremony-of-4-new-agreements-for-chinese-investments-within-sczone/ https://sczone.eg/sczone-signs-new-contracts-for-6-chinese-projects-with-total-investments-exceeding-1-067-billion-with-total-investments-of-110-million-sczone-signed-the-contract-of-the-first-bromine-production/,,,22-Sep,423373,175732,China,Shandong Tianyi Chemical,,,,,,,,,Chemicals,Basic chemicals,Physical Sciences,Manufacturing,,383,YES,583.3,YES,New,,,,,,87,
2023,,,60,Kenya,Health,Health Facilities and Construction,,2022-2024,East Africa,Health,High,,"High because have deal status, announced amount, announced date. IFC reported on June 28 2023 that the project will be carried out by Zhende in two phases  to establish a medical supply manufacturing base(consists of two senior loans up to US$70 million,) with the first phase valued at USD 60 million. Phase I would be for surgical products and Phase II would be for wound care products.",Announced,Greenfield,60,,,,6/28/2023,,Zhende Limited,https://www.businessdailyafrica.com/bd/economy/chinese-medical-manufacturer-plans-sh9-84bn-plant-in-kenya--4292212,https://www.businessdailyafrica.com/bd/economy/chinese-medical-manufacturer-plans-sh9-84bn-plant-in-kenya--4292212,,,https://disclosures.ifc.org/project-detail/ESRS/46787/zhende-kenya,,https://www.businessdailyafrica.com/bd/economy/chinese-medical-manufacturer-plans-sh9-84bn-plant-in-kenya--4292212,,,23-Jun,445306,183974,China,,,,,,,,,,Medical devices,Medical equipment & supplies,Life sciences,Manufacturing,,700,NO,60,NO,New,,,,,,92,
2023,West China Cement,,"1,200.00",Uganda,Industry & Trade/Ser,Material Production and Processing,,2022-2024,East Africa,Material Production and Processing,High,,"High because has deal status, announced amount and announced date. According to Global Cement on September 12, 2023, a joint venture of Sunbird Quarry Moroto and China-based West International Holding Cement had begun building its upcoming Moroto cement plant at a cost of 1.2billion USD.",Commenced,Greenfield,"1,200",,,,9/12/2023,,West International Holding Cement,https://www.globalcement.com/news/item/16286-sunbird-quarry-moroto-and-west-international-holding-cement-break-ground-on-us-1-2bn-moroto-cement-plant,https://www.globalcement.com/news/item/16286-sunbird-quarry-moroto-and-west-international-holding-cement-break-ground-on-us-1-2bn-moroto-cement-plant,,,https://www.globalcement.com/news/item/16286-sunbird-quarry-moroto-and-west-international-holding-cement-break-ground-on-us-1-2bn-moroto-cement-plant,,https://www.globalcement.com/news/item/16286-sunbird-quarry-moroto-and-west-international-holding-cement-break-ground-on-us-1-2bn-moroto-cement-plant,https://www.newvision.co.ug/category/news/new-moroto-cement-factory-to-create-3600-jobs-NV_181845 ; https://www.monitor.co.ug/uganda/news/national/moroto-cement-factory-under-fire-over-poor-worker-conditions-4662512,"Moroto, Uganda",23-Sep,462714,184961,China,West China Cement,,,,,,,,,Building materials,Cement & concrete products,Construction,Manufacturing,,2871,YES,"1,200.00",NO,New,,,,,,97,
2023,Mozambique Dugongo Cimentos,,200,Mozambique,Industry & Trade/Ser,Material Production and Processing,,2022-2024,Southern Africa,Material Production and Processing,High,,"On August 9, 2023, Dugongo Cimentos, jointly owned by China and Mozambique, announced that they will invest $200 in a second cement plant. The construction is expected to take 18 months, and according to the pictures in the article, it seems like a groundbreaking ceremony already took place so i denoted the deal status as commenced.",Commenced,Greenfield,200,,,,8/9/2023,,West China Cement Limited (WCC),https://clubofmozambique.com/news/mozambique-dugongo-invests-200m-in-second-cement-plant-photos-242933/,https://clubofmozambique.com/news/mozambique-dugongo-invests-200m-in-second-cement-plant-photos-242933/,,,https://clubofmozambique.com/news/mozambique-dugongo-invests-200m-in-second-cement-plant-photos-242933/,,https://clubofmozambique.com/news/mozambique-dugongo-invests-200m-in-second-cement-plant-photos-242933/,https://www.clbrief.com/chinas-wcc-mozambique-dugongo-cimentos-to-invest-usd-200-million-in-new-factory/,,23-Aug,462427,184961,China,West China Cement,,,,,,,,,Building materials,Cement & concrete products,Construction,Manufacturing,,600,NO,200,NO,New,,,,,,98,
2023,,,50,Rwanda,Industry & Trade/Ser,Material Production and Processing,2023,2022-2024,East Africa,Material Production and Processing,High,,"PK: Cannot find announced date. However, worth noting that the subsidiary that built and invested in the factory was establihsed in May, 2021 (see general sources). Could be relevant. Construction of the plant has comment",Completed,Greenfield,,50,N,,,8/4/2023,West China Cement,http://www.focac.org/eng/zfgx_4/jmhz/202308/t20230804_11122261.htm,,https://english.news.cn/africa/20230804/e37e251d97bc4815b3d77333ba6cfa9a/c.html,,,http://www.focac.org/eng/zfgx_4/jmhz/202308/t20230804_11122261.htm,https://www.cemnet.com/News/story/175328/rwanda-commissions-new-cement-plant.html,"https://www.anjiarwanda.com/About#:~:text=Anjia%20Prefabricated%20Construction%20Rwanda%20Co,in%20Muhanga%20Industrial%20Park%2C%20Rwanda.",,23-Aug,447666,184961,China,West China Cement,,,,,,,,,Building materials,Cement & concrete products,Construction,Manufacturing,,205,NO,50,NO,New,,,,,,99,
2023,,,70,Egypt,Industry & Trade/Ser,Textiles,,2022-2024,North Africa,Textiles,High,,"Raw data provides very limited data. This is likley an investment by Hengsheng Dying Zhejiang Company. The company signed an Usufruct agreement regarding the establishment of a dyeing, processing, and textile manufacturing project in the West Qantara Industrial Zone with a total investment of $70 million. Basing date announced on date of publication of source (SIS, 2023). The project will be constructed in two phases and the groundbreaking ceremony was held some time in September (China TexNet, 2024). Changing status form ""announced"" to ""Commenced""",Commenced,Greenfield,70,,,,10/15/2023,,Zhejiang Hengsheng,https://www.chinatexnet.com/textile-news/2024-09-12/999607.html https://www.sis.gov.eg/Story/187338/SCZone-Signs-New-Textile-Projects-with-Investments-Exceeding-%24100m-in-West-Qantara?lang=en-us,https://www.chinatexnet.com/textile-news/2024-09-12/999607.html https://www.sis.gov.eg/Story/187338/SCZone-Signs-New-Textile-Projects-with-Investments-Exceeding-%24100m-in-West-Qantara?lang=en-us https://sczone.eg/sczone-signs-new-textile-projects-with-investments-exceeding-100-million-in-west-qantara-industrial-zone/,,,https://www.sis.gov.eg/Story/187338/SCZone-Signs-New-Textile-Projects-with-Investments-Exceeding-%24100m-in-West-Qantara?lang=en-us https://sczone.eg/sczone-signs-new-textile-projects-with-investments-exceeding-100-million-in-west-qantara-industrial-zone/,,https://www.chinatexnet.com/textile-news/2024-09-12/999607.html https://sczone.eg/sczone-signs-new-textile-projects-with-investments-exceeding-100-million-in-west-qantara-industrial-zone/,,,23-Oct,453388,187281,China,,,,,,,,,,Textiles,Textiles & Textile Mills,"Wood, Apparel & Related Products",Manufacturing,,1500,NO,70,NO,New,,,,,,101,
2023,,,5,Egypt,Industry & Trade/Ser,Textiles,,2022-2024,North Africa,Textiles,High,,"Raw data provides very limited data. From research, this is likely an investment from Shengzhou Captain Industrial & Trading Co., Ltd. The company signed a letter of interest (LOI) with the chairman of the Suez Canal Economic Zone (SCZone) in regards to establihsing a project to manufacture spandex, polyester, and elastic yarns in the West Qantara Industrial Zon with a total investment of $5 million. Basing date of announcement from on publication date of this source (SIS, 2023; SCZONE, 2023).",Announced,Greenfield,5,,,,10/15/2023,,"Shengzhou Captain Industrial & Trading Co., Ltd",https://www.sis.gov.eg/Story/187338/SCZone-Signs-New-Textile-Projects-with-Investments-Exceeding-%24100m-in-West-Qantara?lang=en-us https://sczone.eg/sczone-signs-new-textile-projects-with-investments-exceeding-100-million-in-west-qantara-industrial-zone/,https://www.sis.gov.eg/Story/187338/SCZone-Signs-New-Textile-Projects-with-Investments-Exceeding-%24100m-in-West-Qantara?lang=en-us https://sczone.eg/sczone-signs-new-textile-projects-with-investments-exceeding-100-million-in-west-qantara-industrial-zone/,,,https://www.sis.gov.eg/Story/187338/SCZone-Signs-New-Textile-Projects-with-Investments-Exceeding-%24100m-in-West-Qantara?lang=en-us https://sczone.eg/sczone-signs-new-textile-projects-with-investments-exceeding-100-million-in-west-qantara-industrial-zone/,,https://www.sis.gov.eg/Story/187338/SCZone-Signs-New-Textile-Projects-with-Investments-Exceeding-%24100m-in-West-Qantara?lang=en-us https://sczone.eg/sczone-signs-new-textile-projects-with-investments-exceeding-100-million-in-west-qantara-industrial-zone/,,,23-Oct,453412,187291,China,,,,,,,,,,Textiles,Textiles & Textile Mills,"Wood, Apparel & Related Products",Manufacturing,,42,YES,5,NO,New,,,,,,102,
2023,,,5,Egypt,Industry & Trade/Ser,Textiles,,2022-2024,North Africa,Textiles,High,,"Raw data provides very limited data. From research, this is likely an investment from Shaoxing Yuding Textile Company. The company signed a letter of interest (LOI) to establish a new factory under the name ‚ÄúDINGHANG. Egypt Co‚Äù in the West Qantara Industrial Zone with an investment of $5 million. Basing date announced from publication date of this source (SIS, 2023; SCZONE, 2023). ",Announced,Greenfield,5,,,,10/15/2023,,"Shengzhou Captain Industrial & Trading Co., Ltd",https://www.sis.gov.eg/Story/187338/SCZone-Signs-New-Textile-Projects-with-Investments-Exceeding-%24100m-in-West-Qantara?lang=en-us https://sczone.eg/sczone-signs-new-textile-projects-with-investments-exceeding-100-million-in-west-qantara-industrial-zone/,https://www.sis.gov.eg/Story/187338/SCZone-Signs-New-Textile-Projects-with-Investments-Exceeding-%24100m-in-West-Qantara?lang=en-us https://sczone.eg/sczone-signs-new-textile-projects-with-investments-exceeding-100-million-in-west-qantara-industrial-zone/,,,https://www.sis.gov.eg/Story/187338/SCZone-Signs-New-Textile-Projects-with-Investments-Exceeding-%24100m-in-West-Qantara?lang=en-us https://sczone.eg/sczone-signs-new-textile-projects-with-investments-exceeding-100-million-in-west-qantara-industrial-zone/,,https://www.sis.gov.eg/Story/187338/SCZone-Signs-New-Textile-Projects-with-Investments-Exceeding-%24100m-in-West-Qantara?lang=en-us https://sczone.eg/sczone-signs-new-textile-projects-with-investments-exceeding-100-million-in-west-qantara-industrial-zone/,,,23-Oct,453414,187293,China,,,,,,,,,,Textiles,Textiles & Textile Mills,"Wood, Apparel & Related Products",Manufacturing,,42,YES,5,NO,New,,,,,,103,
2023,BTR New Material Group,,496.6,Morocco,Automotive,Automotive - EV,,2022-2024,North Africa,Automotive,High,,"Not to be confused with another project announced in 2024, this one was announced in 2023 and construction began in April 2024 (btrchina). as for amount, YiCai tells us it is 496.6 for a new lithium ion battery cathode factory. Classified as EV because btrchina (company announcement) source says its for 'new energy vehicle' industry",Commenced,Greenfield,496.6,,,,12/30/2023,,BTR New Material Group,https://www.btrchina.com/News/info.aspx?itemid=1242,,https://www.yicaiglobal.com/news/chinas-btr-to-invest-up-to-usd497-million-to-build-lithium-ion-battery-material-plant-in-morocco,,https://www.moroccoworldnews.com/2023/12/359851/btr-new-material-to-invest-500-million-in-cutting-edge-cathode-plant-in-morocco,,https://www.btrchina.com/News/info.aspx?itemid=1242,,,23-Dec,458787,189472,China,China Baoan Group,,,,,,,,,Metals,Other (Metals),ICT & Electronics,Manufacturing,,1970,YES,490.6,NO,New,,,,,,104,
2023,,,50,Egypt,Industry & Trade/Ser,Manufacturing,,2022-2024,North Africa,Manufacturing,High,,"Raw data provides very limited data. From research, this is most likely the investment from Henneway who seeks to establish a factory for producing luggage in the Qantara West Industrial Zone with investment of $50 million. A contract was signed with the Suez Canal Economic Zone (SCZONE). The project is set to commence operations in the first quarter of 2025. Basing announcment date on publication date of this source (SIS, 2023; SCZONE, 2023).",Announced,Greenfield,50,,,,12/28/2023,,Henneway,"https://www.sis.gov.eg/Story/190832/Egypt,-China-to-set-up-$50M-luggage-project-in-SCZONE/?lang=en-us https://sczone.eg/sczone-signs-a-contract-with-the-chinese-henneway-with-investments-of-50-million-within-qantara-west-industrial-zone/","https://www.sis.gov.eg/Story/190832/Egypt,-China-to-set-up-$50M-luggage-project-in-SCZONE/?lang=en-us https://sczone.eg/sczone-signs-a-contract-with-the-chinese-henneway-with-investments-of-50-million-within-qantara-west-industrial-zone/",,,"https://www.sis.gov.eg/Story/190832/Egypt,-China-to-set-up-$50M-luggage-project-in-SCZONE/?lang=en-us https://sczone.eg/sczone-signs-a-contract-with-the-chinese-henneway-with-investments-of-50-million-within-qantara-west-industrial-zone/",,"https://www.sis.gov.eg/Story/190832/Egypt,-China-to-set-up-$50M-luggage-project-in-SCZONE/?lang=en-us https://sczone.eg/sczone-signs-a-contract-with-the-chinese-henneway-with-investments-of-50-million-within-qantara-west-industrial-zone/",https://english.news.cn/africa/20231229/2411d1a852534ce6b355def73c88a57f/c.html,,23-Dec,458844,189503,China,,,,,,,,,,Textiles,Apparel accessories & other apparel,"Wood, Apparel & Related Products",Manufacturing,,2000,NO,50,NO,New,,,,,,105,
2023,Aeolon,,245,Morocco,Industry & Trade/Ser,Renewable Energy Component Manufacturing,,2022-2024,North Africa,Renewable Energy Component Manufacturing,High,,This is a wind turbine plade production base in Morocco. Project agreement was signed and land leveling of plant started on Oct 2023 so that is the proxy date announced. Project will be operational by the end of 2024.,Commenced,Greenfield,245,,,,10/3/2023,,Aeolon,https://aeolon.com.cn/en/article-36635-111250.html https://renewablesnow.com/news/chinas-aeolon-breaks-ground-on-eur-224m-blade-factory-in-morocco-846602/,https://renewablesnow.com/news/chinas-aeolon-breaks-ground-on-eur-224m-blade-factory-in-morocco-846602/,,,https://aeolon.com.cn/en/article-36635-111250.html https://aeolon.com.cn/en/article-36635-111250.html https://renewablesnow.com/news/chinas-aeolon-breaks-ground-on-eur-224m-blade-factory-in-morocco-846602/,,,,,23-Oct,460721,190141,China,Aeolon,,,,,,,,,Plastics,Artificial & synthetic fibres ,Environmental Technology,Manufacturing,,3332,NO,244.4,NO,New,,,,,,106,
2023,Huaxin Cement Co Ltd,Intercement Participacoes SA-Africa Business,265,South Africa,Industry & Trade/Ser,Material Production and Processing,,2022-2024,Southern Africa,Material Production and Processing,High,,,Completed,M&A,265,,,,12/27/2023,,,,,,,,,,,,23-Dec,Huaxin Cement Co LtdSouth Africa,,China,,,,,,,,,,,,,,,,,,,,,,,,,,4100356040
2023,Ganfeng Lithium Co Ltd,Leo Lithium Ltd,69.15,Mali,Metals and Minerals,Metals and Minerals,,2022-2024,West Africa,Metals and Minerals,High,,Lithium Involved,Completed,M&A,69.15,,,,9/14/2023,,,,,,,,,,,,23-Sep,Ganfeng Lithium Co LtdMali,,China,,,,,,,,,,,,,,,,,,,,,,,,,,
2023,Zhongrun Resources Investment Corp,New King International Ltd,102.42,Malawi,Metals and Minerals,Metals and Minerals,,2022-2024,Southern Africa,Metals and Minerals,High,,Titanium,Completed,M&A,102.42,,,,8/9/2023,,,,,,,,,,,,23-Aug,Zhongrun Resources Investment CorpMalawi,,China,,,,,,,,,,,,,,,,,,,,,,,,,,4029027040
2023,Asia-Africa Green Energy Investment Ltd,Catalyst Mena Clean Energy Coperatie Ua-Solar Power Plants,,Egypt,Energy,Renewable Energy Solar,,2022-2024,North Africa,Energy,High,,,Completed,M&A,,,,,6/8/2023,,,,,,,,,,,,23-Jun,Asia-Africa Green Energy Investment LtdEgypt,,China,,,,,,,,,,,,,,,,,,,,,,,,,,4099660040
2023,Investor Group,Mek Global Ltd,,Seychelles,Financial Sector,Capital Markets,,2022-2024,East Africa,Financial Sector,High,,,Completed,M&A,,,,,4/3/2023,,,,,,,,,,,,23-Apr,Investor GroupSeychelles,,Hong Kong,,,,,,,,,,,,,,,,,,,,,,,,,,4085770040
2023,Sichuan Road & Bridge (Group) Co Ltd,Colluli Mining Share Co,166,Eritrea,Metals and Minerals,Metals and Minerals,,2022-2024,East Africa,Metals and Minerals,High,,Potash,Completed,M&A,166,,,,3/31/2023,,,,,,,,,,,,23-Mar,Sichuan Road & Bridge (Group) Co LtdEritrea,,China,,,,,,,,,,,,,,,,,,,,,,,,,,3990446040
2023,Hutchison Port Holdings Ltd,Container Terminal of Ain Sokhna & Alexandria,700,Egypt,Transportation,Ports/Waterways,,2022-2024,North Africa,Transportation,High,,,Completed,M&A,700,,,,3/16/2023,,,,,,,,,,,,23-Mar,Hutchison Port Holdings LtdEgypt,,Hong Kong,,,,,,,,,,,,,,,,,,,,,,,,,,4237905040
2023,China Merchants DiChain(Asia) Technology Ltd,Drop Access,,Kenya,Industry & Trade/Ser,Logistics and Distribution,,2022-2024,East Africa,Logistics and Distribution,High,,,Completed,M&A,,,,,3/8/2023,,,,,,,,,,,,23-Mar,China Merchants DiChain(Asia) Technology LtdKenya,,Hong Kong,,,,,,,,,,,,,,,,,,,,,,,,,,4055345040
2023,,,,Kenya,,,,2022-2024,East Africa,,Irrelevant,,"Medium because lacks announced amount. TechXplore mentioned on August 24, 2023 that TikTok chief executive Shou Zi Chew ""agreed to set up an office in Kenya to 'coordinate' TikTok's operation in Africa."" No further details were given on the arrangement or when the Kenyan office would begin operations.",Announced,Greenfield,,,,,8/24/2023,,,https://techxplore.com/news/2023-08-kenya-tiktok-content-moderation.html,,,,https://techxplore.com/news/2023-08-kenya-tiktok-content-moderation.html,,,https://time.com/6293271/tiktok-bytedance-kenya-moderator-lawsuit/,,23-Aug,448998,131180,China,Bytedance,,,,,,,,,Software & IT services,Internet publishing & broadcasting & web search,Creative Industries,"Sales, Marketing & Support",,19,YES,5.2,YES,New,,,,,,66,
2023,Addax Petroleum,,,Nigeria,Energy,Oil and Gas,2023,2022-2024,West Africa,Energy,Irrelevant,,"The sale appeared to have been executed in January 2023 but FPSO Adoon is a malyasian leasing company - whether the amount (amount not known) made for the purchase of the FPSO was paid directly to Malaysia or Nigeria (and if in Nigeria, the money stayed within the nigerian economy) is not known. i would categorize this as irrelevant because whether money was paid in nigeria or not, it was a purchase of an existing investment in Nigeria, simply a change of ownership",Completed,Greenfield,,,,,,1/11/2023,,,,,,,https://www.offshore-energy.biz/as-16-year-deal-comes-to-an-end-yinson-sells-fpso-operating-off-nigeria/,https://www.offshore-energy.biz/as-16-year-deal-comes-to-an-end-yinson-sells-fpso-operating-off-nigeria/,,,14-Sep,"Addax PetroleumNigeriaCoal, Oil and Natural Gas5401300",,China,China Petroleum and Chemical (Sinopec),Beijing Municipality,,Beijing,Not Specified,Not Specified,Not Specified,,,"Coal, Oil and Natural Gas",Oil & gas extraction,Energy,Extraction,,540,Yes,"1,300.00",No,New,,,,,,125,
2023,BYD,,,South Africa,Automotive,Automotive - EV,,2022-2024,Southern Africa,Automotive,Low,,"As of September 2023, SA Goverment and China BYD car manufacturer were in negotiations on the possibility of opening a new manufacturing plant in SA. This comes in addition to the BAIC manufacturing facility listed in ID134. Looks like this is still up in talks without any actual investment in place yet. Worth to mention that BYD has already launched sales/exports of automotive vehicles to the country. Potential future investment.",Announced,Greenfield,,,,,9/6/2023,,BYD,https://chinaglobalsouth.com/2023/09/08/week-in-review-south-africa-reportedly-in-negotiation-with-chinese-ev-giant-byd-to-open-manufacturing-plant-in-the-country/ ,,,,https://www.engineeringnews.co.za/article/sa-negotiating-with-byd-to-build-local-plant-cabinet-2023-09-06,,,https://chinaglobalsouth.com/2023/09/08/week-in-review-south-africa-reportedly-in-negotiation-with-chinese-ev-giant-byd-to-open-manufacturing-plant-in-the-country/,,23-Sep,451193,54024,China,BYD,,,,,,,,,Automotive OEM,Automobiles,Transport Equipment,Manufacturing,,630,YES,125.3,YES,New,,,,,,43,
2023,China Mobile International (CMI),,,"Congo, Democratic Republic of the",ICT,ICT Infrastructure,2023,2022-2024,Central Africa,ICT,Low,,"This project involves all of Africa and other countries outside the continent, but I found one source stating that the cables have been installed in the DRC in 2023. No other information could be found for this specific portion of the project. Renamed from Democratic Republic of Congo to Congo, Democratic Republic of the",Completed,Greenfield,,,,,,9/21/2023,China Mobile International,https://african.business/2023/09/apo-newsfeed/orange-drc-airtel-congo-rdc-have-landed-the-2africa-submarine-cable-in-the-democratic-republic-of-congo-off-muanda-through-their-joint-venture-mawezi-rdc-sa,,,,,https://african.business/2023/09/apo-newsfeed/orange-drc-airtel-congo-rdc-have-landed-the-2africa-submarine-cable-in-the-democratic-republic-of-congo-off-muanda-through-their-joint-venture-mawezi-rdc-sa,https://african.business/2023/09/apo-newsfeed/orange-drc-airtel-congo-rdc-have-landed-the-2africa-submarine-cable-in-the-democratic-republic-of-congo-off-muanda-through-their-joint-venture-mawezi-rdc-sa,,,20-May,"China Mobile International (CMI)Congo, Democratic Republic of theCommunications7294.4",,China,China Mobile Communications,Beijing Municipality,Not Specified,Beijing,Not Specified,Not Specified,Not Specified,,,Communications,Wired telecommunication carriers,ICT & Electronics,ICT & Internet Infrastructure,,72,Yes,94.4,Yes,New,Announced,,"Europe, Africa and the Middle East","Vodafone Group, Orange (France Telecom), Meta (Facebook), Saudi Telecom Company (STC), China Mobile International (CMI), Telecom Egypt, West Indian Ocean Cable Company (WIOCC), MTN GlobalConnect",https://www.businesswire.com/news/home/20200514005389/en/2Africa-Transformative-Subsea-Cable-Future-Internet-Connectivity,275,
2023,ZTE,,,Angola,ICT,ICT Infrastructure,,2022-2024,Southern Africa,ICT,Medium,,"On June 13, 2023, ZTE and LiraLink Technologies signed an agreement to build a 4G/5G handset assembly plant in Angola. The amount of the investment does not seem to be disclosed. They announced that the plant is expected to be complete in 2024. Though as of now I could not find an update on it.",Announced,Greenfield,,,,,6/13/2023,,ZTE Corporation,https://angop.ao/en/noticias/economia/angotic-2023-caiu-o-pano-da-maior-montra-tecnologica-do-pais/,,,,https://www.wearetech.africa/en/fils-uk/news/telecom/liralink-tecnologia-and-zte-to-build-a-4g-5g-handset-assembly-plant-in-angola,,https://www.wearetech.africa/en/fils-uk/news/telecom/liralink-tecnologia-and-zte-to-build-a-4g-5g-handset-assembly-plant-in-angola,,,23-Jun,443982,2781,China,ZTE,,,,,,,,,Communications ,Communications equipment,ICT & Electronics,ICT & Internet Infrastructure,,72,YES,119.5,YES,New,,,,,,4,
2023,,,,Zambia,Industry & Trade/Ser,Manufacturing,,2022-2024,Southern Africa,Manufacturing,Medium,,"An MOU was signed in early September 2023 at the ZTE Headquarters in China between ZTE and the Zambian government (ITWeb, 2023; Efficacy News, 2023). This was during President Hakainde Hichilema‚Äôs September 10-16 state visit to China where 15 bilateral agreements were signed (Date announced within this range) (MarketScreener, 2023). News outlets say that ZTE Chairman Li Zixue is to visit Zambia on September 25, 2023 to begin the implementation of the smartphone manufacturing plant (MarketScreener, 2023). According to Chinese sources, this is still in the planning phase (Sina, 2024). Work is expected to commence in June 2024 (Xambian, 2024). Unable to find investment amount.",Announced,Greenfield,,,,,9/1/2023,,ZTE Corporation,"https://itweb.africa/content/j5alrMQAeA4MpYQk https://efficacynews.africa/2023/09/24/chinas-zte-to-establish-smartphone-factory-in-zambia/#:~:text=In%20a%20major%20technological%20advancement%20for%20Zambia%2C%20ZTE,kickstart%20the%20establishment%20of%20a%20smartphone%20manufacturing%20plant. https://finance.sina.com.cn/wm/2024-10-17/doc-incsvfqf9829414.shtml",,,,https://itweb.africa/content/j5alrMQAeA4MpYQk https://www.marketscreener.com/quote/stock/ZTE-CORPORATION-6495034/news/Chinese-telecoms-giant-ZTE-to-build-smartphone-factory-in-Zambia-44915158/,,"https://efficacynews.africa/2023/09/24/chinas-zte-to-establish-smartphone-factory-in-zambia/#:~:text=In%20a%20major%20technological%20advancement%20for%20Zambia%2C%20ZTE,kickstart%20the%20establishment%20of%20a%20smartphone%20manufacturing%20plant. https://www.marketscreener.com/quote/stock/ZTE-CORPORATION-6495034/news/Chinese-telecoms-giant-ZTE-to-build-smartphone-factory-in-Zambia-44915158/",https://www.xambian.com/zambia-to-start-local-smartphone-manufacturing-by-june-2024/,,23-Sep,451502,2781,China,ZTE,,,,,,,,,Communications ,Communications equipment,ICT & Electronics,Manufacturing,,490,YES,10.3,YES,New,,,,,,5,
2023,,,,Algeria,Industry & Trade/Ser,Manufacturing,,2022-2024,North Africa,Manufacturing,Medium,,"On June 19, 2023, Hisense ME and Algeria's Condor Electronics signed an MOU for the establishment of a sustainable supply chain, using machinery by Hisense to facilitate local production and assembly. Not much other details are known for this project.",Announced,Greenfield,,,,,6/19/2023,,Hisense Middle East,https://techxmedia.com/condor-electronics-hisense-me-transforming-mena-manufacturing/,,,,https://www.einpresswire.com/article/640243711/hisense-me-signs-mou-with-condor-electronics-for-local-manufacturing-assembly-of-consumer-electronics-for-mena-region,,https://techxmedia.com/condor-electronics-hisense-me-transforming-mena-manufacturing/,,,23-Aug,449037,7896,China,Hisense,,,,,,,,,Consumer electronics,Other (Consumer electronics),Consumer Goods,"Sales, Marketing & Support",,29,YES,3.5,YES,New,,,,,,8,
2023,Huawei Technologies,,,South Africa,ICT,ICT Infrastructure,2023,2022-2024,Southern Africa,ICT,Medium,,"DM: Filled in announcement date with completion date given this is a research center with no physical construction needed. Huawei Tech opened the Huawei Innovation Centre in Johannesburg in July 2023 that works as a ""collaboration hub with local partners, app developers and ICT-focused SMMEs"" (SAGov). Cannot find a cost of the center.",Completed,Greenfield,,,,,7/13/2023,7/13/2023,Huawei,https://www.huawei.com/en/news/2023/7/southafrica-innovation-centre https://www.gov.za/news/speeches/president-cyril-ramaphosa-official-launch-huawei-innovation-centre-13-jul-2023 ,,,,,https://www.huawei.com/en/news/2023/7/southafrica-innovation-centre,,https://www.itweb.co.za/article/video-inside-huaweis-innovation-centre/LPwQ5Mlb5plvNgkj https://www.voanews.com/a/china-s-huawei-launches-innovation-center-in-south-africa/7179836.html ,https://www.gov.za/news/speeches/president-cyril-ramaphosa-official-launch-huawei-innovation-centre-13-jul-2023,23-Jul,445966,11026,China,Huawei Technologies,,,,,,,,,Communications ,Other telecommunications,ICT & Electronics,Research & Development,,84,YES,6.6,YES,New,,,,,,12,
2023,,,,South Africa,Automotive,Automotive,,2022-2024,Southern Africa,Automotive,Medium,,Potential portfolio expansion of local production with the announcement of new car models.,Announced,Greenfield,,,,,10/1/2023,,Chery South Africa,"https://www.carmag.co.za/news/new-models/cherys-portfolio-expands-with-all-new-tiggo-cross-model/#:~:text=Chery%20South%20Africa%20is%20set,Pro%20and%20Tiggo%207%20Pro.",,,,https://www.iol.co.za/motoring/industry-news/chery-considering-south-african-production-bakkie-in-the-planning-too-4163116f-a4f6-4e47-96d0-0073750c7d5b,,,,,23-Mar,438944,18705,China,Chery Automobile,,,,,,,,,Automotive components,Other motor vehicle parts,Transport Equipment,"Logistics, Distribution & Transportation",,74,YES,18.2,YES,Expansion,,,,,,15,
2023,,,,Egypt,Industry & Trade/Ser,Manufacturing,2023,2022-2024,North Africa,Manufacturing,Medium,,"PK: Did not find announced date.  At the inauguration of Midea Group's dishwasher production line in China‚Äôs TEDA industrial zone in Ain Sokhna, the Suez Canal Economic Zone (SCZone) on August 8, 2023, Mr. Amr Said, Chairman of Carrier Egypt and Africa, announced the opening of a logistics area dedicated to exporting the company's products abroad by the end of the year within the SCZone. The amount isn't made clear. Related to Deal ID 18.",Completed,Greenfield,,,,,,8/8/2023,Midea Company,https://sczone.eg/sczone-chairman-witnessed-the-launching-of-the-new-dishwasher-production-line-in-midea-egypt/,,,,,https://sczone.eg/sczone-chairman-witnessed-the-launching-of-the-new-dishwasher-production-line-in-midea-egypt/,https://sczone.eg/sczone-chairman-witnessed-the-launching-of-the-new-dishwasher-production-line-in-midea-egypt/,https://sczone.eg/sczone-delegation-meets-the-china-africa-development-fund/ (see last paragraph; not sure if it is relevant) https://www.midea-group.com/content/dam/mideaco-aem/investors/financial-reports/MideaGroup-Annual-Report-2022-April-2023.pdf,,23-Mar,461261,24762,China,Midea Group,,,,,,,,,Consumer electronics,Household appliances,Consumer Goods,"Logistics, Distribution & Transportation",,103,YES,20.1,YES,New,,,,,,19,
2023,United Energy Group,,"8,000.00",Egypt,Industry & Trade/Ser,Material Production and Processing,,2022-2024,North Africa,Material Production and Processing,Medium,,"DM: This is an astronomical amount that really distorts the data. Yes, it seems an MOU was signed for an expected investment of 8bn, however, it is quite early to tell if this has materialized. There is no news on an update in this last year. Updated sector to material processing as potassium chloride is a raw material used in the production of fertilizers. Its being manufactured here through processing large scale natural minerals. This is pure production.
VBA: According to SCZONE, on October 18, 2023, Egypt's Suez Canal Economic Zone signed a deal with United Energy Group to establish a potassium chloride production complex with an expected investment of up to $8 billion. A framework agreement was also signed between SCZONE and China Energy (see Deal ID 50). This project will take place in three stages. New reports mention similar values.",Announced,Greenfield,8000,,,,10/18/2023,,United Energy Company,https://sczone.eg/the-prime-minister-witnesses-the-signing-of-new-energy-projects-with-investments-of-14-75-billion-sczone/,https://sczone.eg/the-prime-minister-witnesses-the-signing-of-new-energy-projects-with-investments-of-14-75-billion-sczone/,,,https://sczone.eg/the-prime-minister-witnesses-the-signing-of-new-energy-projects-with-investments-of-14-75-billion-sczone/,,https://sczone.eg/the-prime-minister-witnesses-the-signing-of-new-energy-projects-with-investments-of-14-75-billion-sczone/,http://www.uegl.com.hk/en/petro,,23-Oct,453092,75662,Hong Kong,United Energy Group,,,,,,,,,Chemicals,Basic chemicals,Physical Sciences,Manufacturing,,3000,YES,"8,000.00",NO,New,,,,,,49,
2023,Weihai Huatan Supply Chain Management,,,Tanzania,Industry & Trade/Ser,Logistics and Distribution,,2022-2024,East Africa,Logistics and Distribution,Medium,,"In March 2023, it was announced that a project by Weihai Huatan Supply Management Co. will build an industrial park. Unsure of the exact announcement date so I just put down March 1. It seems like they already commenced, according to a Xinhua article reporting the construction of one of the centers back (East Africa Commercial and Logistics Center) in April 2023. This particular center is still in development and is expected to be complete by July 2024, so the overall project must not be complete yet either.",Commenced,Greenfield,,,,,3/1/2023,,Weihai Huatan Supply Chain Management Company Ltd.,https://english.news.cn/20230421/b891bdddc3b64cd4b77dc40cc558ddf3/c.html,,,,https://investinchina.chinaservicesinfo.com/s/202310/20/WS6532224e498ed2d7b7e9df99/weihais-key-project-shines-in-china-tanzania-cooperation.html,,https://investinchina.chinaservicesinfo.com/s/202310/20/WS6532224e498ed2d7b7e9df99/weihais-key-project-shines-in-china-tanzania-cooperation.html,,,23-Oct,463090,191018,China,Weihai Huatan Supply Chain Management,,,,,,,,,Real estate,Industrial building construction,Transportation & Warehousing,Construction,,267,YES,110,NO,Expansion,,,,,,108,
2022,MMG,,600,"Congo, Democratic Republic of the",Metals and Minerals,Metals and Minerals,,2022-2024,Central Africa,Metals and Minerals,High,,"This project is in progress as shown by the Kitka article as of March 2023 (the fdi market date provided). The project was announced earlier in 2022 (CGSP). This is an expansion. Renamed from Congo (DRC) to Congo, Democratic Republic of the.",Commenced,Greenfield,600,,,,3/29/2022,,MMG Ltd,https://www.kitco.com/news/article/2023-03-20/mmg-approves-expansion-kinsevere-copper-mine-drc,https://chinaglobalsouth.com/2022/03/29/chinas-minmetals-doubles-down-on-drc-cobalt/,,,https://chinaglobalsouth.com/2022/03/29/chinas-minmetals-doubles-down-on-drc-cobalt/,,,,,23-Mar,438200,1005,China,China Minmetals,,,,,,,,,Metals,"Copper, nickel, lead, & zinc mining",Physical Sciences,Extraction,,717,YES,473.1,YES,Expansion,,,,,,3,
2022,COSCO Shipping Ports [Subsidiary of China Ocean Shipping Company (COSCO),,93.75,Egypt,Transportation,Ports/Waterways,,2022-2024,North Africa,Transportation,High,,"According to the company website, COSCO Shipping Ports Limited annouced its investment in 25% of the equity in Sokhna New Container Terminal, Egypt following the signing ceremony with other partnering companies (CMA Terminals and Hutchison Ports) on March 15, 2023. However, according to SIS.gov the initial signing occured on Aug 11, 2022; changing accordingly. The operating period for the project is 30 years, with a total investment of $375 million (COSCO, 2023; Mykn.com, 2023).  EDECS is the main contractor for all phases of the project, which refers to the project as the 'Red Sea Containers Terminals'. The port is expected to be fully operational within 18 months. Start date is said to be June 2024 and status is ongoing (EDECS, 2024). Operations is said to begin by 2025 (Xinhua, 2024). Deal Status: Commenced.",Commenced,Greenfield,93.75,,Y,25,8/11/2022,,COSCO Shipping Ports,https://www.edecs.com/projects/sokhna-container-terminal-civil-works-phase-1a https://english.news.cn/20240531/053e34006b6b42598d5d7a6c65584373/c.html,https://au.coscoshipping.com/col/col23648/art/2023/art_223866772.html https://mykn.kuehne-nagel.com/news/article/cosco-and-hutchison-ports-invest-in-egyptian-21-Mar-2023,,https://au.coscoshipping.com/col/col23648/art/2023/art_223866772.html https://mykn.kuehne-nagel.com/news/article/cosco-and-hutchison-ports-invest-in-egyptian-21-Mar-2023,https://au.coscoshipping.com/col/col23648/art/2023/art_223866772.html,https://english.news.cn/20240531/053e34006b6b42598d5d7a6c65584373/c.html,https://au.coscoshipping.com/col/col23648/art/2023/art_223866772.html,https://www.edecs.com/media-hub-item/edecs-wins-new-containers-terminal-project-at-ain-sokhna-port-contract-with-red-sea-containers-terminals,,23-Mar,437813,7680,China,COSCO Shipping Ports [Subsidiary of China Ocean Shipping Company (COSCO),,,,,,,,,Transportation & Warehousing,Warehousing & storage,Transportation & Warehousing,"Logistics, Distribution & Transportation",,1614,YES,375,NO,New,,,,,,7,
2022,Haier Smart Home,,135,Egypt,Industry & Trade/Ser,Manufacturing,2024,2022-2024,North Africa,Manufacturing,High,,"On August 4, 2022, Egyptian Council of Ministers Presidency announced that Haier signed an MOU to build $130 million industrial complex in Egypt (using as date announced). According to Xinhua (2023), the ground breaking ceremony of the first phase of the Haier Egypt Ecological Park was on March 15, 2023 where they invested a total of $160 million (see additional sources column). The first phase of the project focuses on the production of air conditioners, washing machines, and TVs, and the second phase (see Deal ID 94) will produce refrigerators and freezers. The first phase was inaugurated on March, 2 2024 according to the company website (Haier, 2024). Some sources, say $135 million was invested during the time of the inauguration (Yicai, 2024 and Xinhua, 2024). According to Ahram Online (2024), see additional sources column, Haier Egypt has 'already invested $165 million in the first two production phases of its factory complex and a further $65 million in the third phase. Now, it is seeking a $50 million investment to expand its production and increase exports.' May need to add additional rows for phases 3 and 4. (see leads tab).",Completed,Greenfield,130,135,,,8/4/2022,3/2/2024,Haier Smart Home,https://www.haier.com/eg/about-haier/news/20240516_237981.shtml https://www.haier.com/global/press-events/news/20240506_237727.shtml,https://www.facebook.com/EgyptianCabinet/posts/pfbid0uFMVUZ7DaDjXE7jLZcLjES47MYJ2Wmbmi1pVoEnzyqjyDkZvB9SChtKK5PWFvr9Wl https://waya.media/egypt-signs-130m-mou-with-chinas-haier-to-build-home-appliances-production-complex/,https://english.news.cn/africa/20240503/c817f06067a34036bda0660f3b8ef144/c.html https://www.yicaiglobal.com/news/chinese-home-appliance-giant-haiers-egyptian-plant-comes-on-stream ,,https://www.gafi.gov.eg/English/MediaCenter/News/Pages/PM-attends-the-signing-ceremony-of-an-MoU-between-GAFI-and-Haier-Smart-Home-Co.aspx ,https://www.haier.com/eg/about-haier/news/20240516_237981.shtml,https://www.haier.com/eg/about-haier/news/20240516_237981.shtml,https://english.news.cn/20230316/983297c9c61649578f6dea5f73c88295/c.html,,23-Mar,437976,11069,China,Haier Group,,,,,,,,,Consumer electronics,Household appliances,Consumer Goods,Manufacturing,,2000,NO,160,NO,New,,,,,,13,
2022,Zhejiang Huayou Cobalt Nickel Materials,,300,Zimbabwe,Automotive,Automotive - EV,2023,2022-2024,Southern Africa,Automotive,High,,"DM: Project completed. Also the sector is material processing because it is refining lithium (Reuters): ""Huayou said it would spend $300 million to build a plant to process 4.5 million tonnes of lithium ore at Arcadia.""
Project commenced in May of 2022 with a trial production. ",Completed,Greenfield,300,,N,100,2/1/2022,3/26/2023,Huayou Cobalt,https://www.huayou.com/en/news/corporate-news/19,https://www.forbes.com/sites/gloriaharaito/2022/05/30/chinese-mining-billionaire-to-invest-300-million-in-zimbabwe-lithium-project/,,https://www.mining-technology.com/news/zhejiang-huayou-zimbabwean-lithium/,https://www.huayou.com/en/news/corporate-news/19,https://www.huayou.com/en/news/corporate-news/19,https://www.reuters.com/world/africa/huayou-starts-trial-production-zimbabwe-lithium-mine-invests-namibian-project-2023-03-22/,,,21-Dec,414332,34118,China,Zhejiang Huayou Cobalt Nickel Materials,,,,,,,,,Minerals,Nonmetallic mineral mining & quarrying,Physical Sciences,Extraction,,900,NO,300,NO,New,,,,,,24,
2022,CiTiC Dicastal,,192,Morocco,Automotive,Automotive,2023,2022-2024,North Africa,Automotive,High,,"High - this project has been mentioned in the investor's annual report (CITIC 2024), the amount is only available via media and it is announced only.",Completed,Greenfield,192,,,,2/16/2022,1/25/2023,Citic Dicastal,https://www.citic.com/uploadfile/2024/0422/20240422601941.pdf,https://www.moroccoworldnews.com/2022/02/347146/chinese-citic-dicastal-group-invests-192-million-in-3rd-factory-in-morocco-s-kenitra#google_vignette,,,https://english.news.cn/20220217/b31da611df354134a0656d9e14216f54/c.html,https://www.moroccoworldnews.com/2023/11/359107/chinese-car-parts-manufacturer-citic-dicastal-opens-new-factory-in-morocco,,,,22-Feb,406702,41314,China,CITIC Group,,,,,,,,,Metals,Alumina & aluminium production and processing,Transport Equipment,Manufacturing,,760,NO,191,NO,New,,,,,,34,
2022,Oppo Electronics,,20,Egypt,Industry & Trade/Ser,Manufacturing,,2022-2024,North Africa,Manufacturing,High,,"Added investing company ""OPPO Electronics"" to raw data. On September 13, 2022, Oppo signed an MOU agreeement with the Information Technology Industry Developent Agency (ITIDA) to establish a mobile phone factory in Egypt with an initial investment worth $20 million. Sources included accordingly",Announced,Greenfield,20,,,,9/13/2022,,OPPO Egypt,https://www.sis.gov.eg/Story/171338/ITIDA%2c-OPPO-sign-MOU-to-establish-mobile-factory-worth-dlrs-20-mn?lang=en-us https://itida.gov.eg/English/PressReleases/Pages/ITIDA-and-OPPO-Sign-an-MOU-to-Establish-a-Mobile-Factory-in-Egypt.aspx https://english.ahram.org.eg/NewsContent/3/1239/476012/Business/Tech/China%E28099s-Oppo-to-establish-mobile-phone-factory-in-.aspx,https://www.sis.gov.eg/Story/171338/ITIDA%2c-OPPO-sign-MOU-to-establish-mobile-factory-worth-dlrs-20-mn?lang=en-us https://itida.gov.eg/English/PressReleases/Pages/ITIDA-and-OPPO-Sign-an-MOU-to-Establish-a-Mobile-Factory-in-Egypt.aspx https://english.ahram.org.eg/NewsContent/3/1239/476012/Business/Tech/China%E28099s-Oppo-to-establish-mobile-phone-factory-in-.aspx,,,https://www.sis.gov.eg/Story/171338/ITIDA%2c-OPPO-sign-MOU-to-establish-mobile-factory-worth-dlrs-20-mn?lang=en-us https://itida.gov.eg/English/PressReleases/Pages/ITIDA-and-OPPO-Sign-an-MOU-to-Establish-a-Mobile-Factory-in-Egypt.aspx https://english.ahram.org.eg/NewsContent/3/1239/476012/Business/Tech/China%E28099s-Oppo-to-establish-mobile-phone-factory-in-.aspx,,https://www.sis.gov.eg/Story/171338/ITIDA%2c-OPPO-sign-MOU-to-establish-mobile-factory-worth-dlrs-20-mn?lang=en-us https://itida.gov.eg/English/PressReleases/Pages/ITIDA-and-OPPO-Sign-an-MOU-to-Establish-a-Mobile-Factory-in-Egypt.aspx https://english.ahram.org.eg/NewsContent/3/1239/476012/Business/Tech/China%E28099s-Oppo-to-establish-mobile-phone-factory-in-.aspx,,,23-Jun,443484,93134,China,BBK Electronics,,,,,,,,,Communications ,Communications equipment,ICT & Electronics,Manufacturing,,490,YES,10.3,YES,New,,,,,,55,
2022,Bikita Minerals,,200,Zimbabwe,Metals and Minerals,Metals and Minerals,,2022-2024,Southern Africa,Metals and Minerals,High,,"The chinese company first acquired the bikita minerals with $180million investment as seen in other sources link, and announced $200million investment in the bikita minerals mining in June 2022 after the acquisition",Commenced,Greenfield,200,,,,6/17/2022,,Sinomine Resource Group,https://www.reuters.com/article/markets/commodities/chinas-sinomine-invests-200-mln-in-zimbabwe-lithium-project-idUSL8N2Y43HA/,https://www.mining-technology.com/news/sinomine-bikita-lithium-zimbabwe/,,,https://www.reuters.com/article/markets/commodities/chinas-sinomine-invests-200-mln-in-zimbabwe-lithium-project-idUSL8N2Y43HA/,,https://www.reuters.com/article/markets/commodities/chinas-sinomine-invests-200-mln-in-zimbabwe-lithium-project-idUSL8N2Y43HA/,https://newzwire.live/chinas-sinomine-joins-queue-of-lithium-buyers-with-us180m-deal-for-bikita-minerals/,,22-May,416610,104972,China,Sino Minerals and Energy,,,,,,,,,Minerals,Other non-metallic mineral products,Physical Sciences,Manufacturing,,1630,YES,200,NO,Expansion,,,,,,58,
2022,Hutchison Port Holdings (HPH),,350,Egypt,Transportation,Ports/Waterways,,2022-2024,North Africa,Transportation,High,,"Hutchison Ports will invest a combined US$700m in two new Egyptian container terminal projects in Ain Sokhna Port (related to Deal ID 7 with COSCO) and in the Port of Alexandria (B100, a ElDekheila terminals) (see Deal ID 75) (Businesswire, 2023; MyKN., 2023). Splitting Announced amount to $350 million each. Phase 1 A of the terminal is said to have begun construction according to EDECS, starting June 2024 and should be operational by 2025 (EDECS; Xinhua, 2024). The operating period for the project is 30 years. EDECS is the main contractor for all phases of the project, which refers to the project as the 'Red Sea Containers Terminals'. The port is expected to be fully operational within 18 months (EDECS, 2024). According to the COSCO website, date announced is March 15, 2023 when COSCO signed the project agreement with its partners (CME and Hutchinson Ports). However, SIS.gov website mention that the initial agreement was signed in Aug 11, 2022; changing accordingly.",Commenced,Greenfield,350,,,,8/11/2022,,Hutchison Ports,https://www.edecs.com/projects/sokhna-container-terminal-civil-works-phase-1a https://english.news.cn/20240531/053e34006b6b42598d5d7a6c65584373/c.html,https://www.businesswire.com/news/home/20230315005979/en/Hutchison-Ports-Announces-Major-Investment-of-US700-million-in-Egyptian-Port-Projects-in-Sokhna-and-B100 https://mykn.kuehne-nagel.com/news/article/cosco-and-hutchison-ports-invest-in-egyptian-21-Mar-2023,,,https://www.sis.gov.eg/Story/170623/Signing-initial-agreements-to-establish%2c-operate-2-container-terminals-at-Sokhna%2c-Dekhila-ports?lang=en-us,https://english.news.cn/20240531/053e34006b6b42598d5d7a6c65584373/c.html,https://www.edecs.com/projects/sokhna-container-terminal-civil-works-phase-1a https://english.news.cn/20240531/053e34006b6b42598d5d7a6c65584373/c.html,https://www.edecs.com/media-hub-item/edecs-wins-new-containers-terminal-project-at-ain-sokhna-port-contract-with-red-sea-containers-terminals,,22-Aug,420675,153920,Hong Kong,CK Hutchison Holdings,,,,,,,,,Transportation & Warehousing,Warehousing & storage,Transportation & Warehousing,"Logistics, Distribution & Transportation",,1506,YES,350,NO,New,,,,,,74,
2022,Hutchison Port Holdings (HPH),,350,Egypt,Transportation,Ports/Waterways,2024,2022-2024,North Africa,Transportation,High,,"Hutchison Ports will invest a combined US$700m in two new Egyptian container terminal projects in Ain Sokhna Port (see Deal ID 74) and in the Port of Alexandria (Berth 100, ElDekheila terminals) (Businesswire, 2023; MyKN, 2023). Splitting Announced amount to $350 million each. In July 2022, it was reported to be won by a consortium of three local firms, which plan to invest about $50 million in the project's first phase. A separate consortium comprising Hutchison Ports, Cosco, CMA CGM, and Italy‚Äôs Mediterranean Shipping Company (MSC) will take over a container terminal at Dekheila Port, managing and maintaining it for 30 years. The initial signing of agreements to estabish and operate two terminals in the ports of Sokhna and Dekhila was on Aug 11, 2022 (SIS, 2022). EDECS is the main contractor with construction expected to occur over 24 months. Completion date is said to be June 2024 (EDECS, 2024).",Completed,Greenfield,350,,,,8/11/2022,6/1/2024,Hutchison Ports,https://www.edecs.com/projects/construction-of-multi-purpose-terminal-at-al-dekheila-seaport-berth-100-quay-wall https://www.mts.gov.eg/en/%d8%a7%d9%84%d9%86%d9%82%d9%84-%d8%aa%d9%86%d9%81%d8%b0-%d9%85%d8%ad%d8%b7%d8%a9-%d8%ad%d8%a7%d9%88%d9%8a%d8%a7%d8%aa-%d8%b9%d9%84%d9%89-%d8%b1%d8%b5%d9%8a%d9%81-100-%d8%a8%d9%85%d9%8a%d9%86%d8%a7/,https://www.businesswire.com/news/home/20230315005979/en/Hutchison-Ports-Announces-Major-Investment-of-US700-million-in-Egyptian-Port-Projects-in-Sokhna-and-B100 https://mykn.kuehne-nagel.com/news/article/cosco-and-hutchison-ports-invest-in-egyptian-21-Mar-2023,,,https://www.sis.gov.eg/Story/170623/Signing-initial-agreements-to-establish%2c-operate-2-container-terminals-at-Sokhna%2c-Dekhila-ports?lang=en-us,https://www.edecs.com/projects/construction-of-multi-purpose-terminal-at-al-dekheila-seaport-berth-100-quay-wall,https://www.businesswire.com/news/home/20230315005979/en/Hutchison-Ports-Announces-Major-Investment-of-US700-million-in-Egyptian-Port-Projects-in-Sokhna-and-B100 https://mykn.kuehne-nagel.com/news/article/cosco-and-hutchison-ports-invest-in-egyptian-21-Mar-2023,https://www.aict.com.eg/terminals-locations/ https://hutchisonports.com/media/d/Hutchison+Ports+Brochure_072024_LRS.pdf?key=000000000017231093307493yLM6,,22-Aug,420677,153920,Hong Kong,CK Hutchison Holdings,,,,,,,,,Transportation & Warehousing,Warehousing & storage,Transportation & Warehousing,"Logistics, Distribution & Transportation",,1506,YES,350,NO,New,,,,,,75,
2022,Ya Hua International Investment & Development Co Ltd,SSC AFRIQUE HOLDINGS LIMITED,145.33,Seychelles,Metals and Minerals,Metals and Minerals,,2022-2024,East Africa,Metals and Minerals,High,,Lithium,Completed,M&A,145.33,,,,11/25/2022,,,,,,,,,,,,22-Nov,Ya Hua International Investment & Development Co LtdSeychelles,,Hong Kong,,,,,,,,,,,,,,,,,,,,,,,,,,4020799040
2022,Ya Hua International Investment & Development Co Ltd,Indusmin Africa Ltd,,Seychelles,Metals and Minerals,Metals and Minerals,,2022-2024,East Africa,Metals and Minerals,High,,Lithium Involved,Completed,M&A,,,,,11/25/2022,,,,,,,,,,,,22-Nov,Ya Hua International Investment & Development Co LtdSeychelles,,Hong Kong,,,,,,,,,,,,,,,,,,,,,,,,,,4020887040
2022,Crucial Innovations Corp,Eco Equity Zimbabwe (Pty) Ltd,252,Zimbabwe,Health,Medical Products,,2022-2024,Southern Africa,Health,High,,,Completed,M&A,252,,,,10/26/2022,,,,,,,,,,,,22-Oct,Crucial Innovations CorpZimbabwe,,China,,,,,,,,,,,,,,,,,,,,,,,,,,3996353040
2022,Sinosteel Group Corp Ltd,Samancor Chrome Ltd,,South Africa,Metals and Minerals,Metals and Minerals,,2022-2024,Southern Africa,Metals and Minerals,High,,Chromite,Completed,M&A,,,,,9/19/2022,,,,,,,,,,,,22-Sep,Sinosteel Group Corp LtdSouth Africa,,China,,,,,,,,,,,,,,,,,,,,,,,,,,3978047040
2022,Qiming Weichuang Venture Capital Management (Shanghai) Co Ltd,Scroll Ltd,,Seychelles,ICT,ICT Services,,2022-2024,East Africa,ICT,High,,,Completed,M&A,,,,,8/11/2022,,,,,,,,,,,,22-Aug,Qiming Weichuang Venture Capital Management (Shanghai) Co LtdSeychelles,,China,,,,,,,,,,,,,,,,,,,,,,,,,,4055348040
2022,Sinomine (Hong Kong) Rare Metals Resources Co Ltd,African Minerals Ltd,,Mauritius,Metals and Minerals,Metals and Minerals,,2022-2024,East Africa,Metals and Minerals,High,,,Completed,M&A,,,,,7/20/2022,,,,,,,,,,,,22-Jul,Sinomine (Hong Kong) Rare Metals Resources Co LtdMauritius,,Hong Kong,,,,,,,,,,,,,,,,,,,,,,,,,,3872546040
2022,Sinomine (Hong Kong) Rare Metals Resources Co Ltd,Amzim Minerals Ltd,180,Mauritius,Metals and Minerals,Metals and Minerals,,2022-2024,East Africa,Metals and Minerals,High,,Lithium Involved,Completed,M&A,180,,,,7/20/2022,,,,,,,,,,,,22-Jul,Sinomine (Hong Kong) Rare Metals Resources Co LtdMauritius,,Hong Kong,,,,,,,,,,,,,,,,,,,,,,,,,,3872549040
2022,Investor Group,DXwand,1,Egypt,ICT,ICT Services,,2022-2024,North Africa,ICT,High,,,Completed,M&A,1,,,,6/12/2022,,,,,,,,,,,,22-Jun,Investor GroupEgypt,,China,,,,,,,,,,,,,,,,,,,,,,,,,,3933127040
2022,Investor Group,Sky Pearl Exploration Ltd,20,"Congo, Republic of the",Metals and Minerals,Metals and Minerals,,2022-2024,Central Africa,Metals and Minerals,High,,Copper,Completed,M&A,20,,,,5/19/2022,,,,,,,,,,,,22-May,Investor GroupCongo (RC),,Hong Kong,,,,,,,,,,,,,,,,,,,,,,,,,,3921842040
2022,Huayou International Mining (Hong Kong) Co Ltd,Prospect Lithium Zimbabwe (Pvt) Ltd,422,Zimbabwe,Metals and Minerals,Metals and Minerals,,2022-2024,Southern Africa,Metals and Minerals,High,,Lithium Involved,Completed,M&A,422,,,,4/21/2022,,,,,,,,,,,,22-Apr,Huayou International Mining (Hong Kong) Co LtdZimbabwe,,Hong Kong,,,,,,,,,,,,,,,,,,,,,,,,,,3851953040
2022,Zhejiang Huayou Cobalt Co Ltd,Prospect Resources Ltd-Arcadia Lithium Project,378,Zimbabwe,Metals and Minerals,Metals and Minerals,,2022-2024,Southern Africa,Metals and Minerals,High,,Lithium Involved,Completed,M&A,378,,,,4/20/2022,,,,,,,,,,,,22-Apr,Zhejiang Huayou Cobalt Co LtdZimbabwe,,China,,,,,,,,,,,,,,,,,,,,,,,,,,3912304040
2022,Chengyi Lithium International Ltd,Max Mind Investment Ltd,76.5,Zimbabwe,Metals and Minerals,Metals and Minerals,,2022-2024,Southern Africa,Metals and Minerals,High,,Lithium Involved,Completed,M&A,76.5,,,,4/7/2022,,,,,,,,,,,,22-Apr,Chengyi Lithium International LtdZimbabwe,,Hong Kong,,,,,,,,,,,,,,,,,,,,,,,,,,3847200040
2022,Suzhou CATH Energy Technologies,Manono Lithium & Tin Project,240,"Congo, Democratic Republic of the",Metals and Minerals,Metals and Minerals,,2022-2024,Central Africa,Metals and Minerals,High,,Lithium Involved,Completed,M&A,240,,,,2/16/2022,,,,,,,,,,,,22-Feb,Suzhou CATH Energy TechnologiesCongo (DRC),,China,,,,,,,,,,,,,,,,,,,,,,,,,,3927950040
2022,Investor Group,ExpandCart,2.7,Egypt,ICT,ICT Services,,2022-2024,North Africa,ICT,High,,,Completed,M&A,2.7,,,,1/17/2022,,,,,,,,,,,,22-Jan,Investor GroupEgypt,,Hong Kong,,,,,,,,,,,,,,,,,,,,,,,,,,3863559040
2022,XEV,,294.73,Morocco,Automotive,Automotive - EV,,2022-2024,North Africa,Automotive,Irrelevant,,"This is marked irrelevant because although the parent company seems to be a joint venture (the car brand), the joint venture related to XEV‚Äôs operations, particularly in Morocco, involves XEV Trade, which is 51% owned by Campello Motors, an Italian car dealership based in Venice. The remaining ownership details of XEV Trade, including any potential Chinese involvement, are not fully disclosed in the available information.. This is verified by both local italian source as well as morocco and all info is provided. the Italian source claims the project is expected to be completed by 2024 but no news of this yet. Amount is converted from 277 euros: 277 EUR-Euroland [Euro / ‚Ç¨]=294.73 USD-United States [US dollar / $]        ",Announced,Greenfield,294.73,,,,12/22/2022,,,https://nordesteconomia.gelocal.it/imprese/2022/12/26/news/citycar_cinesi_prodotte_marocco_manager_padovana_campello-12432990/,,https://www.globalfleet.com/en/manufacturers/africa-middle-east/features/eu277m-chinese-investment-confirms-moroccos-ev-manufacturing-ambitions?a=FJA05&t%5B0%5D=EVs&t%5B1%5D=Car%20Manufacturers&curl=1,,https://www.moroccoworldnews.com/2022/12/353254/chinas-xev-to-produce-electric-cars-for-the-italian-market-in-morocco,,https://www.moroccoworldnews.com/2022/12/353254/chinas-xev-to-produce-electric-cars-for-the-italian-market-in-morocco,,,22-Dec,430709,178184,Hong Kong,XEV,,,,,,,,,Automotive OEM,Automobiles,Transport Equipment,Manufacturing,,2332,YES,351.6,YES,New,,,,,,88,
2022,Hip Hing Construction,,,Zambia,Industry & Trade/Ser,Hospitality and Tourism,,2022-2024,Southern Africa,Hospitality and Tourism,Medium,,"Hip Hing Construction plans to build a five-star hotel resort in Lusaka, Zambia. Construction is expected to start in August 2023 and will be fully financed through issuing medium-term institutional bonds. Total project value is $110 million. It seems to be a partnership with Barrows Hotel Enterprises (Lusaka Times, 2022). Using date of publication as date announced (Oct 24, 2022). Didn't find anything on company website (see additional sources column)",Announced,Greenfield,,,,,10/24/2022,,Hing Construction,https://www.lusakatimes.com/2022/10/24/lusaka-to-welcome-five-star-resort/,,,,https://www.lusakatimes.com/2022/10/24/lusaka-to-welcome-five-star-resort/,,https://www.lusakatimes.com/2022/10/24/lusaka-to-welcome-five-star-resort/,https://www.hiphing.com.hk/en/,,22-Oct,430569,13690,Hong Kong,New World Development,,,,,,,,,Hotels & tourism,Accommodation,Tourism,Construction,,299,YES,110,NO,New,,,,,,14,
2022,Tsingshan Holding Group,,,Zimbabwe,Industry & Trade/Ser,Material Production and Processing,,2022-2024,Southern Africa,Material Production and Processing,Medium,,"I could verify an announced investment by the company but no amount specified and  information about the current status of the investment. however, it could be seen that due to price fluctations, the company went into partnership with another chinese company and zimbabwe miners to start a lithium mining in 2024. source added to other sources and leads.",Announced,Greenfield,,,,,11/29/2022,,Tsingshan,https://www.mining-technology.com/news/tsingshan-lithium-zimbabwe/,,,,https://www.reuters.com/article/markets/commodities/zimbabwe-says-chinas-tsingshan-to-set-up-lithium-operations-idUSL1N32P2D8/,,https://www.reuters.com/article/markets/commodities/zimbabwe-says-chinas-tsingshan-to-set-up-lithium-operations-idUSL1N32P2D8/,https://www.bloomberg.com/news/articles/2024-09-24/china-mining-heavyweights-partner-with-zimbabwe-on-lithium-mine?embedded-checkout=true ; https://www.zimbabwesituation.com/news/chinese-mining-giants-join-forces-with-zimbabwe-on-lithium-mining-project/,,22-Nov,429171,35042,China,Tsingshan Holding Group,,,,,,,,,Minerals,Nonmetallic mineral mining & quarrying,Physical Sciences,Extraction,,1366,YES,107.1,YES,Expansion,,,,,,26,
2022,Jushi Group,,320,Egypt,Industry & Trade/Ser,Manufacturing,,2022-2024,North Africa,Manufacturing,Medium,,"Zawya source mentions $320 million investment by Jushi Egypt  in the Ain Sokhna Industrial Zone. Hard to determine if this is related to Deal IDs 186, 342, 345, 346, 411 because numbers are off. Marking Confidence status as unknown but basd off of DM comment, I changed to Medium as ""we could use this to analyze the quantity and types of projects that never materiaized""",Announced,Greenfield,320,,,,12/16/2022,,Jushi Egypt,https://www.zawya.com/en/projects/bri/chinas-jushi-pilots-200k-ton-fiberglass-production-line-in-egypt-iq0a3fk0,https://www.zawya.com/en/projects/bri/chinas-jushi-pilots-200k-ton-fiberglass-production-line-in-egypt-iq0a3fk0,,,https://www.zawya.com/en/projects/bri/chinas-jushi-pilots-200k-ton-fiberglass-production-line-in-egypt-iq0a3fk0,,https://www.zawya.com/en/projects/bri/chinas-jushi-pilots-200k-ton-fiberglass-production-line-in-egypt-iq0a3fk0,,,23-Mar,438210,41390,China,China National Building Material Group (CNBM),,,,,,,,,Ceramics & glass,Glass & glass products,Industrial,Manufacturing,,560,NO,320,NO,Expansion,,,,,,36,
2022,,,,Kenya,Energy,Renewable Energy Solar,,2022-2024,East Africa,Energy,Medium,,"Changed ""completion date"" to ""announced date."" 

Medium because lacks announed amount. TrinaSolar website announced that ""Trina Solar will launch a new distribution facility in Nairobi Kenya on October 12, 2022 ... to achieve faster delivery times to ensure reaching customers instantly and efficiently.""",Announced,Greenfield,,,,,10/12/2022,,Trina Solar,https://dpo.trinasolar.com/en-mea/resources/newsroom/fri-10142022-1509; https://www.usglassmag.com/trina-solar-to-open-new-distribution-facility-in-kenya/,,,,https://dpo.trinasolar.com/en-mea/resources/newsroom/fri-10142022-1509; https://www.usglassmag.com/trina-solar-to-open-new-distribution-facility-in-kenya/,,https://dpo.trinasolar.com/en-mea/resources/newsroom/fri-10142022-1509; https://www.usglassmag.com/trina-solar-to-open-new-distribution-facility-in-kenya/,,,22-Oct,424876,41835,China,Trina Solar,,,,,,,,,Electronic components,All other electrical equipment & components,Environmental Technology,"Logistics, Distribution & Transportation",,39,YES,14.5,YES,New,,,,,,38,
2022,Radisson Hospitality (Rezidor Hotel Group),,,Egypt,Industry & Trade/Ser,Hospitality and Tourism,2022,2022-2024,North Africa,Hospitality and Tourism,Medium,,"RP: Could not find an announced date. Radisson Hotel Group announced the launch of the Group‚Äôs newest brand, Radisson Individuals, in Egypt with the opening of Marina Resort Port Ghalib, a member of Radisson Individuals. Date completed: 04/05/2022. Unclear on the total cost of the 5-star hotel (Radison Hotels, 2022). Radisson Hospitality (formerly Rezidor Hotel Group) is now predominantly owned by a Chinese company. In 2019, a consortium led by Jin Jiang International Holdings Co. Ltd., a Chinese state-owned enterprise, completed the acquisition of Radisson Hospitality AB of 51% (AP News, 2018; Costar, 2018). Jin Jiang's acquisition followed the purchase of Carlson Hotels (the previous major owner) by HNA Tourism Group in 2016, which was another Chinese firm who had a 49% stake in prizeotel (see general sources column).",Completed,Greenfield,,,,,,4/5/2022,Radisson Hotel Group,https://www.radissonhotels.com/en-us/corporate/media/press-releases/radisson-individuals-debuts-in-egypt-with-the-opening-of-marina-resort-port-ghalib-a-member-of-radisson-individuals,,,https://apnews.com/article/business-china-shanghai-330dd7f8adbd44df8f0fb810c6692386 | https://www.costar.com/article/1483287079/jin-jiang-international-buys-radisson-from-hna-group | https://www.hotelmanagement.net/transactions/jin-jiang-acquires-majority-stake-radisson#:~:text=A%20consortium%20led%20by%20Shanghai's%20Jin%20Jiang%20and%20SINO-CEE%20Fund%E2%80%94a | https://www.radissonhotels.com/en-us/corporate/about-us/our-company?msockid=2f6cc9cb079365860ea6dd0d06b3641d http://www.jinjianghotels.sh.cn/htmls/Main%20Business/index.html,,https://www.radissonhotels.com/en-us/corporate/media/press-releases/radisson-individuals-debuts-in-egypt-with-the-opening-of-marina-resort-port-ghalib-a-member-of-radisson-individuals,https://www.radissonhotels.com/en-us/corporate/media/press-releases/radisson-individuals-debuts-in-egypt-with-the-opening-of-marina-resort-port-ghalib-a-member-of-radisson-individuals,https://www.hotelmanagement.net/transactions/jin-jiang-acquires-majority-stake-radisson#:~:text=A%20consortium%20led%20by%20Shanghai's%20Jin%20Jiang%20and%20SINO-CEE%20Fund%E2%80%94a https://www.radissonhotels.com/en-us/corporate/about-us/our-company?msockid=2f6cc9cb079365860ea6dd0d06b3641d http://www.jinjianghotels.sh.cn/htmls/Main%20Business/index.html,,22-Apr,410068,54990,China,Shanghai Jin Jiang International Hotels,,,,,,,,,Hotels & tourism,Accommodation,Tourism,Construction,,202,YES,100.3,YES,New,,,,,,45,
2022,China Energy International Group,,"6,750.00",Egypt,Energy,Renewable Energy Hydrogen,,2022-2024,North Africa,Energy,Medium,,"DM: Similar to deal 49, there is doubt here that such a large deal will eventually materialize to that extent. Egypt has many green hydrogen projects in the pipeline (83bn) however the volatile currency and lack of clear investment framework might deter. Interestingly, the Europeans are also trying to get involved. They want to capture a piece of the global market. VBA: [11/8/2024] Merged information and sources from Deal ID 61 after DM noticed there was a duplicate. According to SCZONE website, Mr. Waleid Gamal El-Dien, Chairman of the Suez Canal Economic Zone (SCZONE), announced that the memorandum of understanding that was signed in Dec 2022 between SCZONE and Energy China (Dec 7, 2022 according to Renewables Now, 2023). The signing ceremony of a framework agreement happened on October 18, 2023 along with the signing of an MOU with United Energy Company (see Deal ID 49). Changing investor in raw data from ""United Energy Group"" to ""China Energy International Group""; removed parent company that used to say United Energy Group. [11/4/2024] The Arabian Gulf Business Insight  mentions that Egypt's Suez Canal Economic Zone signed a $6.75 billion deal with China Energy Engineering Corporation on October 17 2023 (likely the framework agreement), for a green ammonia and green hydrogen project to be built in its Sokhna industrial zone. Initial estimates, released in March, pegged the facility's cost at $5.1 billion, but the figure increased due to a rise in production capacity (AGBI, 2023; IPFOnline, 2023). [10/08/2024] The project is expected to being in May. The project will be developed in two phases (Renewables Now, 2023). Construction is expected to being in May 2023.  ",Announced,Greenfield,6750,,,,12/7/2022,,Energy China,https://sczone.eg/sczone-converts-7-billion-mou-with-energy-china-into-a-framework-agreement-soon/  https://sczone.eg/the-prime-minister-witnesses-the-signing-of-new-energy-projects-with-investments-of-14-75-billion-sczone/ https://renewablesnow.com/news/china-energy-to-launch-usd-5bn-green-h2-project-in-egypt-in-may-817270/#:~:text=China%20Energy%20is%20planning%20to%20begin%20the%20implementation%20of%20a https://renewablesnow.com/news/egypt-inks-seven-more-pacts-for-green-fuel-production-807565/,https://sczone.eg/sczone-converts-7-billion-mou-with-energy-china-into-a-framework-agreement-soon/ https://sczone.eg/the-prime-minister-witnesses-the-signing-of-new-energy-projects-with-investments-of-14-75-billion-sczone/ https://www.agbi.com/energy/2023/10/suez-canal-economic-zone-green-energy-deals/ https://ipfonline.com/news/detail/powergenerationenergyconservationproducts/egypt-signs-675-bn-green-hydrogen-and-ammonia-plant-deal-with-energy-china/14727,,,https://sczone.eg/sczone-converts-7-billion-mou-with-energy-china-into-a-framework-agreement-soon/ https://sczone.eg/the-prime-minister-witnesses-the-signing-of-new-energy-projects-with-investments-of-14-75-billion-sczone/ https://www.agbi.com/energy/2023/10/suez-canal-economic-zone-green-energy-deals/ https://ipfonline.com/news/detail/powergenerationenergyconservationproducts/egypt-signs-675-bn-green-hydrogen-and-ammonia-plant-deal-with-energy-china/14727,,https://sczone.eg/sczone-converts-7-billion-mou-with-energy-china-into-a-framework-agreement-soon/ https://sczone.eg/the-prime-minister-witnesses-the-signing-of-new-energy-projects-with-investments-of-14-75-billion-sczone/,https://sczone.eg/sczone-celebrates-the-opening-of-the-first-factory-for-wearable-mobile-accessories-in-africa-within-sokhna-industrial-zone-2/,,23-Oct,453091,75662,Hong Kong,,,,,,,,,,Renewable energy,Other electric power generation (Renewable Energy),Environmental Technology,Manufacturing,,2730,YES,"6,750.00",NO,New,,,,,,50,
2021,Chenguang Biotech Group,,23,Zambia,Agriculture,Crops,,2019-2021,Southern Africa,Agriculture,High,,"In early 2021, Chenguang Biotech Zambia Agri-Dev Limited is seeking to invest US$23 million to cultivate, harvest and process paprika, marigold and stevia in Chibombo, Central Province; using publication date as date announced (Food Business Africa, 2021 & 2022). The company has submitted an environmental impact statement (EIS) report to the Zambia Environmental Management Agency (ZEMA), awaiting approval to kick start the project (Food Business Africa, 2021). According to Press Reader, the company has pumped in more than $135 million into Sinzongwe and Chibombo farming operations from 2018 till 2022. Mr. Liu Feng Hai, the company's chief executive officer, said the company seeks to expand the plantation area and production chain, investing an additional $250 million (Press Reader, 2022; see additional source column.). May need to add additional rows for future investment. According to the company website timeline, CCGB established a subsidiary in Zambia in 2016 (see additional sources column). Didn't find recent updates on completion.",Announced,Greenfield,23,,,,1/1/2021,,Chenguang,"https://www.foodbusinessafrica.com/zambian-agro-processing-company-sets-aside-us23m-to-invest-in-food-additives-processing/#:~:text=Chenguang%20will%20grant%20Zambeef%20free%20and%20unfettered%20use%20of%20up https://www.foodbusinessafrica.com/unlocking-zambias-agricultural-potential-through-smart-investments-in-agro-processing/#:~:text=A%20few%20months%20earlier,%20Chenguang%20Biotech%20Zambia%20Agri-Dev%20Limited%20announced","https://www.foodbusinessafrica.com/zambian-agro-processing-company-sets-aside-us23m-to-invest-in-food-additives-processing/#:~:text=Chenguang%20will%20grant%20Zambeef%20free%20and%20unfettered%20use%20of%20up https://www.foodbusinessafrica.com/unlocking-zambias-agricultural-potential-through-smart-investments-in-agro-processing/#:~:text=A%20few%20months%20earlier,%20Chenguang%20Biotech%20Zambia%20Agri-Dev%20Limited%20announced",,,"https://www.foodbusinessafrica.com/zambian-agro-processing-company-sets-aside-us23m-to-invest-in-food-additives-processing/#:~:text=Chenguang%20will%20grant%20Zambeef%20free%20and%20unfettered%20use%20of%20up https://www.foodbusinessafrica.com/unlocking-zambias-agricultural-potential-through-smart-investments-in-agro-processing/#:~:text=A%20few%20months%20earlier,%20Chenguang%20Biotech%20Zambia%20Agri-Dev%20Limited%20announced",,https://www.foodbusinessafrica.com/zambian-agro-processing-company-sets-aside-us23m-to-invest-in-food-additives-processing/#:~:text=Chenguang%20will%20grant%20Zambeef%20free%20and%20unfettered%20use%20of%20up,https://en.cn-cg.com/Introduction.html https://www.pressreader.com/zambia/daily-nation-newspaper/20221226/281638194276209,,18-Apr,Chenguang Biotech GroupZambiaFood & Beverages14926.3,,China,Chenguang Biotech Group,Hebei,Not Specified,Handan,Lusaka Province,Not Specified,Not Specified,,,Food & Beverages,Crop production,Agribusiness,Manufacturing,,149,Yes,26.3,No,New,Announced,,,,https://www.yicaiglobal.com/news/chenguang-biotech-will-invest-usd263-million-zambian-oleoresin-project,424,
2021,Investor Group,uLesson Inc,15,Nigeria,Education,Secondary Education,,2019-2021,West Africa,Education,High,,,Completed,M&A,15,,,,12/9/2021,,,,,,,,,,,,21-Dec,Investor GroupNigeria,,China,,,,,,,,,,,,,,,,,,,,,,,,,,3852774040
2021,Investor Group,Tyme Bank Ltd,180,South Africa,Financial Sector,Banking Institutions,,2019-2021,Southern Africa,Financial Sector,High,,,Completed,M&A,180,,,,12/7/2021,,,,,,,,,,,,21-Dec,Investor GroupSouth Africa,,China,,,,,,,,,,,,,,,,,,,,,,,,,,3852453040
2021,Huaxin Cement Co Ltd,Holcim Ag-Zambian Cement Business,150,Zambia,Industry & Trade/Ser,Material Production and Processing,,2019-2021,Southern Africa,Material Production and Processing,High,,,Completed,M&A,150,,,,12/1/2021,,,,,,,,,,,,21-Dec,Huaxin Cement Co LtdZambia,,China,,,,,,,,,,,,,,,,,,,,,,,,,,3839884040
2021,Huaxin Cement Co Ltd,Lafarge Cement Zambia PLC,150,Zambia,Industry & Trade/Ser,Material Production and Processing,,2019-2021,Southern Africa,Material Production and Processing,High,,,Completed,M&A,150,,,,12/1/2021,,,,,,,,,,,,21-Dec,Huaxin Cement Co LtdZambia,,China,,,,,,,,,,,,,,,,,,,,,,,,,,3754226040
2021,Huaxin Cement Co Ltd,Lafarge Cement Malawi Ltd,10,Malawi,Industry & Trade/Ser,Material Production and Processing,,2019-2021,Southern Africa,Material Production and Processing,High,,,Completed,M&A,10,,,,12/1/2021,,,,,,,,,,,,21-Dec,Huaxin Cement Co LtdMalawi,,China,,,,,,,,,,,,,,,,,,,,,,,,,,3754227040
2021,Investor Group,Ozow (Pty) Ltd,48,South Africa,Financial Sector,Banking Institutions,,2019-2021,Southern Africa,Financial Sector,High,,,Completed,M&A,48,,,,11/17/2021,,,,,,,,,,,,21-Nov,Investor GroupSouth Africa,,China,,,,,,,,,,,,,,,,,,,,,,,,,,3844855040
2021,Investor Group,Africa Health Holdings Ltd,18,Ghana,Health,Health Facilities and Construction,,2019-2021,West Africa,Health,High,,,Completed,M&A,18,,,,11/15/2021,,,,,,,,,,,,21-Nov,Investor GroupGhana,,Hong Kong,,,,,,,,,,,,,,,,,,,,,,,,,,3831078040
2021,Doo Prime Vanuatu Ltd,Financial Services Authority-Securities Dealer License,,Seychelles,,,,2019-2021,East Africa,,High,,,Completed,M&A,,,,,11/12/2021,,,,,,,,,,,,21-Nov,Doo Prime Vanuatu LtdSeychelles,,Hong Kong,,,,,,,,,,,,,,,,,,,,,,,,,,3830838040
2021,Next Chymia Consulting HK Ltd,Africa Blockchain Center,,Kenya,Financial Sector,Capital Markets,,2019-2021,East Africa,Financial Sector,High,,,Completed,M&A,,,,,10/22/2021,,,,,,,,,,,,21-Oct,Next Chymia Consulting HK LtdKenya,,Hong Kong,,,,,,,,,,,,,,,,,,,,,,,,,,3820879040
2021,Toppan Gravity Ltd,Face Technologies (Pty) Ltd,,South Africa,Industry & Trade/Ser,Business Services,,2019-2021,Southern Africa,Business Services,High,,,Completed,M&A,,,,,9/6/2021,,,,,,,,,,,,21-Sep,Toppan Gravity LtdSouth Africa,,Hong Kong,,,,,,,,,,,,,,,,,,,,,,,,,,3797111040
2021,Eunitial Mining Investment Ltd,Sky Pearl Exploration Ltd,33.78,"Congo, Republic of the",Metals and Minerals,Metals and Minerals,,2019-2021,Central Africa,Metals and Minerals,High,,,Completed,M&A,33.78,,,,4/28/2021,,,,,,,,,,,,21-Apr,Eunitial Mining Investment LtdCongo (RC),,China,,,,,,,,,,,,,,,,,,,,,,,,,,3687704040
2021,Cryptolocally,Finance Bridge Trading Academy,,Nigeria,Education,"Adult, Basic and Continuing Education",,2019-2021,West Africa,Education,High,,,Completed,M&A,,,,,4/26/2021,,,,,,,,,,,,21-Apr,CryptolocallyNigeria,,Hong Kong,,,,,,,,,,,,,,,,,,,,,,,,,,3735452040
2021,Contemporary Amperex Technology Co Ltd,Kisanfu Holdings Ltd,137.5,"Congo, Democratic Republic of the",Metals and Minerals,Metals and Minerals,,2019-2021,Central Africa,Metals and Minerals,High,,Includes Cobalt,Completed,M&A,137.5,,,,4/12/2021,,,,,,,,,,,,21-Apr,Contemporary Amperex Technology Co LtdCongo (DRC),,China,,,,,,,,,,,,,,,,,,,,,,,,,,3732315040
2021,Huawei Technologies,,,Kenya,ICT,ICT Services,2021,2019-2021,East Africa,ICT,Medium,,"Didn't find announced date.

Changed completion date from 06/10/2021 to 06/09/2021, based on AFRALTI's Facebook post on June 9, 2021: ""Huawei Kenya official opening of the Huawei Training Center AFRALTI.""

Medium because lacks completed amount. The Star website reported on June 10 2021 that ""Huawei has officially opened its upgraded, and expanded East Africa Regional Training Center.""",Completed,Greenfield,,,,,,6/9/2021,Huawei,https://web.archive.org/web/20210614202320/https://www.the-star.co.ke/news/2021-06-10-huawei-launches-upgraded-training-centre/; https://www.citizen.digital/news/huawei-launches-upgraded-east-african-region-training-center-in-nairobi-11856284,,,,,https://www.facebook.com/AFRALTI/posts/huawei-kenya-official-opening-of-the-huawei-training-center-afralti-the-event-wa/4172060922857979/,https://web.archive.org/web/20210614202320/https://www.the-star.co.ke/news/2021-06-10-huawei-launches-upgraded-training-centre/; https://www.citizen.digital/news/huawei-launches-upgraded-east-african-region-training-center-in-nairobi-11856284,https://khusoko.com/2021/06/12/huawei-expands-its-east-africa-regional-training-center/; https://www.afralti.org/huawei-training-center/; https://www.econstor.eu/bitstream/10419/248162/1/sais-cari-wp34.pdf,,21-Jun,388474,11026,China,Huawei Technologies,,,,,,,,,Communications ,Communications equipment,ICT & Electronics,Education & Training,,137,YES,11.1,YES,Expansion,,,,,,11,
2021,,,,South Africa,Energy,Renewable Energy Solar,2023,2019-2021,Southern Africa,Energy,Medium,,"Trina Solar Co., Ltd., opened a distribution facility in SA on July 13, 2021 as a part of their overarching expansion in the region. Cannot locate investment amount. PK 11/20/2024, adding complete date",Completed,Greenfield,,,,,7/13/2021,6/5/2023,"Trina Solar Co., Ltd",https://sapvia.co.za/trina-solar-opens-distribution-facility-in-south-africa/,,,,https://sapvia.co.za/trina-solar-opens-distribution-facility-in-south-africa/,https://renewafrica.biz/news/solar/trina-opens-warehouse-in-cape-town-as-sa-sales-volumes-triple/ ,,https://www.logisticsgulfnews.com/news/trina-solar-opens-distribution-facility-in-south-africa/,,21-Jul,390477,41835,China,Trina Solar,,,,,,,,,Electronic components,All other electrical equipment & components,Environmental Technology,"Logistics, Distribution & Transportation",,39,YES,14.5,YES,New,,,,,,39,
2021,West China Cement,,600,Ethiopia,Industry & Trade/Ser,Material Production and Processing,,2019-2021,East Africa,Material Production and Processing,Medium,,"Lemmi National Cement S.C. Industrial Complex is a joint venture between the West China Cement Limited and the Ethiopian industrial conglomerate, East African Holding Company (Construction Review Online, 2023; Xinhua 2021). It is a $2.2 billion investment that will be carried out in multiple phases (East African Holding, 2024; Xinhua 2021). The first phase is the construction of the Lemi National Cement Factory at a cost of $600 million USD at Lemi Building Materials Industrial Park with construction commencing on March 4, 2021 (Construction Review Online, 2023; Xinhua, 2021). It has since 'attained 70% completion status in construction and is expected to be completed and inaugurated in 2024'; Deal status as ""Commenced"" (Construction Review Online, 2023). Exact break down in deal stake is unknown; confidence level: Medium ",Commenced,Greenfield,"2,200",600,,,3/4/2021,,West International Holding (WIH),https://constructionreviewonline.com/construction-projects/600-million-lemi-national-cement-factory-in-ethiopia-to-be-completed-in-2024/  | http://www.xinhuanet.com/english/africa/2021-03/05/c_139787945.htm |  https://www.eastafricanholding.com/projects/lemi-national-cement-plc,https://www.eastafricanholding.com/projects/lemi-national-cement-plc,,,https://constructionreviewonline.com/construction-projects/600-million-lemi-national-cement-factory-in-ethiopia-to-be-completed-in-2024/ http://www.xinhuanet.com/english/africa/2021-03/05/c_139787945.htm,,https://www.eastafricanholding.com/projects/lemi-national-cement-plc,,,23-Mar,448044,184961,China,West China Cement,,,,,,,,,Building materials,Cement & concrete products,Construction,Manufacturing,,5000,NO,"2,200.00",NO,New,,,,,,96,
2021,Aviation Industry Corporation of China,,,Kenya,Industry & Trade/Ser,Housing Construction,2021,2019-2021,East Africa,Housing Construction,Medium,,"Changed the confidence status from low to medium because we have deal status and completion date. This is part of a multiple project construction with a total value of around 520 million USD invested by AVIC, but we don't have specific amount invested on this project. Xinhua net reported that the center had been under construction since October 2014, but didn't mention the announced date. 

Low confidence. Although we have the deal status, completed amount, and completion date, there is insufficient information to confirm that the sources are referring to the same project, as there is a large discrepancy between the announced amount in the source I found and the figure in the RAW FDI Markets data. Xinhua Net reported on December 23, 2021, that 'Kenyan President commissions Chinese-invested Global Trade Center.' Gong Yuxian, managing director of AVIC Kenya, noted that 'the center is officially ready to be rented out,' indicating the project's completion. This project is possibly relevant to Deal 387.",Completed,Greenfield,,,,,,12/23/2021,Aviation Industry Corporation of China (AVIC),https://english.news.cn/20211223/622351bf9e064daeb8f62e8a953bce16/c.html,,https://english.news.cn/20211223/622351bf9e064daeb8f62e8a953bce16/c.html,,,https://english.news.cn/20211223/622351bf9e064daeb8f62e8a953bce16/c.html,,https://skyscraperpage.com/cities/?cityID=843; http://www.china.org.cn/world/Off_the_Wire/2021-12/23/content_77949409.htm ; https://gtc.co.ke/Grand-opening-of-JW-Marriott-Marks-the-full-Operation-of-GTC.pdf ; https://gtc.co.ke/Grand-opening-of-JW-Marriott-Marks-the-full-Operation-of-GTC.pdf ,,15-Jul,Aviation Industry Corporation of ChinaKenyaReal Estate1404196.37,,China,Aviation Industry Corporation of China,Beijing Municipality,,Beijing,Nairobi Area,Not Specified,Nairobi,,,Real Estate,Other (Real Estate),Construction,Construction,,1404,Yes,196.4,No,New,,,,,,194,
2021,Wuxi Handa Textile,,,Egypt,Industry & Trade/Ser,Manufacturing,2021,2019-2021,North Africa,Manufacturing,Medium,,"Handa Textile Co. is planning to open a production facility in Egypt (Just-style, 2019). There are three phases: 1) establishing a ready-made garment factory; 2) construction of a dyeing factory over three and four years; and 3) increasing production capacity from 5-10,000 metric tonnes. Based on company website, first phase seems complete with the second phase said to happen between June 2024 and 2028. The website indicates that it was registered in June 2020 and began opertaion in Feb. 2021 (using as date of completion). Deal status: Complete",Completed,Greenfield,,,,,,2/1/2021,HANDA EGYPT TEXTILE,https://www.handagroup.com/en/Global/105.html#:~:text=HANDA%20EGYPT%20TEXTILE%20is%20located%20in%20Belbeis%20with%20total%20land https://www.just-style.com/news/chinese-textile-and-garment-maker-to-open-egypt-site-2/#:~:text=Chinese%20fabric%20manufacturer%20Handa%20Textile%20Co%20is%20planning%20to%20open,,,,,https://www.handagroup.com/en/Global/105.html#:~:text=HANDA%20EGYPT%20TEXTILE%20is%20located%20in%20Belbeis%20with%20total%20land,https://www.handagroup.com/en/Global/105.html#:~:text=HANDA%20EGYPT%20TEXTILE%20is%20located%20in%20Belbeis%20with%20total%20land,,,19-May,Wuxi Handa TextileEgyptTextiles119032.1,,China,Wuxi Handa Textile,Jiangsu,Not Specified,Wuxi,Not Specified,Not Specified,Not Specified,,,Textiles,Textiles & Textile Mills,"Wood, Apparel & Related Products",Manufacturing,,1190,Yes,32.1,Yes,New,Announced,,"Egypt, Europe, North America and Africa",,https://www.just-style.com/news/chinese-textile-and-garment-maker-to-open-egypt-site_id136120.aspx,408,
2020,Guangzhou Sunda International Trading Company,,323,Mozambique,Industry & Trade/Ser,Textiles,,2019-2021,Southern Africa,Textiles,Duplicate,327,"On January 8, 2020, it has been reported that Sunda International and Keda Industrial will form a joint venture and invest $323 million into the development of ceramics factories in Mozabique and four other African countries. The announced investment amount is for the whole project spanning the multiple countries, not sure the specific amount allocated to Mozambique.",Announced,Greenfield,323,,,,1/8/2020,,,"https://forumchinaplp.org.mo/en/economic_trade/view/5689#:~:text=Sunda%20International%20Group%20and%20Kenda,of%20Congo%2C%20Ecofin%20Agency%20reports.","https://forumchinaplp.org.mo/en/economic_trade/view/5689#:~:text=Sunda%20International%20Group%20and%20Kenda,of%20Congo%2C%20Ecofin%20Agency%20reports.",,,"https://forumchinaplp.org.mo/en/economic_trade/view/5689#:~:text=Sunda%20International%20Group%20and%20Kenda,of%20Congo%2C%20Ecofin%20Agency%20reports.",,"https://forumchinaplp.org.mo/en/economic_trade/view/5689#:~:text=Sunda%20International%20Group%20and%20Kenda,of%20Congo%2C%20Ecofin%20Agency%20reports.",,,20-Jan,Guangzhou Sunda International Trading CompanyMozambiqueCeramics & glass71764,,China,Guangzhou Sunda International Trading Company,Guangdong,Not Specified,Guangzhou,Not Specified,Not Specified,Not Specified,,,Ceramics & glass,Clay product & refractory,Construction,Manufacturing,,717,Yes,64,Yes,New,Announced,,,"Kenda Rubber Industrial, Guangzhou Sunda International Trading Company",http://www.forumchinaplp.org.mo/sunda-intl-kenda-rubber-to-make-ceramics-in-mozambique/,328,
2020,Guangzhou Sunda International Trading Company,,,Zambia,Industry & Trade/Ser,Manufacturing,2021,2019-2021,Southern Africa,Manufacturing,Duplicate,327,"Sunda International Group and Kenda Rubber Industrial Co. Ltd of Greater China (joint venture called Brightstart Investment Limited) intend to spend US$323 million on jointly building ceramics factories in Zambia and four other African countries; using publication date as date announced (Ecofin Agency, 2020). According to the company's website (see History), in 2018 a subsidiary was established in Zambia among other countries. In 2021, the ceramic factory was put into operation. The expansion of Zambia's ceramic factory among other projects took place in 2023. May need to add additional rows for other plants.",Completed,Greenfield,,,,,1/1/2020,1/1/2021,,https://www.sunda.com/en/about/history ,https://www.ecofinagency.com/finance/0701-40805-chinas-sunda-and-kenda-to-pump-323mln-in-ceramic-production-plants-in-africa,,,https://www.ecofinagency.com/finance/0701-40805-chinas-sunda-and-kenda-to-pump-323mln-in-ceramic-production-plants-in-africa,https://www.sunda.com/en/about/history,https://www.ecofinagency.com/finance/0701-40805-chinas-sunda-and-kenda-to-pump-323mln-in-ceramic-production-plants-in-africa,,,20-Jan,Guangzhou Sunda International Trading CompanyZambiaCeramics & glass71764,,China,Guangzhou Sunda International Trading Company,Guangdong,Not Specified,Guangzhou,Not Specified,Not Specified,Not Specified,,,Ceramics & glass,Clay product & refractory,Construction,Manufacturing,,717,Yes,64,Yes,New,Announced,,,"Kenda Rubber Industrial, Guangzhou Sunda International Trading Company",http://www.forumchinaplp.org.mo/sunda-intl-kenda-rubber-to-make-ceramics-in-mozambique/,330,
2020,China Mobile International (CMI),,,South Africa,ICT,ICT Infrastructure,,2019-2021,Southern Africa,ICT,Duplicate,277,"This is the 2Africa cable deal, dublicate of several entries ",Announced,Greenfield,,,,,5/14/2020,,,https://www.businesswire.com/news/home/20200514005389/en/2Africa-Transformative-Subsea-Cable-Future-Internet-Connectivity,,,,https://www.businesswire.com/news/home/20200514005389/en/2Africa-Transformative-Subsea-Cable-Future-Internet-Connectivity,,,,,20-May,China Mobile International (CMI)South AfricaCommunications7246.1,,China,China Mobile Communications,Beijing Municipality,Not Specified,Beijing,Not Specified,Not Specified,Not Specified,,,Communications,Wired telecommunication carriers,ICT & Electronics,ICT & Internet Infrastructure,,72,Yes,46.1,Yes,New,Announced,,"Europe, Africa and the Middle East","Vodafone Group, Orange (France Telecom), Meta (Facebook), Saudi Telecom Company (STC), China Mobile International (CMI), Telecom Egypt, West Indian Ocean Cable Company (WIOCC), MTN GlobalConnect",https://www.businesswire.com/news/home/20200514005389/en/2Africa-Transformative-Subsea-Cable-Future-Internet-Connectivity,374,
2020,China Mobile International (CMI),,,South Africa,ICT,ICT Infrastructure,,2019-2021,Southern Africa,ICT,Duplicate,277,"This is the 2Africa cable deal, dublicate of several entries ",Announced,Greenfield,,,,,5/14/2020,,,https://www.businesswire.com/news/home/20200514005389/en/2Africa-Transformative-Subsea-Cable-Future-Internet-Connectivity,,,,https://www.businesswire.com/news/home/20200514005389/en/2Africa-Transformative-Subsea-Cable-Future-Internet-Connectivity,,,,,20-May,China Mobile International (CMI)South AfricaCommunications7246.1,,China,China Mobile Communications,Beijing Municipality,Not Specified,Beijing,Not Specified,Not Specified,Not Specified,,,Communications,Wired telecommunication carriers,ICT & Electronics,ICT & Internet Infrastructure,,72,Yes,46.1,Yes,New,Announced,,"Europe, Africa and the Middle East","Vodafone Group, Orange (France Telecom), Meta (Facebook), Saudi Telecom Company (STC), China Mobile International (CMI), Telecom Egypt, West Indian Ocean Cable Company (WIOCC), MTN GlobalConnect",https://www.businesswire.com/news/home/20200514005389/en/2Africa-Transformative-Subsea-Cable-Future-Internet-Connectivity,375,
2020,Keda Clean Energy,,33.5,Cameroon,Industry & Trade/Ser,Manufacturing,,2019-2021,Central Africa,Manufacturing,Duplicate,402,"same as BU ID 402, The project is a US$33.5 million loan from the International Finance Corporation (IFC), a subsidiary of the World Bank, to the African subsidiary of China Keda Industrial Co., Ltd. to build a factory producing tiles in Mozambique. Since it is a loan construction by a Chinese company, we classify it as an investment by a Chinese company. The project started in 2020, but there are no follow-up reports.",Unknown,Greenfield,33.5,,,,7/6/2020,,,https://clubofmozambique.com/news/keda-industrial-borrows-us33-5-mln-for-mozambican-factory-164801/,https://clubofmozambique.com/news/keda-industrial-borrows-us33-5-mln-for-mozambican-factory-164801/,,,https://clubofmozambique.com/news/keda-industrial-borrows-us33-5-mln-for-mozambican-factory-164801/,,,,,20-Jul,Keda Clean EnergyCameroonCeramics & glass37533.5,,China,Keda Clean Energy,Guangdong,Not Specified,Foshan,Not Specified,Not Specified,Not Specified,,,Ceramics & glass,Clay product & refractory,Construction,Manufacturing,,375,Yes,33.5,No,New,Announced,,Africa,,https://clubofmozambique.com/news/keda-industrial-borrows-us33-5-mln-for-mozambican-factory-164801/,403,
2020,Keda Clean Energy,,33.5,Mozambique,Industry & Trade/Ser,Textiles,,2019-2021,Southern Africa,Textiles,Duplicate,404,"On July 6 2020, China's Keda Industrial received a loan worth $165 million to build factories in Africa. Source reports that from this loan, $33.5 million will be invested into a new ceramics factory in Mozambique. Could not find details on whether the project commenced.",Announced,Greenfield,33.5,,,,7/9/2020,,,https://www.clbrief.com/chinas-keda-industrial-to-build-a-ceramic-factory-in-mozambique/,https://www.clbrief.com/chinas-keda-industrial-to-build-a-ceramic-factory-in-mozambique/,,,https://www.clbrief.com/chinas-keda-industrial-to-build-a-ceramic-factory-in-mozambique/,,https://www.clbrief.com/chinas-keda-industrial-to-build-a-ceramic-factory-in-mozambique/,,,20-Jul,Keda Clean EnergyMozambiqueCeramics & glass37533.5,,China,Keda Clean Energy,Guangdong,Not Specified,Foshan,Not Specified,Not Specified,Not Specified,,,Ceramics & glass,Clay product & refractory,Construction,Manufacturing,,375,Yes,33.5,No,New,Announced,,Africa,,https://clubofmozambique.com/news/keda-industrial-borrows-us33-5-mln-for-mozambican-factory-164801/,406,
2020,China Mobile International (CMI),,,Kenya,,,,2019-2021,East Africa,,Duplicate,,Confidence status is Duplicate since it's a duplicate of deal ID 444.,Announced,Greenfield,,,,,5/14/2020,,,,,,,https://www.businesswire.com/news/home/20200514005389/en/2Africa-Transformative-Subsea-Cable-Future-Internet-Connectivity,,,,,20-May,China Mobile International (CMI)KenyaCommunications7221.8,,China,China Mobile Communications,Beijing Municipality,Not Specified,Beijing,Not Specified,Not Specified,Not Specified,,,Communications,Wired telecommunication carriers,ICT & Electronics,ICT & Internet Infrastructure,,72,Yes,21.8,Yes,New,Announced,,"Europe, Africa and the Middle East","Vodafone Group, Orange (France Telecom), Meta (Facebook), Saudi Telecom Company (STC), China Mobile International (CMI), Telecom Egypt, West Indian Ocean Cable Company (WIOCC), MTN GlobalConnect",https://www.businesswire.com/news/home/20200514005389/en/2Africa-Transformative-Subsea-Cable-Future-Internet-Connectivity,445,
2020,Hisense,,,South Africa,Industry & Trade/Ser,Manufacturing,,2019-2021,Southern Africa,Manufacturing,Duplicate,488,Dublicate of 488,Announced,Greenfield,,,,,9/29/2020,,,https://businesstech.co.za/news/technology/436567/new-hisense-factory-in-cape-town-to-create-over-200-jobs/,,,,https://businesstech.co.za/news/technology/436567/new-hisense-factory-in-cape-town-to-create-over-200-jobs/  https://www.sagoodnews.co.za/hisense-opens-high-tech-manufacturing-facility-in-western-cape/ ,,,https://hisense.co.za/company/  https://hisense.co.za/hisense-atlantis-factory-celebrates-11-years-of-growth-and-community-empowerment/  ,,20-Sep,HisenseSouth AfricaConsumer electronics20012.4,,China,Hisense,Shandong,Not Specified,Qingdao,Western Cape,Not Specified,Cape Town,Atlantis Special Economic Zone,,Consumer electronics,Household appliances,Consumer Goods,Manufacturing,,200,No,12.4,Yes,Expansion,Announced,,,,https://businesstech.co.za/news/technology/436567/new-hisense-factory-in-cape-town-to-create-over-200-jobs/,489,
2020,,,60,Angola,ICT,ICT Services,2022,2019-2021,Southern Africa,ICT,High,,"On August 27, 2020, Huawei announced that they will invest $60 million to invest in three technological training centers, part of a technological park, in Angola. The project was expected to be completed in December 2021. On June 16, 2020, Huawei announced that they have invested this money, but only into two technological training centers. Not certain what happened to the third center, perhaps it is no longer going to be developed. Interesting as they left out the third center but still invested the same amount of money overall. The project was inaugurated on November 14, 2022, but the article does not specify the final number of training centers built. I have assumed CN's stake is 100% as it makes no mention of any other company involved, just Huawei.",Completed,Greenfield,60,60,,100,8/27/2020,11/14/2022,Huawei,http://www.news.cn/english/africa/2021-06/17/c_1310012536.htm,http://www.xinhuanet.com/english/2020-08/28/c_139324053.htm,https://medafricatimes.com/28900-angola-president-inaugurated-huaweis-technological-park-in-luanda.html,http://www.xinhuanet.com/english/2020-08/28/c_139324053.htm,http://www.xinhuanet.com/english/2020-08/28/c_139324053.htm,https://medafricatimes.com/28900-angola-president-inaugurated-huaweis-technological-park-in-luanda.html,http://www.xinhuanet.com/english/2020-08/28/c_139324053.htm,,,21-Jun,389777,11026,China,Huawei Technologies,,,,,,,,,Communications ,Communications equipment,ICT & Electronics,Education & Training,,213,YES,60,NO,New,,,,,,10,
2020,China Harbour Engineering,,221,Nigeria,Transportation,Ports/Waterways,2022,2019-2021,West Africa,Transportation,High,,It is not clear why CHEC has 52.5% of a 1.5billion project. however about $690million loan was supplied by CDB to finance the project. the direct investment made by CHEC was 221million. ,Completed,Greenfield,221,221,N,52.5,6/15/2020,10/24/2022,China Habour Engineering LFTZ Enterprise (CHELE),https://www.premiumtimesng.com/promoted/562702-china-harbour-completes-construction-of-lekki-deep-sea-port.html?tztc=1%20;%20https://businessday.ng/maritime/article/chec-now-holds-52-5-stake-in-lekki-port-project/,"https://breakbulk.com/Articles/chec-progresses-lekki-port-project#:~:text=Construction%20firm%20China%20Harbour%20Engineering,engineering%2C%20procurement%20and%20construction%20contractor.",https://businessday.ng/maritime/article/chec-now-holds-52-5-stake-in-lekki-port-project/,https://businessday.ng/maritime/article/chec-now-holds-52-5-stake-in-lekki-port-project/,https://www.premiumtimesng.com/promoted/562702-china-harbour-completes-construction-of-lekki-deep-sea-port.html?tztc=1%20;%20https://businessday.ng/maritime/article/chec-now-holds-52-5-stake-in-lekki-port-project/,https://www.premiumtimesng.com/promoted/562702-china-harbour-completes-construction-of-lekki-deep-sea-port.html?tztc=1%20;%20https://businessday.ng/maritime/article/chec-now-holds-52-5-stake-in-lekki-port-project/,https://www.premiumtimesng.com/promoted/562702-china-harbour-completes-construction-of-lekki-deep-sea-port.html?tztc=1%20;%20https://businessday.ng/maritime/article/chec-now-holds-52-5-stake-in-lekki-port-project/,,,19-Oct,China Harbour EngineeringNigeriaTransportation & Warehousing1915850,,China,China Communications Construction Company,Beijing Municipality,Not Specified,Beijing,Lagos State,Not Specified,Lekki,,,Transportation & Warehousing,Warehousing & storage,Transportation & Warehousing,"Logistics, Distribution & Transportation",,1915,Yes,850,No,New,Announced,,,"China Harbour Engineering , Tolaram Group, Nigerian Ports Authority",https://www.thisdaylive.com/index.php/2020/04/03/lekki-port-receives-221m-china-harbour-equity-investment/,132,
2020,Power Construction Corporation of China (PowerChina),,548,Zambia,Energy,Renewable Energy Solar,,2019-2021,Southern Africa,Energy,High,,"On May 20, 2020, ZESCO Limited announced the signing of three contracts worth $548 million with Power China for the construction of three photovoltaic (PV) plants of 200 MW each in three districts in Zambia (Africa Energy Portal, 2020; Xinhua, 2020). The power plants are currently at the permitting stage with the project construction likely to commence in 2025 and begin commerical operation in 2026 (Power Technology > see general sources column). ""Chibombo Solar PV Park is being developed by Power Construction Corporation of China and is currently owned by ZESCO with a stake of 100%."" (Power Technology, 2024). The impact of coronavirus and concerns about swelling public debt have forced Zambia to postpone plans for China to build 600MW of solar capacity (African Energy, 2020; Leads 2 Business, 2024). Deal Status Suspended for now. Haven't found research on restarting the project.",Suspended,Greenfield,548,,,100,5/20/2020,,Power China,https://www.l2b.co.za/Project/Siavonga-200-MW-Solar-Plant-Zambia/26808#:~:text=PPA%2026808%20Construction%20of%20a%20200MW%20grid-connected%20solar%20farm%20in https://web.archive.org/web/20240207142933/https://www.africa-energy.com/news-centre/article/zambia-chinese-solar-plans-suspended ,"http://www.xinhuanet.com/english/2020-05/21/c_139075716.htm#:~:text=CHINGOLA,%20Zambia,%20May%2021%20(Xinhua)%20--%20Zambians%20on%20Thursday%20commended https://africa-energy-portal.org/news/zambia-zesco-limited-and-power-china-sign-548-million-solar-contracts#:~:text=The%20Zambia%20Electricity%20Supply%20Corporation%20ZESCO%20Limited%20recently%20signed",,,"http://www.xinhuanet.com/english/2020-05/21/c_139075716.htm#:~:text=CHINGOLA,%20Zambia,%20May%2021%20(Xinhua)%20--%20Zambians%20on%20Thursday%20commended https://africa-energy-portal.org/news/zambia-zesco-limited-and-power-china-sign-548-million-solar-contracts#:~:text=The%20Zambia%20Electricity%20Supply%20Corporation%20ZESCO%20Limited%20recently%20signed",,https://www.l2b.co.za/Project/Siavonga-200-MW-Solar-Plant-Zambia/26808#:~:text=PPA%2026808%20Construction%20of%20a%20200MW%20grid-connected%20solar%20farm%20in https://web.archive.org/web/20240207142933/https://www.africa-energy.com/news-centre/article/zambia-chinese-solar-plans-suspended ,https://www.power-technology.com/data-insights/power-plant-profile-chibombo-solar-pv-park-zambia/#:~:text=Chibombo%20Solar%20PV%20Park%20is%20a%20200MW%20solar%20PV%20power https://www.power-technology.com/data-insights/power-plant-profile-siavonga-solar-pv-park-zambia/#:~:text=Siavonga%20Solar%20PV%20Park%20is%20a%20200MW%20solar%20PV%20power https://www.power-technology.com/marketdata/chirundu-solar-pv-park-zambia/#:~:text=Chirundu%20Solar%20PV%20Park%20is%20a%20200MW%20solar%20PV%20power,,20-May,Power Construction Corporation of China (PowerChina)ZambiaRenewable energy54182.67,,China,Power Construction Corporation of China (PowerChina),Beijing Municipality,Not Specified,Beijing,Central Province,Not Specified,Chibombo,,,Renewable energy,Solar electric power,Environmental Technology,Electricity,,54,Yes,182.7,Yes,New,Announced,,,"Zambia Electricity Supply Corporation, Power Construction Corporation of China (PowerChina)",https://en.imsilkroad.com/p/313695.html,197,
2020,China Wu Yi,,38,Kenya,Industry & Trade/Ser,Manufacturing,,2019-2021,East Africa,Manufacturing,High,,"High because have deal status, announced amount, announced date. Business Cheif reported on May 19, 2020 that China Wu Yi would spend $38 million on constructing a huge factory to enhance its exposure in Kenyan real estate.",Announced,Greenfield,38,,,,5/19/2020,,China Wu Yi,https://businesschief.eu/technology/chinese-firm-china-wu-yi-build-mega-factory-kenya; https://www.kenyadetails.com/index.php/news/80-building-interiors/911-chinese-firm-china-wu-yi-to-construct-mega-factory-in-kenya,https://businesschief.eu/technology/chinese-firm-china-wu-yi-build-mega-factory-kenya; https://www.kenyadetails.com/index.php/news/80-building-interiors/911-chinese-firm-china-wu-yi-to-construct-mega-factory-in-kenya; https://www.caixinglobal.com/2018-05-08/fujian-firm-to-build-100-million-industry-park-in-kenya-101245731.html,,,https://businesschief.eu/technology/chinese-firm-china-wu-yi-build-mega-factory-kenya; https://www.kenyadetails.com/index.php/news/80-building-interiors/911-chinese-firm-china-wu-yi-to-construct-mega-factory-in-kenya,,https://www.chinadaily.com.cn/a/202407/12/WS66908f36a31095c51c50dbd3.html,https://www.chinadaily.com.cn/a/202407/12/WS66908f36a31095c51c50dbd3.html,,16-Aug,China Wu YiKenyaMetals342178.9,,China,Fujian Construction Engineering Group,Fujian,,Fuzhou,Not Specified,Not Specified,Not Specified,,,Metals,Iron & steel mills & ferroalloy,Construction,Manufacturing,,342,Yes,178.9,Yes,New,,,,,,203,
2020,Guangzhou Sunda International Trading Company,,323,"Congo, Democratic Republic of the",Industry & Trade/Ser,Manufacturing,,2019-2021,Central Africa,Manufacturing,High,,"Found some articles reporting the creation of a joint venture to develop ceramics factories in a number of countries in Africa, including the DRC. The total investment was reported to be $323 million, but I was not able to find any DRC-specific investment (the raw fdi data indicates $64 million investment so I assume that is specific to the DRC and the $323 million is for the entire project). The joint venture is between a Chinese company and a Taiwanese company, though I am not sure how much stake the Chinese company has. Regarding the announcement date, I just used the date one of the articles was published on as they did not report a specific date for the announcement itself. Renamed from Democratic Republic of Congo to Congo, Democratic Republic of the",Announced,Greenfield,323,,,,1/7/2020,,Sunda International Group,https://forumchinaplp.org.mo/en/economic_trade/view/5689,https://forumchinaplp.org.mo/en/economic_trade/view/5689,,,https://www.ecofinagency.com/finance/0701-40805-chinas-sunda-and-kenda-to-pump-323mln-in-ceramic-production-plants-in-africa,,https://forumchinaplp.org.mo/en/economic_trade/view/5689,,,20-Jan,"Guangzhou Sunda International Trading CompanyCongo, Democratic Republic of theCeramics & glass71764",,China,Guangzhou Sunda International Trading Company,Guangdong,Not Specified,Guangzhou,Not Specified,Not Specified,Not Specified,,,Ceramics & glass,Clay product & refractory,Construction,Manufacturing,,717,Yes,64,Yes,New,Announced,,,"Kenda Rubber Industrial, Guangzhou Sunda International Trading Company",http://www.forumchinaplp.org.mo/sunda-intl-kenda-rubber-to-make-ceramics-in-mozambique/,327,
2020,Keda Clean Energy,,33.5,Cameroon,Industry & Trade/Ser,Manufacturing,2024,2019-2021,Central Africa,Manufacturing,High,,"The project is a US$33.5 million loan from the International Finance Corporation (IFC), a subsidiary of the World Bank, to the African subsidiary of China Keda Industrial Co., Ltd. to build a factory producing tiles in Mozambique. Since it is a loan construction by a Chinese company, we classify it as an investment by a Chinese company. The project started in 2020, but there are no follow-up reports. PK 11/25/2024 The factory was inaugurated September 2025. Documentation from IFC and Keda also confirms the initial commitment.",Completed,Greenfield,33.5,,,,7/6/2020,9/16/2024,Keda Industrial Co. Ltd,https://clubofmozambique.com/news/keda-industrial-borrows-us33-5-mln-for-mozambican-factory-164801/,https://clubofmozambique.com/news/keda-industrial-borrows-us33-5-mln-for-mozambican-factory-164801/,,,https://clubofmozambique.com/news/keda-industrial-borrows-us33-5-mln-for-mozambican-factory-164801/,https://aimnews.org/2024/09/17/nyusi-inaugurates-ceramics-factory/,,https://kedainternational.com/uploadfile/2022/0816/20220816102530499.pdf p.15 | https://disclosures.ifc.org/project-detail/SII/42507/ceramic-tile-af ,,20-Jul,Keda Clean EnergyCameroonCeramics & glass37533.5,,China,Keda Clean Energy,Guangdong,Not Specified,Foshan,Not Specified,Not Specified,Not Specified,,,Ceramics & glass,Clay product & refractory,Construction,Manufacturing,,375,Yes,33.5,No,New,Announced,,Africa,,https://clubofmozambique.com/news/keda-industrial-borrows-us33-5-mln-for-mozambican-factory-164801/,402,
2020,Hengye Electronics Industry,,20,Angola,Industry & Trade/Ser,Manufacturing,,2019-2021,Southern Africa,Manufacturing,High,,"On March 16, 2020, Hengye Electronics announced an investment of $20 million in Angola, for the installation of a plant to produce water and electricity meters. The project was predicted to be complete in March 2021 but no updates were found on this for now.",Announced,Greenfield,20,,,,3/16/2020,,Hengye Electronics Industry Co. Ltd,https://www.ipim.gov.mo/en/portuguese-speaking-countries-news/2020-10-14-hengye-electronics-to-make-electricity-meters-in-angola/,https://www.ipim.gov.mo/en/portuguese-speaking-countries-news/2020-10-14-hengye-electronics-to-make-electricity-meters-in-angola/,,,http://www.xinhuanet.com/english/2020-03/19/c_138896258.htm,,https://www.ipim.gov.mo/en/portuguese-speaking-countries-news/2020-10-14-hengye-electronics-to-make-electricity-meters-in-angola/,,,20-Mar,Hengye Electronics IndustryAngolaIndustrial equipment19820,,China,Zhejiang Hengye Electronics,Zhejiang,Not Specified,Zhejiang,Luanda,Not Specified,Luanda,Luanda-Bengo Special Economic Zone,,Industrial equipment,Measuring & control instruments,Industrial,Manufacturing,,198,Yes,20,No,New,Announced,,,,http://www.xinhuanet.com/english/2020-03/19/c_138896258.htm,449,
2020,BGI (Beijing Genomics Institute),,5,Ethiopia,Health,Health Facilities and Construction,2020,2019-2021,East Africa,Health,High,,"""China's BGI Genomics has kicked off production at its new plant in Ethiopia to help reduce its reliance on imported Covid-19 testing kits"" (YiCai Global, 2020);  Deal Status completed. The firm invested $5 million (YiCAi Global, 2020). The BGI Ethiopia COVID-19 test kit factory, located inside the Bole Lemi industrial park, was inaugarated on Sept 13, 2020 (Xinhua, 2020). On April 22, 2021, the Ethiopian Airlines Group announced that it has joined hands with BGI Health Ethiopia to launch high-end COVID-19 testing laboratory at Addis Ababa Bole International Airport; see additional sources column (Ethiopian Airlines, 2021).",Completed,Greenfield,,5,,,,9/13/2020,BGI Genomics,https://www.yicaiglobal.com/news/china-bgi-genomics-opens-usd5-million-plant-in-ethiopia-to-boost-covid-19-testing https://www.bgi.com/global/news/xinhua-news---feature:-chinese-company-wins-acclaim-for-technology-transfer-endeavors-to-drive-ethiopia-s-fight-against-covid-19,,https://www.yicaiglobal.com/news/china-bgi-genomics-opens-usd5-million-plant-in-ethiopia-to-boost-covid-19-testing,,,"http://www.xinhuanet.com/english/2020-09/23/c_139388698.htm#:~:text=ADDIS%20ABABA,%20Sept.%2022%20(Xinhua)%20--%20Chen%20Songheng,%20General%20Manager","http://www.xinhuanet.com/english/2020-09/23/c_139388698.htm#:~:text=ADDIS%20ABABA,%20Sept.%2022%20(Xinhua)%20--%20Chen%20Songheng,%20General%20Manager",https://corporate.ethiopianairlines.com/Press-release-open-page/ethiopian-launches-high-end-covid-19-testing-lab-at-its-hub,,20-Sep,BGI (Beijing Genomics Institute)EthiopiaBiotechnology75,,China,BGI (Beijing Genomics Institute),Guangdong,Not Specified,Shenzhen,Not Specified,Not Specified,Not Specified,,,Biotechnology,In-Vitro diagnostic substances,Life sciences,Manufacturing,Coronavirus,7,Yes,5,No,New,Opened,,,,https://www.yicaiglobal.com/news/china-bgi-genomics-opens-usd5-million-plant-in-ethiopia-to-boost-covid-19-testing,600,
2020,UPC Tunisia Renewables,,40,Tunisia,Energy,Renewable Energy Wind,,2019-2021,North Africa,Energy,High,,"On June 8, 2020, UPC Renewables and CFM announced a partnership for the development of a 30 MW windfarm in Tunisia. The cost of the project is expected to be $40 million and as of June 2020 it is about to enter its construction phase. Earlier, in January 2019, UPC won the right in a bid to construct a 30 MW wind farm.",Announced,Greenfield,40,,,,6/8/2020,,UPC Renewables,https://www.upcrenewables.com/others/upc-renewables-north-africa-and-cio-partner-to-develop-the-sidi-mansour-wind-farm-in-tunisia/,https://africa-energy-portal.org/news/tunisia-upc-renewables-and-cfm-reach-agreement-sidi-mansour-wind-farm,,,https://www.upcrenewables.com/others/upc-renewables-north-africa-and-cio-partner-to-develop-the-sidi-mansour-wind-farm-in-tunisia/,,https://www.upcrenewables.com/others/upc-renewables-north-africa-and-cio-partner-to-develop-the-sidi-mansour-wind-farm-in-tunisia/,,,19-Jan,UPC Tunisia RenewablesTunisiaRenewable energy67165,,Hong Kong,UPC Renewables,Hong Kong,Hong Kong,Hong Kong,Banzart (Bizerte),Not Specified,Kchabta,,,Renewable energy,Wind electric power,Environmental Technology,Electricity,,67,Yes,165,Yes,New,Announced,,,,https://www.windpowermonthly.com/article/1523024/first-tunisia-tender-rewards-european-firms,670,
2020,CMOC Ltd,"Jenny East Holdings Ltd, Kisanfu Holdings Ltd",550,"Congo, Democratic Republic of the",Metals and Minerals,Metals and Minerals,,2019-2021,Central Africa,Metals and Minerals,High,,Includes Cobalt,Completed,M&A,550,,,,12/11/2020,,,,,,,,,,,,20-Dec,CMOC LtdCongo (DRC),,Hong Kong,,,,,,,,,,,,,,,,,,,,,,,,,,3672845040
2020,CNG (Nigeria) Investment Ltd,Undisclosed Nigeria Company,,Nigeria,Financial Sector,Capital Markets,,2019-2021,West Africa,Financial Sector,High,,,Completed,M&A,,,,,12/8/2020,,,,,,,,,,,,20-Dec,CNG (Nigeria) Investment LtdNigeria,,Hong Kong,,,,,,,,,,,,,,,,,,,,,,,,,,3679504040
2020,Li'an Media Co Ltd,Clockwork Goblin Tech Corp,14.96,Seychelles,Industry & Trade/Ser,Business Services,,2019-2021,East Africa,Business Services,High,,,Completed,M&A,14.96,,,,10/24/2020,,,,,,,,,,,,20-Oct,Li'an Media Co LtdSeychelles,,China,,,,,,,,,,,,,,,,,,,,,,,,,,3652312040
2020,Poly Technologies Inc,International Marathon United Technology,,Egypt,Defense and Military,Defense and Military,,2019-2021,North Africa,Defense and Military,High,,,Completed,M&A,,,,,7/30/2020,,,,,,,,,,,,20-Jul,Poly Technologies IncEgypt,,China,,,,,,,,,,,,,,,,,,,,,,,,,,3628414040
2020,Investor Group,Banro Corp Ltd-Namoya Gold Mine,,"Congo, Democratic Republic of the",Metals and Minerals,Metals and Minerals,,2019-2021,Central Africa,Metals and Minerals,High,,,Completed,M&A,,,,,6/23/2020,,,,,,,,,,,,20-Jun,Investor GroupCongo (DRC),,Hong Kong,,,,,,,,,,,,,,,,,,,,,,,,,,3512387040
2020,Investor Group,Simandou Iron Ore Project,,Guinea,Metals and Minerals,Metals and Minerals,,2019-2021,West Africa,Metals and Minerals,High,,,Completed,M&A,,,,,6/20/2020,,,,,,,,,,,,20-Jun,Investor GroupGuinea,,China,,,,,,,,,,,,,,,,,,,,,,,,,,3591456040
2020,Huaxin Cement Co Ltd,Maweni Limestone Ltd,115.11,Tanzania,Industry & Trade/Ser,Material Production and Processing,,2019-2021,East Africa,Material Production and Processing,High,,,Completed,M&A,115.11,,,,5/20/2020,,,,,,,,,,,,20-May,Huaxin Cement Co LtdTanzania,,China,,,,,,,,,,,,,,,,,,,,,,,,,,3460710040
2020,China Harbour Engineering Co Ltd,Lekki Port Lftz Enterprise Ltd,233.71,Nigeria,Transportation,Ports/Waterways,,2019-2021,West Africa,Transportation,High,,,Completed,M&A,233.71,,,,4/3/2020,,,,,,,,,,,,20-Apr,China Harbour Engineering Co LtdNigeria,,China,,,,,,,,,,,,,,,,,,,,,,,,,,3634487040
2020,Gold Leaf Holdings Ltd,Cut Rag Processors Pvt Ltd,,Zambia,Industry & Trade/Ser,Manufacturing,,2019-2021,Southern Africa,Manufacturing,High,,,Completed,M&A,,,,,2/28/2020,,,,,,,,,,,,20-Feb,Gold Leaf Holdings LtdZambia,,Hong Kong,,,,,,,,,,,,,,,,,,,,,,,,,,3532272040
2020,China Mobile International (CMI),,,Nigeria,ICT,ICT Infrastructure,2024,2019-2021,West Africa,ICT,Irrelevant,,"the investment is an African wide subsea cable investment, i have provided links to recent reports/publications on the investment. this is not a single investment by the CMI, but a joint partnership with 7 other companies (Meta, MTN GlobalConnect, Orange, stc, Telecom Egypt, Vodafone and WIOCC) to build subsea cable (2Africa) in Africa. i could not confirm the amount of investment the 8 companies jointly made into 2Africa but the joint cable investment (in2Africa) in different African countries has commenced, with a cable landing in Nigeria in February 2024. i categorised this as completed because 2Africa cable already landed in Nigeria this year, 2024. but this is not a sole investment by CMI",,Greenfield,,,,,5/14/2020,2/9/2024,,https://siliconafrica.org/the-largest-subsea-cable-2africa-lands-in-nigeria/#google_vignette,https://www.2africacable.net/about,https://siliconafrica.org/the-largest-subsea-cable-2africa-lands-in-nigeria/#google_vignette,,https://www.2africacable.net/about,https://www.datacenterdynamics.com/en/news/2africa-cable-lands-in-nigeria/,https://siliconafrica.org/the-largest-subsea-cable-2africa-lands-in-nigeria/#google_vignette,https://siliconafrica.org/the-largest-subsea-cable-2africa-lands-in-nigeria/ ;  ,,20-May,China Mobile International (CMI)NigeriaCommunications72899.2,,China,China Mobile Communications,Beijing Municipality,Not Specified,Beijing,Not Specified,Not Specified,Not Specified,,,Communications,Wired telecommunication carriers,ICT & Electronics,ICT & Internet Infrastructure,,72,Yes,899.2,Yes,New,Announced,,"Europe, Africa and the Middle East","Vodafone Group, Orange (France Telecom), Meta (Facebook), Saudi Telecom Company (STC), China Mobile International (CMI), Telecom Egypt, West Indian Ocean Cable Company (WIOCC), MTN GlobalConnect",https://www.businesswire.com/news/home/20200514005389/en/2Africa-Transformative-Subsea-Cable-Future-Internet-Connectivity,127,
2020,China Mobile International (CMI),,,Ghana,ICT,ICT Infrastructure,2024,2019-2021,West Africa,ICT,Irrelevant,,"This project is an Africa-wide project funded by 8 companies, including African companies. As we cannot determine the investment capital of Chinese companies and the shares of Chinese companies in this project, it is marked as not relevant.",,Greenfield,,,,,5/14/2020,1/1/2024,,https://www.2africacable.net/updates,,,,,"https://bayobab.africa/bayobab-lands-2africa-subsea-cable-in-ghana-further-strengthening-internet-connectivity-in-africa/#:~:text=Bayobab%20%28formerly%20MTN%20GlobalConnect%29%20has%20landed%20the%2045%2C000km,Africa%2C%20once%20complete%20in%202023%20and%202024%2C%20respectively.",https://www.2africacable.net/updates,https://www.2africacable.net/updates,,20-May,China Mobile International (CMI)GhanaCommunications72141.3,,China,China Mobile Communications,Beijing Municipality,Not Specified,Beijing,Not Specified,Not Specified,Not Specified,,,Communications,Wired telecommunication carriers,ICT & Electronics,ICT & Internet Infrastructure,,72,Yes,141.3,Yes,New,Announced,,"Europe, Africa and the Middle East","Vodafone Group, Orange (France Telecom), Meta (Facebook), Saudi Telecom Company (STC), China Mobile International (CMI), Telecom Egypt, West Indian Ocean Cable Company (WIOCC), MTN GlobalConnect",https://www.businesswire.com/news/home/20200514005389/en/2Africa-Transformative-Subsea-Cable-Future-Internet-Connectivity,224,
2020,Zoomlion Heavy Industry Science and Technology (Changsha Zoomlion Heavy Industry Science & Techonology Development),,40.95,Ghana,Industry & Trade/Ser,Waste Management,,2019-2021,West Africa,Waste Management,Irrelevant,,This is not a Chinese company or investment - Josepong is a Ghanaian business that invested with a Hungarian government fund through Zoomlion (a subsidiary of Josepong). So it is irrelevant,Suspended,Greenfield,40.95,,,,10/29/2020,,,https://zaaradio.com/business/northern-region-gets-35m-2-waste-management-plants-from-zoomlion-ghana/,"https://www.ghanaweb.com/GhanaHomePage/NewsArchive/Zoomlion-Ghana-to-establish-two-waste-management-plants-in-the-Northern-Region-1049254#:~:text=The%20Chief%20Executive%20Officer%20(CEO,%2C%20Yaa%2DNaa%20Manama%20Abukari.",,,"https://www.ghanaweb.com/GhanaHomePage/NewsArchive/Zoomlion-Ghana-to-establish-two-waste-management-plants-in-the-Northern-Region-1049254#:~:text=The%20Chief%20Executive%20Officer%20(CEO,%2C%20Yaa%2DNaa%20Manama%20Abukari.",,"https://www.ghanaweb.com/GhanaHomePage/NewsArchive/Zoomlion-Ghana-to-establish-two-waste-management-plants-in-the-Northern-Region-1049254#:~:text=The%20Chief%20Executive%20Officer%20(CEO,%2C%20Yaa%2DNaa%20Manama%20Abukari.",https://zaaradio.com/business/northern-region-gets-35m-2-waste-management-plants-from-zoomlion-ghana/,,20-Sep,Zoomlion Heavy Industry Science and Technology (Changsha Zoomlion Heavy Industry Science & Techonology Development)GhanaIndustrial equipment625105.1,,China,Zoomlion Heavy Industry Science and Technology (Changsha Zoomlion Heavy Industry Science & Techonology Development),Hunan,Not Specified,Changsha,Northern Region,Not Specified,Not Specified,,,Industrial equipment,"Agriculture, construction, & mining machinery",Construction,Maintenance & Servicing,,625,No,105.1,Yes,New,Announced,,,,https://www.marketwatch.com/press-release/zoomlion-ghana-is-to-establish-two-waste-management-plants-in-the-northern-region-2020-09-02?mod=mw_more_headlines&tesla=y,243,
2020,Guangzhou Sunda International Trading Company,,323,Senegal,,,,2019-2021,West Africa,,Irrelevant,,"The announced investment was for 5 African countries and some of the investments have been made in some of the countries already - an example is Senegal in deal 229. it is not confirmed if the investment in other countries have been carried out but with the senegal case, part of the investment has commenced.",Commenced,Greenfield,323,,,,1/7/2020,,,,https://forumchinaplp.org.mo/en/economic_trade/view/5689,,,https://www.ecofinagency.com/finance/0701-40805-chinas-sunda-and-kenda-to-pump-323mln-in-ceramic-production-plants-in-africa,,,,,20-Jan,Guangzhou Sunda International Trading CompanySenegalCeramics & glass71764,,China,Guangzhou Sunda International Trading Company,Guangdong,Not Specified,Guangzhou,Not Specified,Not Specified,Not Specified,,,Ceramics & glass,Clay product & refractory,Construction,Manufacturing,,717,Yes,64,No,New,Announced,,,"Kenda Rubber Industrial, Guangzhou Sunda International Trading Company",http://www.forumchinaplp.org.mo/sunda-intl-kenda-rubber-to-make-ceramics-in-mozambique/,329,
2020,China Mobile International (CMI),,,Kenya,,,,2019-2021,East Africa,,Irrelevant,,"Nafisat: You can let me know whether you agree or not with the change i made.                                                                                       Changed confidence status to irrelevant as it's a project developed through a partnership of 8 companies, including a Chinese firm- China Mobile International, but we do not know how much they invested or what the share of the Chinese company is in the investment.

Medium because no amount is provided.",Announced,Greenfield,,,,,5/14/2020,,,,,,,https://www.businesswire.com/news/home/20200514005389/en/2Africa-Transformative-Subsea-Cable-Future-Internet-Connectivity,,,https://www.datacenterdynamics.com/en/news/china-mobile-and-facebook-joint-project-build-2africa-submarine-cable/,,20-May,China Mobile International (CMI)KenyaCommunications7221.8,,China,China Mobile Communications,Beijing Municipality,Not Specified,Beijing,Not Specified,Not Specified,Not Specified,,,Communications,Wired telecommunication carriers,ICT & Electronics,ICT & Internet Infrastructure,,72,Yes,21.8,Yes,New,Announced,,"Europe, Africa and the Middle East","Vodafone Group, Orange (France Telecom), Meta (Facebook), Saudi Telecom Company (STC), China Mobile International (CMI), Telecom Egypt, West Indian Ocean Cable Company (WIOCC), MTN GlobalConnect",https://www.businesswire.com/news/home/20200514005389/en/2Africa-Transformative-Subsea-Cable-Future-Internet-Connectivity,444,
2020,China Mobile International (CMI),,,Djibouti,ICT,ICT Infrastructure,,2019-2021,East Africa,ICT,Low,,"2Africa is set to be the largest submarine cable system ever deployed, spanning over 45,000km. Project announced on May 14 2020 (Business Wire, 2020; 2Africacable, 2020). Project is on track for completion in 2024, deal status as ""commenced"" (2AfricaCable, 2020; CMI, 2024). No additional news indicating completion. Sector is ICT infrastructure/telecommunications based on all three sources. Confidence status is medium due to investment amount being unknown. Some sources (see other sources column) say the project is under $1 billion but haven't found official sources indicating this. This project is under Djibouti but note that this is a transboundary project across various African and Middle Eastern countries; this includes Egypt (#279), Madagascar (#283), Sudan (#293), and Tanzania (#295).",Commenced,Greenfield,,,,,5/14/2020,,China Mobile International Limited (CMI),https://www.2africacable.net/updates https://www.cmi.chinamobile.com/en/news-and-events/news/detail?id=2440,,,,https://www.2africacable.net/updates https://www.businesswire.com/news/home/20200514005389/en/2Africa-Transformative-Subsea-Cable-Future-Internet-Connectivity https://www.cmi.chinamobile.com/en/news-and-events/news/detail?id=2440,,https://www.2africacable.net/updates https://www.businesswire.com/news/home/20200514005389/en/2Africa-Transformative-Subsea-Cable-Future-Internet-Connectivity https://www.cmi.chinamobile.com/en/news-and-events/news/detail?id=2440,https://blog.telegeography.com/telecom-headlines-may-2020 https://gritdaily.com/facebook-is-building-an-underwater-cable-around-africa-to-bolster-the-continents-internet-access/ https://finance.yahoo.com/news/faster-internet-coming-africa-facebook-094756958.html?guccounter=1&guce_referrer=aHR0cHM6Ly9ncml0ZGFpbHkuY29tLw&guce_referrer_sig=AQAAAEfyUiJ-5OvKyZxU7ZI_i25Q6wE7gj3rTG45PiqJi86Tnhd7LXpdAMwiFpV1RLzA8ffCWkLeux52vda1CXtiilrauHHZspUNN2tB9TFibe7H9iTkeBhd7cNa_CdIHeN63dth9mATDwCoIDwUh3NPsNcm-qWEcQysrJCOtGJ570O2,,20-May,China Mobile International (CMI)DjiboutiCommunications7294.4,,China,China Mobile Communications,Beijing Municipality,Not Specified,Beijing,Djibouti,Not Specified,Not Specified,,,Communications,Wired telecommunication carriers,ICT & Electronics,ICT & Internet Infrastructure,,72,Yes,94.4,Yes,New,Announced,,"Europe, Africa and the Middle East","Vodafone Group, Orange (France Telecom), Meta (Facebook), Saudi Telecom Company (STC), China Mobile International (CMI), Telecom Egypt, West Indian Ocean Cable Company (WIOCC), MTN GlobalConnect",https://www.businesswire.com/news/home/20200514005389/en/2Africa-Transformative-Subsea-Cable-Future-Internet-Connectivity,277,
2020,Guangdong Clean Energy Co. Ltd.,,82,Senegal,Industry & Trade/Ser,Hospitality and Tourism,2020,2019-2021,West Africa,Hospitality and Tourism,Medium,,"RP: Could not find announce date. Investment was inagurated on 14th Januray according to the other sources added. however, no source on the announcement of the investment. appears to be a whole-owned investment, hence, 100 stake is inputed.",Completed,Greenfield,,82,,,,1/14/2020,Twyford Ceramics,"https://www.impact.sn/SOCIAL-INVESTIGATION-Twyford-factory-Senegalese-workers-in-the-hell-of-Chinese-ceramics_a47786.html#:~:text=Twyford%20%2D%20renamed%20Keda%20(Sn),to%20senegal%2Dexport.com.",,http://jiahoninternational.com/newsinfo/650693.html,,,http://jiahoninternational.com/newsinfo/650693.html,http://jiahoninternational.com/newsinfo/650693.html,,,20-Jan,Guangdong Clean Energy Co. Ltd.SenegalCeramics & glass1500133.9,,China,Guangdong Clean Energy Co. Ltd.,Guangdong,Not Specified,Foshan,Thies,Not Specified,M'Bour,,,Ceramics & glass,Clay product & refractory,Construction,Manufacturing,,1500,No,133.9,Yes,New,Opened,,,,http://lesoleil.sn/inauguration-de-lusine-twyford-ceramics-macky-sall-determine-a-poursuivre-lindustrialisation-du-pays/,229,
2020,China Mobile International (CMI),,,Mozambique,ICT,ICT Infrastructure,2023,2019-2021,Southern Africa,ICT,Medium,,"Update: The project was launched in May 2020. Source attached in general/other  

Part of an overall project for the whole continent of Africa. The Mozambique portion of this project was completed on 15 August 2023. The overall 2Africa cable project is expected to be complete in 2024.",Completed,Greenfield,,,,,5/1/2020,8/15/2023,China Mobile International,https://developingtelecoms.com/telecom-technology/optical-fixed-networks/15373-2africa-now-mozambique-is-connected.html,,,,,https://developingtelecoms.com/telecom-technology/optical-fixed-networks/15373-2africa-now-mozambique-is-connected.html,https://developingtelecoms.com/telecom-technology/optical-fixed-networks/15373-2africa-now-mozambique-is-connected.html,https://subtelforum.com/2africa-cable-lands-in-mozambique-2,,20-May,China Mobile International (CMI)MozambiqueCommunications7294.4,,China,China Mobile Communications,Beijing Municipality,Not Specified,Beijing,Not Specified,Not Specified,Not Specified,,,Communications,Wired telecommunication carriers,ICT & Electronics,ICT & Internet Infrastructure,,72,Yes,94.4,Yes,New,Announced,,"Europe, Africa and the Middle East","Vodafone Group, Orange (France Telecom), Meta (Facebook), Saudi Telecom Company (STC), China Mobile International (CMI), Telecom Egypt, West Indian Ocean Cable Company (WIOCC), MTN GlobalConnect",https://www.businesswire.com/news/home/20200514005389/en/2Africa-Transformative-Subsea-Cable-Future-Internet-Connectivity,285,
2020,China Mobile International (CMI),,,Somalia,ICT,ICT Infrastructure,,2019-2021,East Africa,ICT,Medium,,"This project is part of an overall project taking place across Africa. I was able to find a specific source for Somalia's portion of the project, but with few details. Somalia's involvement with 2Africa cable was announced in May 2020 but as of 2024 a Facebook post by Dalkom, the company handling the local implementation of the infrastructure implies it has not been completed yet, and unclear on whether it has commenced.",Announced,Greenfield,,,,,5/16/2020,,China Mobile International,https://www.facebook.com/Dalkomsomalia/photos/the-landing-of-the-2africa-cable-in-somalia-is-expected-to-significantly-enhance/1052299709932329/?_rdr,,,,https://web.archive.org/web/20201001133700/https://radioarlaadi.so/2020/05/16/dowladda-soomaaliya-oo-soo-dhoweysay-xarig-internet-oo-dalka-ku-xiri-doona-yurub-bariga-dhexe-iyo-afrika/,,https://web.archive.org/web/20201001133700/https://radioarlaadi.so/2020/05/16/dowladda-soomaaliya-oo-soo-dhoweysay-xarig-internet-oo-dalka-ku-xiri-doona-yurub-bariga-dhexe-iyo-afrika/,,,20-May,China Mobile International (CMI)SomaliaCommunications7294.4,,China,China Mobile Communications,Beijing Municipality,Not Specified,Beijing,Not Specified,Not Specified,Not Specified,,,Communications,Wired telecommunication carriers,ICT & Electronics,ICT & Internet Infrastructure,,72,Yes,94.4,Yes,New,Announced,,"Europe, Africa and the Middle East","Vodafone Group, Orange (France Telecom), Meta (Facebook), Saudi Telecom Company (STC), China Mobile International (CMI), Telecom Egypt, West Indian Ocean Cable Company (WIOCC), MTN GlobalConnect",https://www.businesswire.com/news/home/20200514005389/en/2Africa-Transformative-Subsea-Cable-Future-Internet-Connectivity,291,
2020,China Telecom,,,South Africa,ICT,ICT Infrastructure,,2019-2021,Southern Africa,ICT,Medium,,"The entry talkes about a new internet cable from Africa to Latam jointly invested by China Telecom Global and Angola Cables, but further research found that on May 14, 2020, China Telecom Global signed a partnership with Angola Cables, using them as carrier to ""boost the long-haul links between Asia, Africa, and Latin America"" (ecofinagency, 19 May 2020), indicating that there already is a cable in place. Further research cannot provide an amount for investment.",Announced,Greenfield,,,,,5/14/2020,,China Telecom Global (CTG),https://www.biztechafrica.com/article/china-and-angola-expand-digital-connectivity-betwe/37093/,,,,https://www.ecofinagency.com/telecom/1905-41377-china-telecom-global-selects-angola-cables-to-improve-connectivity-between-asia-africa-and-latin-america  https://www.biztechafrica.com/article/china-and-angola-expand-digital-connectivity-betwe/37093/ ,,,,,20-May,China TelecomSouth AfricaCommunications7246.1,,China,China Telecommunications Corporation,Beijing Municipality,Not Specified,Beijing,Not Specified,Not Specified,Not Specified,,,Communications,Wired telecommunication carriers,ICT & Electronics,ICT & Internet Infrastructure,,72,Yes,46.1,Yes,New,Announced,,"China, South Africa, and Brazil","China Telecom, Angola Cables",https://www.biztechafrica.com/article/china-and-angola-expand-digital-connectivity-betwe/15713/,376,
2020,Keda Clean Energy,,165,"Congo, Democratic Republic of the",Industry & Trade/Ser,Manufacturing,,2019-2021,Central Africa,Manufacturing,Medium,,"Update: This is not the same as deal ID 327, 328, and 330. This project involves Keda Industrial, not Kenda Rubber Industrial.

Update: Used the attached article's publication date as the approximate announcement date. Was not able to find anything else so not 100% sure.

Only found one source mentioning this project. It involves investment by an African subsidiary of a Chinese firm to build ceramics factories across multiple countries in Africa including DRC. The article was focused on an announcement for factories in Mozambique but did not give any information for the DRC side of the project. I indicated an announced amount of $165 million, as that is what the total announced cost of the project is, and that it has already commenced overall, with some countries already having the factories. Not sure what the announce date is as this article is only reporting on the specific Mozambique section of the project but I could not find any information for the overall announcement date. Renamed from Democratic Republic of Congo to Congo, Democratic Republic of the",Commenced,Greenfield,165,,,100,6/6/2020,,Keda Industrial Co. Ltd,https://clubofmozambique.com/news/keda-industrial-borrows-us33-5-mln-for-mozambican-factory-164801/,https://clubofmozambique.com/news/keda-industrial-borrows-us33-5-mln-for-mozambican-factory-164801/,,https://clubofmozambique.com/news/keda-industrial-borrows-us33-5-mln-for-mozambican-factory-164801/,https://clubofmozambique.com/news/keda-industrial-borrows-us33-5-mln-for-mozambican-factory-164801/,,https://clubofmozambique.com/news/keda-industrial-borrows-us33-5-mln-for-mozambican-factory-164801/,,,20-Jul,"Keda Clean EnergyCongo, Democratic Republic of theCeramics & glass37533.5",,China,Keda Clean Energy,Guangdong,Not Specified,Foshan,Not Specified,Not Specified,Not Specified,,,Ceramics & glass,Clay product & refractory,Construction,Manufacturing,,375,Yes,33.5,No,New,Announced,,Africa,,https://clubofmozambique.com/news/keda-industrial-borrows-us33-5-mln-for-mozambican-factory-164801/,404,
2020,Hisense,,,South Africa,Industry & Trade/Ser,Manufacturing,,2019-2021,Southern Africa,Manufacturing,Medium,,"This seems to me an announcement of a new electronics factory in Atlantis, Cape Town. Not to be confused with the manufacturing facility in Atlantis that opened in 2013. The new factory is to be an expansion of the current one, produce washing machines, whereas the old one will continue with TVs and refrigerators. Their own website does not mention the 2021 factory, indicating that it may not have been built yet (https://hisense.co.za/company/). ",Announced,Greenfield,,,,,9/29/2020,,Hisense,https://businesstech.co.za/news/technology/436567/new-hisense-factory-in-cape-town-to-create-over-200-jobs/,,,,https://businesstech.co.za/news/technology/436567/new-hisense-factory-in-cape-town-to-create-over-200-jobs/  https://www.sagoodnews.co.za/hisense-opens-high-tech-manufacturing-facility-in-western-cape/ ,,,https://hisense.co.za/company/  https://hisense.co.za/hisense-atlantis-factory-celebrates-11-years-of-growth-and-community-empowerment/  ,,20-Sep,HisenseSouth AfricaConsumer electronics20012.4,,China,Hisense,Shandong,Not Specified,Qingdao,Western Cape,Not Specified,Cape Town,Atlantis Special Economic Zone,,Consumer electronics,Household appliances,Consumer Goods,Manufacturing,,200,No,12.4,Yes,Expansion,Announced,,,,https://businesstech.co.za/news/technology/436567/new-hisense-factory-in-cape-town-to-create-over-200-jobs/,488,
2020,Huawei Kenya,,,Kenya,ICT,ICT Services,2020,2019-2021,East Africa,ICT,Medium,,"Medium because lacks completed amount. Xinhua net reported on Dec 18 2020 that Huawei ""had activated its delivery operations center in Nairobi to provide projects delivery oversight and support for its sub-contractors.""",Completed,Greenfield,,,,,,12/18/2020,Huawei Kenya,http://www.xinhuanet.com/english/2020-12/18/c_139601171.htm,,,,,http://www.xinhuanet.com/english/2020-12/18/c_139601171.htm,http://www.xinhuanet.com/english/2020-12/18/c_139601171.htm,https://www.telecompaper.com/news/huawei-kenya-opens-nairobi-centre-to-oversee-subcontractors-with-connections-via-smart-helmet--1366430; https://www.the-star.co.ke/business/2020-12-21-huawei-kenya-invests-in-its-suppliers-delivery-capability,,20-Dec,Huawei KenyaKenyaCommunications374.7,,China,Huawei Technologies,Guangdong,Not Specified,Shenzhen,Nairobi Area,Not Specified,Nairobi,,,Communications,Communications equipment,ICT & Electronics,"Sales, Marketing & Support",,37,Yes,4.7,Yes,New,Opened,,,,https://www.telecompaper.com/news/huawei-kenya-opens-nairobi-centre-to-oversee-subcontractors-with-connections-via-smart-helmet--1366430,605,
2020,Bernet International,,,South Africa,Financial Sector,Capital Markets,,2019-2021,Southern Africa,Financial Sector,Medium,,"This is an announcement of future plans of ""opening physical office locations in countries where a large portion of their client base resides"" (GlobeNewswire). According to GlobeNewswire, this is planned to take place in the fourth quarter of 2025. This investment has not happened yet. Unsure what the sub-sector would be here. Bernet international offers their clients a large selection of financial advice and services. PK 11/18/2024 Adding Capital Markets as sub-sector.",Announced,Greenfield,,,,,12/7/2020,,Bernet International,https://www.globenewswire.com/news-release/2020/12/07/2140440/0/en/Bernet-International-Announce-Bold-Expansion-Plans.html ,,,,https://www.globenewswire.com/news-release/2020/12/07/2140440/0/en/Bernet-International-Announce-Bold-Expansion-Plans.html ,,,,,20-Dec,Bernet InternationalSouth AfricaFinancial services199.5,,Hong Kong,Bernet International,Hong Kong,Hong Kong,Hong Kong,Gauteng,Not Specified,Johannesburg,,,Financial services,Corporate & investment banking,Financial Services,Business Services,,19,Yes,9.5,Yes,New,Announced,"Felix Kern, managing partner, said, ""Bernet International has always believed in putting our client's needs first, and by offering them a physical location to visit in their home cities, we believe it will be a welcomed addition to the services we already provide them online.""",,,http://www.globenewswire.com/news-release/2020/12/07/2140440/0/en/Bernet-International-Announce-Bold-Expansion-Plans.html,705,
2020,HKD Group,,,South Africa,Financial Sector,Capital Markets,,2019-2021,Southern Africa,Financial Sector,Medium,,"No other info found. This is only an announcement that the HKD Group are planning on opening new offices in Sandton, SA, with no other specification on commitment. As a financial advisory firm, I am unsure what sub-sector to put this in. PK 11/18/2024 Adding Capital Markets as sub-sector.",Announced,Greenfield,,,,,12/4/2020,,HKD Group,https://www.globenewswire.com/news-release/2020/12/04/2139882/0/en/HKD-Group-Commits-To-Building-Brand-New-Offices-In-South-Africa.html,,,,https://www.globenewswire.com/news-release/2020/12/04/2139882/0/en/HKD-Group-Commits-To-Building-Brand-New-Offices-In-South-Africa.html,,,,,20-Dec,HKD GroupSouth AfricaFinancial services199.5,,Hong Kong,HKD Group,Hong Kong,Hong Kong,Hong Kong,Gauteng,Not Specified,Sandton,,,Financial services,Investment management,Financial Services,Business Services,,19,Yes,9.5,Yes,New,Announced,,"Africa, particularly South Africa",,https://www.globenewswire.com/news-release/2020/12/04/2139882/0/en/HKD-Group-Commits-To-Building-Brand-New-Offices-In-South-Africa.html,706,
2020,Huawei Technologies,,,Ethiopia,ICT,ICT Infrastructure,2021,2019-2021,East Africa,ICT,Unknown,,"[VBA & TX] According to multiple news sights, there are rumors that ""Huawei is planning to move a regional office covering about five countries from the Democratic Republic Congo to Ethiopia"". However, according to an interview with Mr. Chen Mingliang, CEO of Huawei Technologies Ethiopia PLC, rumors were deemed false (All Africa 2021). This is also confirmed by Caixin (2021). Sources are in the additional sources column. Confidence status: Unknown but should ultimately be removed.",Unknown,Greenfield,,,,,12/17/2020,5/1/2021,,,,,,,,,"https://web.archive.org/web/20210419025151/https://allafrica.com/stories/202103180957.html https://www.caixinglobal.com/2021-01-13/huawei-targets-ethiopia-as-telecoms-industry-opens-up-101650153.html (""Corrects and replaces a story first published on Dec. 18. Huawei says it is not considering moving its regional office and isn‚Äôt the main provider of Ethio Telecom."")",,20-Dec,Huawei TechnologiesEthiopiaCommunications8930.3,,China,Huawei Technologies,Guangdong,Not Specified,Shenzhen,Not Specified,Not Specified,Not Specified,,Democratic Republic of Congo,Communications,Communications equipment,ICT & Electronics,Headquarters,,89,Yes,30.3,Yes,New,Announced,"""Ethiopia is rising and becoming much more important for the future,"" says Loise Tamalgo, vice-president southern Africa, public relations.","Ethiopia, Cote d'Ivoire, Senegal, Democratic Republic of Congo and Cameroon",,https://www.bloomberg.com/news/articles/2020-12-17/huawei-eyes-ethiopia-growth-as-telecoms-industry-opens-up,414,
2019,Guangzhou Sunda International Trading Company,,10,Cameroon,Industry & Trade/Ser,Manufacturing,,2019-2021,Central Africa,Manufacturing,Duplicate,520,"In 2019, China's Sunda Company invested 6 billion CFA francs (about 10 million US dollars) to build a disposable diaper production plant in Cameroon. However, there is no follow-up information on whether the factory has been completed. So the confidence Status is Medium.",Unknown,Greenfield,10,,,,8/23/2019,,,https://www.agenceecofin.com/investissement/3008-68783-cameroun-le-chinois-sunda-va-investir-6-milliards-de-fcfa-dans-une-usine-de-production-de-couches-jetables,https://www.agenceecofin.com/investissement/3008-68783-cameroun-le-chinois-sunda-va-investir-6-milliards-de-fcfa-dans-une-usine-de-production-de-couches-jetables,,,https://www.agenceecofin.com/investissement/3008-68783-cameroun-le-chinois-sunda-va-investir-6-milliards-de-fcfa-dans-une-usine-de-production-de-couches-jetables,,,https://www.agenceecofin.com/finance/0701-72518-les-chinois-sunda-et-kenda-ambitionnent-de-construire-des-usines-de-production-de-ceramique-dans-plusieurs-pays-africains-pour-323-millions,,20-Jan,Guangzhou Sunda International Trading CompanyCameroonCeramics & glass71764,,China,Guangzhou Sunda International Trading Company,Guangdong,Not Specified,Guangzhou,Not Specified,Not Specified,Not Specified,,,Ceramics & glass,Clay product & refractory,Construction,Manufacturing,,717,Yes,64,Yes,New,Announced,,,"Kenda Rubber Industrial, Guangzhou Sunda International Trading Company",http://www.forumchinaplp.org.mo/sunda-intl-kenda-rubber-to-make-ceramics-in-mozambique/,326,
2019,,,50,Nigeria,Industry & Trade/Ser,Manufacturing,2022,2019-2021,West Africa,Manufacturing,High,,"PK: Added announced date. Investing company is Sinoria FABCOM, subsidiary of parent company CNDB noted in the original article.  The source used for confirmation of project noted that the project already began operations and 50million was invested. Unable to find announcement prior to this.",Completed,Greenfield,,50,N,,8/31/2019,5/31/2022,New Material Nigeria Limited,https://www.zawya.com/en/projects/bri/chinese-firm-invests-50mln-in-fibre-cement-board-factory-in-abuja-e7vx0gnq,,https://www.zawya.com/en/projects/bri/chinese-firm-invests-50mln-in-fibre-cement-board-factory-in-abuja-e7vx0gnq,,https://thesun.ng/chinese-firm-to-open-fiber-cement-plant-in-abuja-2/,https://www.zawya.com/en/projects/bri/chinese-firm-invests-50mln-in-fibre-cement-board-factory-in-abuja-e7vx0gnq,https://www.zawya.com/en/projects/bri/chinese-firm-invests-50mln-in-fibre-cement-board-factory-in-abuja-e7vx0gnq,,,22-May,414287,41390,China,China National Building Material Group (CNBM),,,,,,,,,Building materials,Cement & concrete products,Construction,Manufacturing,,119,NO,50,NO,New,,,,,,37,
2019,Beijing Damei Investment,,"2,000.00",Kenya,Industry & Trade/Ser,Housing Construction,,2019-2021,East Africa,Housing Construction,High,,"Revised the confidence status in the comment section to ""high"" based on review comment. No additonal sources available at this moment. [09/20/2024] High because the completed amount or date of completion are not available. Business Daily mentions in March 2019 that Damei Investment Company""has announced plan to build a mega city in Nairobi's Athi River area at an estimated cost of Sh200billion (about $2billion).""",Announced,Greenfield,"2,000",,,,3/22/2019,,Beijing Damei Investment Company,,https://www.businessdailyafrica.com/news/Chinese-group-to-build-Sh200bn-Athi-River-city-city-plans/539546-5036836-vnae2mz/index.html,,,https://www.businessdailyafrica.com/news/Chinese-group-to-build-Sh200bn-Athi-River-city-city-plans/539546-5036836-vnae2mz/index.html,,https://www.businessdailyafrica.com/news/Chinese-group-to-build-Sh200bn-Athi-River-city-city-plans/539546-5036836-vnae2mz/index.html,,,19-Mar,Beijing Damei InvestmentKenyaReal estate30001987.011275,,China,Beijing Damei Investment,Beijing Municipality,Not Specified,Beijing,Eastern,Not Specified,Athi River,,,Real estate,Other (Real estate),Construction,Construction,,3000,Yes,"1,987.00",No,New,Announced,,,,https://www.businessdailyafrica.com/news/Chinese-group-to-build-Sh200bn-Athi-River-city-city-plans/539546-5036836-vnae2mz/index.html,116,
2019,Hainan Qinfu Foods,,450,Uganda,Industry & Trade/Ser,Manufacturing,,2019-2021,East Africa,Manufacturing,High,,"High because has deal status, announced date and announced amount. Multiple Chinese and English source available. PML Daily announced in December 2019 that Hainan Qinfu Company will invest 450m USD to construct ""a specialized aquaculture industrial park,"" indicating an ""announced"" status.",Announced,Greenfield,450,,,,12/1/2019,,Hainan Qinfu Foods Company Limited,https://www.pmldaily.com/business/2019/12/chinese-company-to-build-ugx-1-6-trillion-fish-breeding-centre-in-uganda.html; https://www.chinacoop.gov.cn/news.html?aid=899063,https://www.pmldaily.com/business/2019/12/chinese-company-to-build-ugx-1-6-trillion-fish-breeding-centre-in-uganda.html; https://www.chinacoop.gov.cn/news.html?aid=899063,,,https://www.pmldaily.com/business/2019/12/chinese-company-to-build-ugx-1-6-trillion-fish-breeding-centre-in-uganda.html; https://www.chinacoop.gov.cn/news.html?aid=899063,,https://www.pmldaily.com/business/2019/12/chinese-company-to-build-ugx-1-6-trillion-fish-breeding-centre-in-uganda.html; https://www.chinacoop.gov.cn/news.html?aid=899063,,,19-Dec,Hainan Qinfu FoodsUgandaReal estate1138250,,China,Hainan Qinfu Foods,Hainan,Not Specified,Wenchang,Not Specified,Not Specified,Not Specified,,,Real estate,Industrial building construction,Construction,Construction,,1138,Yes,250,Yes,New,Announced,,,,https://www.pmldaily.com/business/2019/12/chinese-company-to-build-ugx-1-6-trillion-fish-breeding-centre-in-uganda.html,176,
2019,DoubleStar,,250,Algeria,Automotive,Automotive,,2019-2021,North Africa,Automotive,High,,"Update: Adjusted the subsector and Estimated entry

On September 11, 2019, it was reported that Chinese tire manufacturer DoubleStar announced plans to build a tire plant in Algeria, to manfucture tires for cars, trucks, and buses. This was announced to be carried out by a joint venture with El Hadj Larbi. The total announced investment is $250 million, with Double Star investing $5 million and El Hadj Larbi investing the other $245 million. Thus, I calculated the CN stake to be 2% from this.",Announced,Greenfield,250,,,2,9/11/2019,,Doublestar,https://www.tyrepress.com/2019/09/2nd-algerian-tyre-plant-doublestar-participating-in-jv/,https://www.tyrepress.com/2019/09/2nd-algerian-tyre-plant-doublestar-participating-in-jv/,,https://www.tyrepress.com/2019/09/2nd-algerian-tyre-plant-doublestar-participating-in-jv/,https://www.algerie-eco.com/2019/09/11/le-chinois-doublestar-produira-des-pneus-en-algerie/,,https://www.algerie-eco.com/2019/09/11/le-chinois-doublestar-produira-des-pneus-en-algerie/,,,19-Sep,DoubleStarAlgeriaRubber1500249.17,,China,DoubleStar,Shandong,Not Specified,Qingdao,Oum El Bouaghi,Not Specified,Oum el-Bouaghi,,,Rubber,Tyres,Transport Equipment,Manufacturing,,1500,Yes,249.2,No,New,Announced,,,"El Hadj Larbi Pneumatiques, Doublestar International Trading Hong Kong",https://www.algerie-eco.com/2019/09/11/le-chinois-doublestar-produira-des-pneus-en-algerie/,183,
2019,Tsingshan Holding Group,,100,Zimbabwe,Industry & Trade/Ser,Material Production and Processing,2024,2019-2021,Southern Africa,Material Production and Processing,High,,"High because deal status, completed amount and completed date available. According to engineeringnews.co on April 24th 2019, ""Tsingshan signed a $1-billion outline agreement to build a two-million-tonne-a-year steel plant in Zimbabwe"" in June 2018. Reuters reported in June 2024 that ""Tsingshan Holding Group has started production at its $1 billion steel plant in central Zimbabwe,"" indicating the completion of the project.",Completed,Greenfield,100,100,,,4/24/2019,6/20/2024,Tsingshan Holding Group,https://www.reuters.com/markets/commodities/chinas-tsingshan-1-bln-steel-plant-zimbabwe-starts-production-2024-06-20/,https://www.engineeringnews.co.za/article/chinas-tsingshan-expands-plans-for-zimbabwe-steel-plant-2019-04-24,https://www.reuters.com/markets/commodities/chinas-tsingshan-1-bln-steel-plant-zimbabwe-starts-production-2024-06-20/,,https://www.engineeringnews.co.za/article/chinas-tsingshan-expands-plans-for-zimbabwe-steel-plant-2019-04-24,https://www.reuters.com/markets/commodities/chinas-tsingshan-1-bln-steel-plant-zimbabwe-starts-production-2024-06-20/,https://www.engineeringnews.co.za/article/chinas-tsingshan-expands-plans-for-zimbabwe-steel-plant-2019-04-24,,,19-Apr,Tsingshan Holding GroupZimbabweMetals326126.1,,China,Tsingshan Holding Group,Zhejiang,Not Specified,Wenzhou,Not Specified,Not Specified,Not Specified,,,Metals,Iron & steel mills & ferroalloy,Industrial,Manufacturing,,326,Yes,126.1,Yes,New,Announced,,,,http://m.engineeringnews.co.za/article/chinas-tsingshan-expands-plans-for-zimbabwe-steel-plant-2019-04-24,231,
2019,Wuxi No.1 Cotton Mill,,220,Ethiopia,Industry & Trade/Ser,Textiles,2019,2019-2021,East Africa,Textiles,High,,"Wuxi No. 1 Cotton Mill signed an investment agreement with the Ethiopian Investment Commission (EIC) to establish an integrated textile plant in Ethiopia in Dire Dawa. The plant was inaugurated on October 18, 2019, costing $ 220 million (Xinhua, 2019). Deal status: Completed. The company signed a memorandum-of-understanding in 2017 (The Report Ethiopia, 2019).  A second phase is expected (Xinhua, 2019; the Report Ethiopia, 2019; Fiber2Fashion, 2019).",Completed,Greenfield,,220,,,,10/18/2019,Wuxi No. 1 Cotton Textile PLC,"http://www.xinhuanet.com/english/2019-10/20/c_138486274.htm#:~:text=Constructed%20at%20a%20cost%20of%20220%20million%20U.S.%20dollars,%20Wuxi https://www.thereporterethiopia.com/8793/#google_vignette",,"http://www.xinhuanet.com/english/2019-10/20/c_138486274.htm#:~:text=Constructed%20at%20a%20cost%20of%20220%20million%20U.S.%20dollars,%20Wuxi https://www.thereporterethiopia.com/8793/#google_vignette",,,"http://www.xinhuanet.com/english/2019-10/20/c_138486274.htm#:~:text=Constructed%20at%20a%20cost%20of%20220%20million%20U.S.%20dollars,%20Wuxi https://www.fibre2fashion.com/news/textile-news/chinese-textile-firm-inaugurates-220-mn-plant-in-ethiopia-252773-newsdetails.htm#:~:text=Constructed%20at%20a%20cost%20of%20$220%20million,%20Wuxi%20No.%201","http://www.xinhuanet.com/english/2019-10/20/c_138486274.htm#:~:text=Constructed%20at%20a%20cost%20of%20220%20million%20U.S.%20dollars,%20Wuxi",,,17-Nov,Wuxi No.1 Cotton MillEthiopiaTextiles2014121.1,,China,Wuxi Guolian Development Group,Jiangsu,,Wuxi,Dire Dawa,Not Specified,Dire Dawa,,,Textiles,Textiles & Textile Mills,"Wood, Apparel & Related Products",Manufacturing,,2014,Yes,121.1,Yes,New,,,,,,233,
2019,Jin Shan Wood,,11.92,Gabon,Industry & Trade/Ser,Manufacturing,2019,2019-2021,Central Africa,Manufacturing,High,,"RP: Coult not find an announce date. The project will have three plant sites completed in 2019. According to estimates, the investment amount for the three plant sites is approximately 73 billion CFA francs, or approximately 11.92 million US dollars. So the Confidence Status is High",Completed,Greenfield,,11.92,,,,2/22/2019,Jin Shan Wood Gabon,https://www.gabonreview.com/gabon-nkogue-bekale-consolide-lindustrie-du-bois/,,https://www.agencequateur.com/?p=1643,,,https://www.gabonreview.com/gabon-nkogue-bekale-consolide-lindustrie-du-bois/,,,,19-Feb,Jin Shan WoodGabonWood products300120.7,,China,Jin Shan Wood,Not Specified,Not Specified,Not Specified,Estuaire,Not Specified,Nkok,Nkok Special Economic Zone,,Wood products,Wood products,"Wood, Apparel & Related Products",Manufacturing,,300,No,120.7,Yes,New,Opened,,Asia and America,,http://newsafricaines.ga/index.php/2019/02/23/gabon-le-premier-ministre-inaugure-jin-shan-wood-a-la-zes-de-nkok/,234,
2019,Huajian Group,,10,Zimbabwe,Industry & Trade/Ser,Textiles,,2019-2021,Southern Africa,Textiles,High,,"Other than the announcement informations, no further information about the deal",Announced,Greenfield,10,,,,4/7/2019,,Huajian Group,https://www.sundaynews.co.zw/10billion-china-footprint-for-bulawayo-worlds-largest-shoe-maker-to-invest-in-zimbabwe/#google_vignette,https://bulawayo24.com/index-id-news-sc-national-byo-160041#google_vignette,,,https://www.sundaynews.co.zw/10billion-china-footprint-for-bulawayo-worlds-largest-shoe-maker-to-invest-in-zimbabwe/#google_vignette,,https://bulawayo24.com/index-id-news-sc-national-byo-160041#google_vignette,,,19-Apr,Huajian GroupZimbabweTextiles119081.6,,China,Huajian Group,Guangdong,Not Specified,Dongguan,Bulawayo,Not Specified,Bulawayo,,,Textiles,Leather & hide tanning and finishing,"Wood, Apparel & Related Products",Manufacturing,,1190,Yes,81.6,Yes,New,Announced,,,,http://www.comesaria.org/news/world-s-largest-shoe-maker-to-invest-in-bulawayo.54014.64.html,301,
2019,Fujian Sentuo Ceramic Tile,,80,Ghana,Industry & Trade/Ser,Manufacturing,,2019-2021,West Africa,Manufacturing,High,,"According to the Ghanaian government website, the project was commissioned by the Ghanaian government to a Chinese company on February 27, 2019. The project seems to have been completed since it was commissioned. The Chinese Ministry of Foreign Affairs website shows that the project was completed on February 27, 2019.",Completed,Greenfield,80,,,,2/27/2019,,Fujian Sentuo Ceramics Company,https://www.mfa.gov.cn/web/gjhdq_676201/gj_676203/fz_677316/1206_677776/1206x2_677796/201903/t20190301_8022768.shtml,http://www.xinhuanet.com/english/2019-02/28/c_137855783.htm,,,,,https://www.ghanaweb.com/GhanaHomePage/NewsArchive/Akufo-Addo-commissions-ceramic-tile-manufacturing-company-under-1D1F-726878,,,19-Mar,Fujian Sentuo Ceramic TileGhanaCeramics & glass130080,,China,Fujian Sentuo Ceramic Tile,Fujian,Not Specified,Not Specified,Greater Accra Region,Not Specified,Accra,,,Ceramics & glass,Clay product & refractory,Consumer Goods,Manufacturing,,1300,No,80,No,New,Opened,,,,http://www.globaltimes.cn/content/1140427.shtml,303,
2019,China National Building Material Group (CNBM),,60,Cameroon,Industry & Trade/Ser,Material Production and Processing,2020,2019-2021,Central Africa,Material Production and Processing,High,,"China National Building Materials Co., Ltd. invested 35.5 billion CFA francs, or about 60 million U.S. dollars, to build a cement plant in Kribi. The project started in October 2019 and will be completed in April 2020. So the confidence Status is High.",Completed,Greenfield,60,,,,10/1/2019,4/1/2020,China National Building Material Co. LTD,https://www.investiraucameroun.com/economie/3010-13482-un-consortium-camerouno-chinois-projette-d-investir-35-milliards-de-fcfa-dans-une-cimenterie-a-kribi,https://www.investiraucameroun.com/economie/3010-13482-un-consortium-camerouno-chinois-projette-d-investir-35-milliards-de-fcfa-dans-une-cimenterie-a-kribi,,,https://www.investiraucameroun.com/economie/3010-13482-un-consortium-camerouno-chinois-projette-d-investir-35-milliards-de-fcfa-dans-une-cimenterie-a-kribi,https://www.investiraucameroun.com/economie/3010-13482-un-consortium-camerouno-chinois-projette-d-investir-35-milliards-de-fcfa-dans-une-cimenterie-a-kribi,,,,19-Oct,China National Building Material Group (CNBM)CameroonBuilding materials15060,,China,China National Building Material Group (CNBM),Beijing Municipality,Not Specified,Beijing,South Province,Not Specified,Kribi,,,Building materials,Cement & concrete products,Construction,Manufacturing,,150,Yes,60,No,New,Announced,,,"China National Materials Group, China National Building Material Group, Kribi Industrial Cement Factory",https://www.agenceecofin.com/investissement/3110-70652-au-cameroun-un-consortium-sino-camerounais-veut-construire-une-cimenterie-a-60-millions-a-kribi,341,
2019,Guangzhou Sunda International Trading Company,,39,Kenya,Industry & Trade/Ser,Manufacturing,2019,2019-2021,East Africa,Manufacturing,High,,"RP: Could not find announce date. To clarify, the comment below mentions an announce date but that should be the completion date. Nafisat: ok.                                                                                               Changed confidence status to high and announced date from 8/29/2019 to 8/28/2019.

Medium because no completed amount or date of completion. Sundan International website confirmed that completion of project by saying that ""In 2019, the diaper factory in Kenya were put into operation."" ChinaDaily also stated that ""by 2019, it(Sunda) had established a factory producing hygiene products like baby diapers, pads and sanitary towels in Kenya's Athi River town."" However, there's no source indicating the specific date of completion. ",Completed,Greenfield,,39,No,,,8/28/2019,Sunda Kenya Industrial Company,http://en.people.cn/n3/2019/0829/c90000-9610279-2.html,,http://www.xinhuanet.com/english/2019-08/29/c_138348826.htm,,,,http://www.xinhuanet.com/english/2019-08/29/c_138348826.htm,,,19-Sep,"Guangzhou Sunda International Trading CompanyKenyaPaper, printing & packaging30039",,China,Guangzhou Sunda International Trading Company,Guangdong,Not Specified,Guangzhou,Eastern,Not Specified,Athi River,,,"Paper, printing & packaging",Converted paper products,Consumer Goods,Manufacturing,,300,No,39,No,New,Opened,,,,https://www.technicaltextile.net/news/chinese-company-sunda-launches-diaper-factory-in-kenya-252001.html,389,
2019,Livetouch Investments,,50,Zimbabwe,Industry & Trade/Ser,Material Production and Processing,,2019-2021,Southern Africa,Material Production and Processing,High,,"Although only the announced amount could be found, the source in the source amount noted that the plant investment is still under construction, hence, status commenced",Commenced,Greenfield,50,,,,7/24/2019,,Livetouch Investments,https://www.chronicle.co.zw/midlands-achieves-significant-milestones/#google_vignette,https://www.globalcement.com/news/item/9623-livetouch-investments-considering-building-clinker-plant-with-ppc-in-zimbabwe,,,https://www.chronicle.co.zw/livetouch-plans-to-set-up-50m-clinker-plant/,,https://www.chronicle.co.zw/livetouch-plans-to-set-up-50m-clinker-plant/,,,19-Mar,Livetouch InvestmentsZimbabweBuilding materials6530,,China,Livetouch Investments,Beijing Municipality,Not Specified,Beijing,Matabeleland North,Not Specified,Hwange,,,Building materials,Cement & concrete products,Construction,Manufacturing,,65,Yes,30,No,New,Announced,,,,https://www.cemnet.com/News/story/166212/livetouch-investments-plans-new-us-30m-plant-in-zimbabwe.html,416,
2019,Yaowei Technology,,15,Zimbabwe,Energy,Renewable Energy Solar,,2019-2021,Southern Africa,Energy,High,,"Doesnt seem deal has commenced, more recent publications states it's still a planned investment",Announced,Greenfield,15,,,,7/18/2019,,Yaowei Technology,https://dialogue.earth/en/energy/zimbabwe-looks-towards-cleaner-energy/,https://africa-energy-portal.org/news/zimbabwe-chinese-invest-us15m-solar-plant,,,https://africa-energy-portal.org/news/zimbabwe-chinese-invest-us15m-solar-plant,,https://africa-energy-portal.org/news/zimbabwe-chinese-invest-us15m-solar-plant,,,19-Jul,Yaowei TechnologyZimbabweElectronic components15615,,China,Yaowei Technology,Not Specified,Not Specified,Not Specified,Not Specified,Not Specified,Not Specified,,,Electronic components,All other electrical equipment & components,Environmental Technology,Manufacturing,,156,Yes,15,No,New,Announced,,,,https://oilandgaseurasia.com/2019/07/18/china-to-invest-us15-million-in-solar-plant/,472,
2019,Norinco International Cooperation,,134.8,South Africa,Industry & Trade/Ser,Logistics and Distribution,,2019-2021,Southern Africa,Logistics and Distribution,High,,"Investing company: Norinco International Cooperation, not to be confused with their parent org. Norinco Group, a Chinese military equipment maker. The initial article provides an announced amount, however it seems like this the internet is dry from any information other than this specific article. With no other sources besides this article it is hard to determine if this project has taken further steps than its initial commitment.",Announced,Greenfield,134.8,,,,8/5/2019,,Norinco International Cooperation,https://www.yicaiglobal.com/news/china-norinco-to-spend-usd1348-million-to-tap-into-mining-logistics-demand-in-southern-africa,https://www.yicaiglobal.com/news/china-norinco-to-spend-usd1348-million-to-tap-into-mining-logistics-demand-in-southern-africa ,,,https://www.yicaiglobal.com/news/china-norinco-to-spend-usd1348-million-to-tap-into-mining-logistics-demand-in-southern-africa ,,,,,19-Aug,Norinco International CooperationSouth AfricaTransportation & Warehousing16512.7,,China,China North Industries Group (NORINCO),Beijing Municipality,Not Specified,Beijing,Gauteng,Not Specified,Johannesburg,,,Transportation & Warehousing,Freight/Distribution Services,Physical Sciences,"Logistics, Distribution & Transportation",,165,Yes,12.7,Yes,New,Announced,,,,https://www.yicaiglobal.com/news/china-norinco-to-spend-usd1348-million-to-tap-into-mining-logistics-demand-in-southern-africa,486,
2019,Zhongkai International Company,,9,Zambia,Industry & Trade/Ser,"Agricultural markets, commercialization and agri-business",2019,2019-2021,Southern Africa,"Agricultural markets, commercialization and agri-business",High,,"On July 24, 2019, Zhongkai International Company launched an ethanol processing plant in central Zambia. The $9 million plant will be producing ethanol through agricultural products like cassava and maize, as well as by-products like liquid fertilizer, biofuel and carbon dioxide  (Xinhua, 2019). The company has invested an additional $10 million to develop its farmer supply network and cassava production (Musika Development Initiative, 2019). Also consider Xinhua article in other sources column. Couldn't find date announced. Confidence level: High",Completed,Greenfield,,9,,,,7/24/2019,Zhongkai International Company,"http://www.xinhuanet.com/english/2019-07/25/c_138257790.htm https://www.musika.org.zm/headlines/zhongkai-international-ethanol-plant-to-impact-over-3000-cassava-growers/#:~:text=21st%20October%202019,%20Lusaka%20%E2%80%93%20Over%203,000%20smallholder%20farmers%20(of",,http://www.xinhuanet.com/english/2019-07/25/c_138257790.htm,,,"http://www.xinhuanet.com/english/2019-07/25/c_138257790.htm https://www.musika.org.zm/headlines/zhongkai-international-ethanol-plant-to-impact-over-3000-cassava-growers/#:~:text=21st%20October%202019,%20Lusaka%20%E2%80%93%20Over%203,000%20smallholder%20farmers%20(of","http://www.xinhuanet.com/english/2019-07/25/c_138257790.htm https://www.musika.org.zm/headlines/zhongkai-international-ethanol-plant-to-impact-over-3000-cassava-growers/#:~:text=21st%20October%202019,%20Lusaka%20%E2%80%93%20Over%203,000%20smallholder%20farmers%20(of","http://www.xinhuanet.com/english/2021-02/10/c_139735965.htm#:~:text=Zhongkai%20International%20Limited,%20the%20Chinese%20firm,%20signed%20the%20deal%20with",,19-Jul,Zhongkai International CompanyZambiaRenewable energy2009,,China,Zhongkai International Company,Not Specified,Not Specified,Not Specified,Central Province,Not Specified,Not Specified,,,Renewable energy,Biomass power,Environmental Technology,Manufacturing,,200,No,9,No,New,Opened,,,,http://www.xinhuanet.com/english/2019-07/25/c_138257790.htm,545,
2019,Hengtong Aberdare Cables (Hengtong South Africa),,8.85,South Africa,Industry & Trade/Ser,Manufacturing,2019,2019-2021,Southern Africa,Manufacturing,High,,"Article mentions that ceremony for the launch of the high voltage manufacturing plant was held on July 25, 2019. The production line has already beens scheduled to reach full capacity. ""This investment expands the product portfolio,"" indicating that this is an expansion of currect factory output. However, the article mentions that the investment was ""more than ZAR 135 million,"" so the number could be higher. 135 ZAR-South Africa [South African rand / R]=8.85 USD-United States [US dollar / $] ",Completed,Greenfield,,8.85,,,6/26/2019,7/25/2019,Hengtong Aberdare Cables,https://www.prnewswire.co.uk/news-releases/launch-ceremony-of-the-aberdare-high-voltage-manufacturing-plant-875724363.html,,https://aberdare.co.za/aberdare-launches-the-high-voltage-manufacturing-plant/  https://www.prnewswire.co.uk/news-releases/launch-ceremony-of-the-aberdare-high-voltage-manufacturing-plant-875724363.html ,,https://www.hengtonggroup.com/en/home/news/detail/id/271.html,https://www.prnewswire.co.uk/news-releases/launch-ceremony-of-the-aberdare-high-voltage-manufacturing-plant-875724363.html,,,,19-Jul,Hengtong Aberdare Cables (Hengtong South Africa)South AfricaElectronic components928.85,,China,Shenzhen Zhouji Hengtong Technology (Homtom),Guangdong,Not Specified,Shenzhen,Eastern Cape,Not Specified,Port Elizabeth,,,Electronic components,Communication & energy wires & cables,ICT & Electronics,Manufacturing,,92,Yes,8.9,No,Expansion,Opened,,,,https://www.prnewswire.co.uk/news-releases/launch-ceremony-of-the-aberdare-high-voltage-manufacturing-plant-875724363.html,546,
2019,Beiqi Foton Motor,,8,Kenya,Automotive,Automotive,2019,2019-2021,East Africa,Automotive,High,,"Nafisat: how did you address the comment? what was done?        Review addressed. 

High because there are deal status, completed amount and completed date. The Kenya Wall Street confirms the completion of project:""Beiqi Foton Motor, a Chinese automaker, has launched Ksh800 million operation centre in the capital Nairobi.""",Completed,Greenfield,,8,,100,,1/18/2019,Beiqi Foton Motor,https://kenyanwallstreet.com/beiqi-foton-motor-launches-ksh800m-regional-operation-centre-in-kenya/,,http://www.xinhuanet.com/english/2019-01/18/c_137755412.htm,,,http://www.xinhuanet.com/english/2019-01/18/c_137755412.htm,,http://en.xfafinance.com/html/Companies/2019/367241.shtml; https://m.chinatrucks.com/news/8467.html,,19-Jan,Beiqi Foton MotorKenyaAutomotive OEM488,,China,Beijing Automotive Industry Holding,Beijing Municipality,Not Specified,Beijing,Nairobi Area,Not Specified,Nairobi,,,Automotive OEM,Light trucks & utility vehicles,Transport Equipment,"Sales, Marketing & Support",,48,Yes,8,No,New,Opened,,East Africa,,http://en.xfafinance.com/html/Companies/2019/367241.shtml,547,
2019,Weeco Recycling,,6,Kenya,"Water, Sanitation and Waste Management",Manufacturing,,2019-2021,East Africa,"Water, Sanitation and Waste Management",High,,"Nafisat: did you do this for similar deals for consistency?                      The deal stake is not specified in the published reports. It‚Äôs estimated to be 100%, as no other investors are mentioned.

High because have announced date and amount. Sources have high credibility.  Xinhuanet reported on May 31 2019 that Weeco Recycling Company ""will soon open a second plant at the cost of 600 million shillings (6 million U.S. dollars) at Kenya's port city of Mombasa to cope with increasing demand for its products.""",Announced,Greenfield,6,,,100,5/31/2019,,Weeco Recycling Company,http://www.xinhuanet.com/english/africa/2019-05/31/c_138106829.htmÔºõ http://www.chinadaily.com.cn/a/201904/09/WS5cab7290a3104842260b5030_10.html,http://www.xinhuanet.com/english/africa/2019-05/31/c_138106829.htm; http://www.chinadaily.com.cn/a/201904/09/WS5cab7290a3104842260b5030_10.html,,,http://www.xinhuanet.com/english/africa/2019-05/31/c_138106829.htm,,http://www.xinhuanet.com/english/africa/2019-05/31/c_138106829.htm; http://www.chinadaily.com.cn/a/201904/09/WS5cab7290a3104842260b5030_10.html,http://www.chinadaily.com.cn/a/201904/09/WS5cab7290a3104842260b5030_10.html; https://www.petco.co.ke/weeco/; https://africa.cgtn.com/chinese-firm-opens-45-million-usd-plastic-recycling-plant-in-kenya/,,19-Apr,Weeco RecyclingKenyaPlastics5006,,China,Weeco Recycling,Not Specified,Not Specified,Not Specified,Coast,Not Specified,Mombasa,Mombasa Special Economic Zone,,Plastics,Plastic bottles,Environmental Technology,Recycling,,500,No,6,No,New,Announced,,,,https://www.foodbusinessafrica.com/2019/04/09/chinese-recycling-firm-to-invest-us6m-in-new-plastic-bottle-plant-in-kenya/,590,
2019,CPL Transformations,,0.49,Chad,Agriculture,Crops,2019,2019-2021,Central Africa,Agriculture,High,,"The project ultimately cost 3 billion CFA francs, approximately $0.49 million, and was completed in 2019. So the confidence Status is High",Completed,Greenfield,,0.49,,,,5/3/2019,CPL Transformations,https://fr.apanews.net/business/inauguration-a-ndjamena-dune-usine-de-production-de-farine/,,,,,https://fr.apanews.net/business/inauguration-a-ndjamena-dune-usine-de-production-de-farine/,,,,19-May,CPL TransformationsChadFood & Beverages805.03,,China,CPL Transformations,Not Specified,Not Specified,Not Specified,Chari-Baguirmi,Not Specified,N'Djamena,,,Food & Beverages,Grains & oilseed,Agribusiness,Manufacturing,,80,No,5,No,New,Opened,,,,http://apanews.net/fr/news/inauguration-a-ndjamena-dune-usine-de-production-de-farine,599,
2019,Engo Holdings,,5,Uganda,ICT,Manufacturing,2019,2019-2021,East Africa,ICT,High,,"Nafisat: did you change the sources for amount announced and completed as noted in the review status?                                      Changed the completed date from 11/23/2019 to 11/22/2019.

High because has announced date, completion amount and date. Xinhuanet reported on 11/22/2019 that ""Engo Holdings Group Limited, on Friday opened a 5 million U.S. dollar factory in Uganda that will manufacture phones and laptop computers,"" indicating the completion of the project. The factory is the first phase of a 15 million U.S. dollar investment.",Completed,Greenfield,,5,,,,11/22/2019,Engo Holdings Group Limited,http://www.xinhuanet.com/english/2019-11/23/c_138576466.htm,,"http://www.xinhuanet.com/english/2019-11/23/c_138576466.htm#:~:text=MUKONO%2C%20Uganda%2C%20Nov.,central%20Ugandan%20district%20of%20Mukono.",,https://web.archive.org/web/20191103035555/http://venturesafrica.com/a-phone-manufacturing-plant-opens-in-uganda/,http://www.xinhuanet.com/english/2019-11/23/c_138576466.htm,https://web.archive.org/web/20191103035555/http://venturesafrica.com/a-phone-manufacturing-plant-opens-in-uganda/,https://web.archive.org/web/20191103035555/http://venturesafrica.com/a-phone-manufacturing-plant-opens-in-uganda/,,19-Jul,Engo HoldingsUgandaCommunications5005,,China,Simi Group,Not Specified,Not Specified,Not Specified,Central,Not Specified,Mukono,,,Communications,Communications equipment,ICT & Electronics,Manufacturing,,500,No,5,No,New,Opened,,"Uganda, Democratic Republic of Congo, South Sudan and Tanzania",,http://venturesafrica.com/a-phone-manufacturing-plant-opens-in-uganda/,602,
2019,Xiaomi (Beijing Xiaomi Technology),,1.5,Angola,ICT,ICT Infrastructure,,2019-2021,Southern Africa,ICT,High,,"On December 16, 2019, it was announced that a joint venture between Xiaomi and Fonecom will build a plant to assemble smartphones, a logistics center, and 5 stores in 2020. The announced investment amount is $1.5 million. Unsure on Xiaomi's stake in this deal.",Announced,Greenfield,1.5,,,,12/16/2019,,Xiaomi,"https://furtherafrica.com/2019/12/16/angola-to-assembles-mobile-phones-by-2020/#:~:text=The%20Angolan%20company%20Fonecom%20and,is%20valued%20at%20%24%201.5%20million.",https://forumchinaplp.org.mo/en/economic_trade/view/5788,,,https://forumchinaplp.org.mo/en/economic_trade/view/5788,,https://forumchinaplp.org.mo/en/economic_trade/view/5788,,,19-Dec,Xiaomi (Beijing Xiaomi Technology)AngolaCommunications31,,China,Xiaomi (Beijing Xiaomi Technology),Beijing Municipality,Not Specified,Beijing,Not Specified,Not Specified,Not Specified,,,Communications,Communications equipment,ICT & Electronics,"Logistics, Distribution & Transportation",,3,Yes,1,Yes,New,Announced,,,"Xiaomi (Beijing Xiaomi Technology), Fonecom",https://www.telecompaper.com/news/fonecom-and-xiaomi-to-produce-mobile-phones-in-angola-from-2020--1319972,649,
2019,Brite Advisors Ltd,Devere Group Ltd-South Africa Business,,South Africa,Industry & Trade/Ser,Business Services,,2019-2021,Southern Africa,Business Services,High,,,Completed,M&A,,,,,11/28/2019,,,,,,,,,,,,19-Nov,Brite Advisors LtdSouth Africa,,Hong Kong,,,,,,,,,,,,,,,,,,,,,,,,,,3486634040
2019,Investor Group,Opay Digital Services Ltd,,Nigeria,Financial Sector,Banking Institutions,,2019-2021,West Africa,Financial Sector,High,,,Completed,M&A,,,,,11/18/2019,,,,,,,,,,,,19-Nov,Investor GroupNigeria,,China,,,,,,,,,,,,,,,,,,,,,,,,,,3486679040
2019,Baiyang Investment Group Inc,Richeng Marine Resources Development Co Ltd,36.9,Mauritania,Agriculture,Fisheries,,2019-2021,North Africa,Agriculture,High,,,Completed,M&A,36.9,,,,10/8/2019,,,,,,,,,,,,19-Oct,Baiyang Investment Group IncMauritania,,China,,,,,,,,,,,,,,,,,,,,,,,,,,3340906040
2019,China National Nuclear Corp,Rossing Uranium Ltd,106.5,Namibia,Energy,Energy Mining,,2019-2021,Southern Africa,Energy,High,,,Completed,M&A,106.5,,,,7/16/2019,,,,,,,,,,,,19-Jul,China National Nuclear CorpNamibia,,China,,,,,,,,,,,,,,,,,,,,,,,,,,3294209040
2019,Investor Group,Opay Digital Services Ltd,50,Nigeria,Financial Sector,Banking Institutions,,2019-2021,West Africa,Financial Sector,High,,,Completed,M&A,50,,,,7/10/2019,,,,,,,,,,,,19-Jul,Investor GroupNigeria,,China,,,,,,,,,,,,,,,,,,,,,,,,,,3427834040
2019,RIB Ltd,Construction Computer Software (Pty) Ltd,31.5,South Africa,Industry & Trade/Ser,Business Services,,2019-2021,Southern Africa,Business Services,High,,,Completed,M&A,31.5,,,,7/2/2019,,,,,,,,,,,,19-Jul,RIB LtdSouth Africa,,Hong Kong,,,,,,,,,,,,,,,,,,,,,,,,,,3424699040
2019,Investor Group,Eg Ronda Licensing Round,,Central African Republic,Energy,Oil and Gas,,2019-2021,Central Africa,Energy,High,,,Completed,M&A,,,,,6/27/2019,,,,,,,,,,,,19-Jun,Investor GroupCentral African Republic,,China,,,,,,,,,,,,,,,,,,,,,,,,,,3423463040
2019,Zijin Mining Group Co Ltd,Agem Senegal Exploration SUARL,,Senegal,Metals and Minerals,Metals and Minerals,,2019-2021,West Africa,Metals and Minerals,High,,,Completed,M&A,,,,,6/17/2019,,,,,,,,,,,,19-Jun,Zijin Mining Group Co LtdSenegal,,China,,,,,,,,,,,,,,,,,,,,,,,,,,3487634040
2019,Baiyin Nonferrous Group Co Ltd,China - Africa Gold Investment Holding Co Ltd,417.49,South Africa,Metals and Minerals,Metals and Minerals,,2019-2021,Southern Africa,Metals and Minerals,High,,,Completed,M&A,417.49,,,,3/19/2019,,,,,,,,,,,,19-Mar,Baiyin Nonferrous Group Co LtdSouth Africa,,China,,,,,,,,,,,,,,,,,,,,,,,,,,3170106040
2019,China State Construction Engineering (CSCEC),,848,Egypt,Industry & Trade/Ser,Manufacturing,,2019-2021,North Africa,Manufacturing,Irrelevant,,"On Dec. 24 2019, China State Construction Engineering Corporation (CSCEC) alongside Wengfu Group inked a US$848 million contract with the Egyptian state-run Phosphate Misr Company for the construction and operation of a phosphoric acid plant in Abu Tartour of the New Valley Governorate in the southwest of Egypt (China State Construction, 2019; The Belt and Road Portal, 2019). The project is scheduled to be implemented within 30 months, in addition to six months of trial operation and production"" (Xinhua, 2019). Deal Status: Announced",Announced,Greenfield,848,,,,12/24/2019,,,"https://english.cscec.com/CompanyNews/CorporateNews/202001/3011569.html https://eng.yidaiyilu.gov.cn/p/113648.html http://www.news.cn/english/2019-12/25/c_138655480.htm#:~:text=CAIRO,%20Dec.%2024%20(Xinhua)%20--%20A%20consortium%20formed%20by%20China",https://english.cscec.com/CompanyNews/CorporateNews/202001/3011569.html https://eng.yidaiyilu.gov.cn/p/113648.html https://www.globalconstructionreview.com/full-vitriol-chinese-alliance-build-major-acid-fac/#:~:text=A%20Chinese%20industrial%20and%20construction%20consortium%20including,,,https://english.cscec.com/CompanyNews/CorporateNews/202001/3011569.html https://eng.yidaiyilu.gov.cn/p/113648.html,,"https://english.cscec.com/CompanyNews/CorporateNews/202001/3011569.html http://www.news.cn/english/2019-12/25/c_138655480.htm#:~:text=CAIRO,%20Dec.%2024%20(Xinhua)%20--%20A%20consortium%20formed%20by%20China",https://www.chemanalyst.com/NewsAndDeals/NewsDetails/egyptian-consortium-to-launch-12-billion-phosphoric-acid-production-facility-29985 https://www.projectstoday.com/News/Egypt-govt-to-begin-construction-of-phosphoric-acid-plant-in-May-2020 ,,19-Dec,China State Construction Engineering (CSCEC)EgyptChemicals295355.7,,China,China State Construction Engineering (CSCEC),Beijing Municipality,Not Specified,Beijing,New Valley,Not Specified,Not Specified,,,Chemicals,Basic chemicals,Physical Sciences,Manufacturing,,295,Yes,355.7,Yes,New,Announced,,,"China State Construction Engineering (CSCEC), Wengfu Group, Phosphate Misr, East China Engineering Science and Technology",https://english.cscec.com/CompanyNews/CorporateNews/202001/3011569.html,162,
2019,Vivo Electronics,,,Kenya,Industry & Trade/Ser,,2019,2019-2021,East Africa,,Irrelevant,,"Nafisat: you shouldnt remove announced source and estimated announced date. you can use the date of the publication as announced if specific date was not mentioned in the publication.   The exact announcement date is unknown, so announced date and its source has been removed.

Medium because no amount is provided. TheExchange reported that""Vivo has stamped its mark in the Kenyan market by setting its regional offices in Nairobi,"" indicating a completion status. ",Completed,Greenfield,,,,100,,11/11/2019,,https://theexchange.africa/countries/kenya/chinese-tech-giant-launches-in-kenya/,,,https://theexchange.africa/countries/kenya/chinese-tech-giant-launches-in-kenya/,,https://www.youtube.com/watch?v=ZyNR7fdqDQs,https://theexchange.africa/countries/kenya/chinese-tech-giant-launches-in-kenya/,,,19-Nov,Vivo ElectronicsKenyaCommunications374.7,,China,BBK Electronics,Guangdong,Not Specified,Dongguan,Nairobi Area,Not Specified,Nairobi,,,Communications,Communications equipment,ICT & Electronics,"Sales, Marketing & Support",,37,Yes,4.7,Yes,New,Opened,,,,https://theexchange.africa/chinese-tech-giant-launches-in-kenya/,606,
2019,Longrich,,,Ghana,Industry & Trade/Ser,Manufacturing,,2019-2021,West Africa,Manufacturing,Low,,"Longrich International announced in 2019 that it would build a manufacturing plant in Ghana, but there is no information confirming the investment amount and project progress. So the confidence Status is low and Deal status is unknown",Announced,Greenfield,,,,,4/17/2019,,Longrich International,https://ghanaiantimes.com.gh/longrich-international-to-establish-manufacturing-plant-in-ghana/?utm_source=rss&utm_medium=rss&utm_campaign=longrich-international-to-establish-manufacturing-plant-in-ghana,,,,https://ghanaiantimes.com.gh/longrich-international-to-establish-manufacturing-plant-in-ghana/?utm_source=rss&utm_medium=rss&utm_campaign=longrich-international-to-establish-manufacturing-plant-in-ghana,,,,,19-Apr,LongrichGhanaConsumer products28011.6,,China,Longrich,Jiangsu,Not Specified,Changshu,Not Specified,Not Specified,Not Specified,,,Consumer products,"Cosmetics, perfume, personal care & household products",Consumer Goods,Manufacturing,,280,Yes,11.6,Yes,New,Announced,,Ghana and west Africa,,http://www.ghanaiantimes.com.gh/longrich-international-to-establish-manufacturing-plant-in-ghana/?utm_source=rss&utm_medium=rss&utm_campaign=longrich-international-to-establish-manufacturing-plant-in-ghana,495,
2019,Huajian Group,,,Egypt,Industry & Trade/Ser,Manufacturing,,2019-2021,North Africa,Manufacturing,Medium,,"On April 8 2018, the Minister of Trade and Industry made a statement that Huajian Group was looking to invest in Robbiki Leather City and plans to establish an integrated industrial zone near an airport for light industries including: textiles, electronics and household appliances (Mubasher, 2019; Ministry of Trade and Industry, 2019). Haven't found any additional information in recent years. Amount not specified. Deal status is ""Announced""; confidence is Medium",Announced,Greenfield,,,,,4/8/2019,,Huajian Group ,http://www.mti.gov.eg/English/MediaCenter/News/Pages/Nassar-discusses-with-China's-Huajian-group-investment-plans-in-Egypt-.aspx https://english.mubasher.info/news/3451866/China-s-Huajian-Group-to-build-industrial-zone-in-Egypt/,,,,http://www.mti.gov.eg/English/MediaCenter/News/Pages/Nassar-discusses-with-China's-Huajian-group-investment-plans-in-Egypt-.aspx https://english.mubasher.info/news/3451866/China-s-Huajian-Group-to-build-industrial-zone-in-Egypt/,,http://www.mti.gov.eg/English/MediaCenter/News/Pages/Nassar-discusses-with-China's-Huajian-group-investment-plans-in-Egypt-.aspx,,,19-Apr,Huajian GroupEgyptReal estate6621534.3,,China,Huajian Group,Guangdong,Not Specified,Dongguan,Not Specified,Not Specified,Not Specified,,,Real estate,Industrial building construction,Construction,Construction,,662,Yes,"1,534.30",Yes,New,Announced,,Africa and Europe,,https://english.mubasher.info/news/3451866/China-s-Huajian-Group-to-build-industrial-zone-in-Egypt,122,
2019,Shandong Ruyi Technology Group,,830,Egypt,Industry & Trade/Ser,Textiles,,2019-2021,North Africa,Textiles,Medium,,"DM: Changed status to medium. It is seems safe to say that this deal is cancelled. This company seems to have gone into financial trouble and I don't think they are able to cover this investment: https://caifuhao.eastmoney.com/news/20200424145423396132090  The Chairman of the Suez Canal Authority sigend a contract with Shandong Ruyi Spinning & Weaving Co., which plans to invest $830 million to create a textile industrial zone. Multiple sources mention this and two other Chinese investments with Taishan Gypsum Board Co and Xiamen Yan Jiang Co. (Deal ID 364 and 133) all published around Sept 3rd 2018 to Sept 10th 2018. Using earliest publication date based off Nafisaat review. Not sure source if the Amwal Al Ghad source is related as it talks about the company signing an agreement to build a factory of a total cost of $6.2 billion in the Egyptian-Chinese industrial zone in Ain Sokhna in Suez (see additional sources column).",Cancelled,Greenfield,830,,,,9/3/2019,,Shandong Ruyi Spinning & Weaving Co.,https://www.agenceecofin.com/entreprises/0409-59637-egypte-trois-entreprises-chinoises-vont-investir-1-milliard-dans-la-zone-economique-du-canal-de-suez,https://www.agenceecofin.com/entreprises/0409-59637-egypte-trois-entreprises-chinoises-vont-investir-1-milliard-dans-la-zone-economique-du-canal-de-suez,,,https://www.agenceecofin.com/entreprises/0409-59637-egypte-trois-entreprises-chinoises-vont-investir-1-milliard-dans-la-zone-economique-du-canal-de-suez,,https://www.agenceecofin.com/entreprises/0409-59637-egypte-trois-entreprises-chinoises-vont-investir-1-milliard-dans-la-zone-economique-du-canal-de-suez,https://en.amwalalghad.com/chinas-shandong-ruyi-plans-mega-textile-project-in-suez-canal/,,18-Sep,Shandong Ruyi Technology GroupEgyptReal estate3000830,,China,Shandong Ruyi Technology Group,Shandong,Not Specified,Jining,Suez,Not Specified,Suez,Suez Canal Special Economic Zone,,Real estate,Industrial building construction,"Wood, Apparel & Related Products",Construction,,3000,Yes,830,No,New,Announced,,,,https://www.agenceecofin.com/entreprises/0409-59637-egypte-trois-entreprises-chinoises-vont-investir-1-milliard-dans-la-zone-economique-du-canal-de-suez,133,
2019,Sinoria FABCOM,,,Nigeria,Industry & Trade/Ser,Manufacturing,2019,2019-2021,West Africa,Manufacturing,Medium,,"this investment appears to have been completed (since it was publicised that the company laucnhed products on the fibre cement board) but the amount annouced and completed specifically for the Fibre Cement Board was not mentioned in any of the sources found. however, in the source link added (please see other sources), it was stated that the investment by the compnay from its inception in 2014 (up until 2019 when the publication was made) in Nigeria was over $70billion.",Completed,Greenfield,,,,,4/23/2019,12/14/2019,FABCOM,https://thesun.ng/fabcom-unveils-new-product-celebrates-5-years-nigeria/ ,https://www.nipc.gov.ng/2019/04/23/sinoria-fabcom-abuja/,https://thesun.ng/fabcom-unveils-new-product-celebrates-5-years-nigeria/ ,,https://www.nipc.gov.ng/2019/04/23/sinoria-fabcom-abuja/,https://thesun.ng/fabcom-unveils-new-product-celebrates-5-years-nigeria/ ,https://www.nipc.gov.ng/2019/04/23/sinoria-fabcom-abuja/,,,19-Apr,Sinoria FABCOMNigeriaBuilding materials351498.2,,China,Sinoma International Engineering,Beijing Municipality,Not Specified,Beijing,Abuja Federal Capital Territory,Not Specified,Abuja,,,Building materials,"Asphalt paving, roofing, & saturated materials",Construction,Manufacturing,,351,Yes,498.2,Yes,New,Announced,"Liuxing Wang, managing director of Sinoria FABCOM, said, ""Nigeria has all it takes, the raw materials are here in abundance and skilled manpower is on the rise, it is only a question of time and I believe this would be very soon, our company Sinoria FABCOM want to be part of the industrial growth and development of Nigeria.""",Nigeria and West Africa,,https://www.independent.ng/chinese-firm-to-open-fibre-board-manufacturing-plant-in-abuja/,153,
2019,Pink Mango C&D,,,Rwanda,Industry & Trade/Ser,Manufacturing,,2019-2021,East Africa,Manufacturing,Medium,,"On May 14 2019, Rwanda Development Board signed an agreement with Pink Mango C&D for the establishment of a modern garment factory in Kigali Special Economic zone that will produce garments for both the domestic and export market (Taarifa, 2019)--- is this date announced or completed? The Xinhua (2022) article, the factory has transformed the lives of local Rwandans through job creation and improved household income, indicating Deal Status is completed. Can't find source indicating investment amount as indicated to be $333 million. ",Completed,Greenfield,,,,,5/14/2019,,Pink Mango C&D ,https://english.news.cn/africa/20220203/436f7fc1248c4122884718e3c34c9755/c.html#:~:text=A%20Rwandan%20woman%20works%20in%20Chinese%20garment%20factory%20Pink%20Mango,,,,https://web.archive.org/web/20190510225356/https://taarifa.rw/2019/05/10/rwanda-signs-deal-with-chinese-garment-firm-to-set-up-a-modern-garment-factory/,,https://web.archive.org/web/20190510225356/https://taarifa.rw/2019/05/10/rwanda-signs-deal-with-chinese-garment-firm-to-set-up-a-modern-garment-factory/,,,19-May,Pink Mango C&DRwandaTextiles7500332.6,,China,Pink Mango C&D,Zhejiang,Not Specified,Hangzhou,Kigali Province,Not Specified,Kigali,Kigali Special Economic Zone,,Textiles,Clothing & clothing accessories,"Wood, Apparel & Related Products",Manufacturing,,7500,No,332.6,Yes,New,Announced,"Gordon Gu, director, said, ""I am very appreciative of RDB's investor facilitation and the vision to develop the country and we want to be a part of it.""",,,https://taarifa.rw/2019/05/10/rwanda-signs-deal-with-chinese-garment-firm-to-set-up-a-modern-garment-factory/,167,
2019,SAIC Motor (Shanghai Automotive Industry Corporation),,,Egypt,Automotive,Automotive - EV,,2019-2021,North Africa,Automotive,Medium,,"China's SAIC Motor Group and Egypt's automobile sales company Mansour Group signed a strategic cooperation framework agreement in Cairo on 17 June 2019, and the two sides will establish a joint venture automobile manufacturing company and seek to unveil the new MG ZS all-electric SUV (Xinhua, 2019; Chinese Government Network, 2019). The parties did not disclose the size of investment nor the shareholding ratio. Ankush Arora, chief operating officer at Mansour Automotive, said the manufacturing of the cars will start in the next 12 months, adding they are setting up the assembly facilities at the moment (Xinhua, 2019).",Announced,Greenfield,,,,,6/17/2019,,SAIC Motor,http://www.xinhuanet.com/english/2019-06/18/c_138151439.htm#:~:text=China's%20auto%20industry%20SAIC%20Motor%20and%20Egypt's%20largest%20car%20sales https://www.gov.cn/xinwen/2019-06/18/content_5401238.htm,,,,http://www.xinhuanet.com/english/2019-06/18/c_138151439.htm#:~:text=China's%20auto%20industry%20SAIC%20Motor%20and%20Egypt's%20largest%20car%20sales https://www.gov.cn/xinwen/2019-06/18/content_5401238.htm,,http://www.xinhuanet.com/english/2019-06/18/c_138151439.htm#:~:text=China's%20auto%20industry%20SAIC%20Motor%20and%20Egypt's%20largest%20car%20sales,,,19-Jun,SAIC Motor (Shanghai Automotive Industry Corporation)EgyptAutomotive OEM1000155.8,,China,SAIC Motor (Shanghai Automotive Industry Corporation),Shanghai Municipality,Not Specified,Shanghai,Not Specified,Not Specified,Not Specified,,,Automotive OEM,Automobiles,Transport Equipment,Manufacturing,,1000,No,155.8,Yes,New,Announced,,Middle East as well as Egypt and North Africa,"SAIC Motor (Shanghai Automotive Industry Corporation), Al-Mansour Automotive Company",https://www.yicaiglobal.com/news/china-saic-teams-with-mansour-auto-to-make-cars-in-egypt,213,
2019,Beiqi Foton Motor,,,Nigeria,Transportation,Other,,2019-2021,West Africa,Transportation,Medium,,"Update: this project has not started, no foton assembly plant in Calabar and the reason why could not be verified, no information. however, there is a new announcement in 2023 by the company in another state in Nigeria, promising to establish a plant due to the state's conducive environment. source for this is added to leads, even though the amount is not stated.  Investment was announced but with no specific amount of potential investment, no confirmation of the investment ever happening",Announced,Greenfield,,,,,4/6/2019,,Foton,http://www.senatorbenayade.org/chinese-truck-maker-foton-establish-assembly-plant-cross-river/,,,,http://www.senatorbenayade.org/chinese-truck-maker-foton-establish-assembly-plant-cross-river/,,https://www.thisdaylive.com/index.php/2019/04/08/chinese-truck-maker-foton-to-establish-plant-in-cross-river/,,,19-Apr,Beiqi Foton MotorNigeriaAutomotive OEM98077.3,,China,Beiqi Foton Motor,Beijing Municipality,Not Specified,Beijing,Cross River State,Not Specified,Calabar,,,Automotive OEM,Heavy duty trucks,Transport Equipment,Manufacturing,,980,Yes,77.3,Yes,New,Announced,,,,https://www.thisdaylive.com/index.php/2019/04/08/chinese-truck-maker-foton-to-establish-plant-in-cross-river/,309,
2019,Hangzhou Jinjiang Group Co,,,Egypt,Industry & Trade/Ser,Manufacturing,,2019-2021,North Africa,Manufacturing,Medium,,"China's Hangzhou Jinjiang Group plans to establish an aluminium complex in Egypt in partnership with Saudi Arabia's Al Ajlan Group.  The project will be established over four phases, including an alumina plant, an aluminium smelter, a caustic soda plant, a desalination plant, and an electric generation plant (Mubasher, 2019). This was officially announced on July 25, 2019 (Al Circle, 2019). The statement, however, did not disclose the project value, location or timelines.",Announced,Greenfield,,,,,7/25/2019,,Hangzhou Jinjiang Group,https://english.mubasher.info/news/3508415/Ajlan-Group-Chinese-firm-to-set-up-aluminium-complex-in-Egypt/,,,,https://www.alcircle.com/news/sino-saudi-joint-venture-plans-to-set-up-integrated-aluminium-complex-in-egypt-47519#:~:text=The%20ministry%20said%20in%20a%20statement%20that%20the%20joint%20venture,,https://www.alcircle.com/news/sino-saudi-joint-venture-plans-to-set-up-integrated-aluminium-complex-in-egypt-47519#:~:text=The%20ministry%20said%20in%20a%20statement%20that%20the%20joint%20venture,,,19-Jul,Hangzhou Jinjiang Group CoEgyptMetals32673.3,,China,Hangzhou Jinjiang Group Co,Zhejiang,Not Specified,Hangzhou,Not Specified,Not Specified,Not Specified,,,Metals,Alumina & aluminium production and processing,Industrial,Manufacturing,,326,Yes,73.3,Yes,New,Announced,,Middle East,"Hangzhou Jinjiang Group Co, Ajlan Group",https://english.mubasher.info/news/3508415/Ajlan-Group-Chinese-firm-to-set-up-aluminium-complex-in-Egypt,317,
2019,China Poly Group,,,Egypt,Automotive,Automotive,,2019-2021,North Africa,Automotive,Medium,,"Egypt‚Äôs National Organization for Military Production (NOMP) has signed an agreement with China Poly Group Corporation for the building of a tyre manufacturing plant in Egypt. Under the contract, both parties will cooperate in manufacturing different types of tyres (Mubasher, 2019). This happened on December 14 2019 (State Information Service, 2019). Amount invested is unavailable",Announced,Greenfield,,,,,12/14/2019,,China Poly Group Corporation,https://english.mubasher.info/news/3572669/Egypt-s-NOMP-inks-deal-with-Chinese-company-for-new-tyre-plant/ https://rubberjournalasia.com/egypts-military-production-authority-china-poly-group-agree-to-build-tyre-plant-in-egypt/,,,,https://www.sis.gov.eg/Story/142922#:~:text=Ministry%20of%20Military%20Production%20signed%20on%20Saturday%2014/12/2019%20a%20contract,,https://english.mubasher.info/news/3572669/Egypt-s-NOMP-inks-deal-with-Chinese-company-for-new-tyre-plant/,,,19-Dec,China Poly GroupEgyptRubber33969.9,,China,China Poly Group,Beijing Municipality,Not Specified,Beijing,Not Specified,Not Specified,Not Specified,,,Rubber,Tyres,Transport Equipment,Manufacturing,,339,Yes,69.9,Yes,New,Announced,,,"China Poly Group, National Organization for Military Production",https://english.mubasher.info/news/3572669/Egypt-s-NOMP-inks-deal-with-Chinese-company-for-new-tyre-plant/,321,
2019,Twyford Ghana Ceramics Co Ltd,,23.5,Ghana,Industry & Trade/Ser,Manufacturing,,2019-2021,West Africa,Manufacturing,Medium,1,"The project started in 2019, but there is no latest information to confirm that the project has been completed.",Commenced,Greenfield,23.5,,,,7/1/2019,,ÂπøÂ∑ûÊ£ÆÂ§ß,https://www.taocixinxi.cn/news-4-13054-0.html,https://www.taocixinxi.cn/news-4-13054-0.html,,,,,https://www.taocixinxi.cn/news-4-13054-0.html,,,19-Jul,Twyford Ghana Ceramics Co LtdGhanaCeramics & glass91358.7,,China,Guangdong Clean Energy Co. Ltd.,Guangdong,Not Specified,Foshan,Western Region,Not Specified,Shama,,,Ceramics & glass,Clay product & refractory,Construction,Manufacturing,,913,Yes,58.7,Yes,Expansion,Announced,,,,https://allafrica.com/stories/201907240180.html,344,
2019,E-Tang Ghana,,,Ghana,Industry & Trade/Ser,Manufacturing,2019,2019-2021,West Africa,Manufacturing,Medium,,"RP: Could not find announce date. The project was invested by Shanghai KS Printing Co., Ltd. through its subsidiary E-Tang Group Ghana in Ghana, but the specific investment amount was not found.",Completed,Greenfield,,,,,,12/1/2019,E-Tang Group Ghana,https://www.businessghana.com/site/news/Business/203165/Chinese-giant-Shanghai-KS-Printing-invests-in-Ghana,,,,,https://www.businessghana.com/site/news/Business/203165/Chinese-giant-Shanghai-KS-Printing-invests-in-Ghana,https://www.businessghana.com/site/news/Business/203165/Chinese-giant-Shanghai-KS-Printing-invests-in-Ghana,,,19-Dec,"E-Tang GhanaGhanaPaper, printing & packaging19049.9",,China,Shanghai KS Printing,Shanghai Municipality,Not Specified,Shanghai,Greater Accra Region,Not Specified,Accra,,,"Paper, printing & packaging",Printing & related activities,Creative Industries,Manufacturing,,190,Yes,49.9,Yes,New,Announced,,"Ghana, west Africa",,https://www.ghanabusinessnews.com/2019/12/24/chinese-company-shanghai-ks-printing-invests-in-ghana/,367,
2019,Huawei Technologies,,,South Africa,ICT,ICT Infrastructure,,2019-2021,Southern Africa,ICT,Medium,,Little information on the amout of investment here. Most sources regurgitate the same information that Huawei are planning to add more cloud data centres in South Africa.,Announced,Greenfield,,,,,2/1/2019,,Huawei,https://www.datacenterdynamics.com/en/news/huawei-set-open-two-data-cenetrs-south-africa/,,,,https://itweb.africa/content/nWJad7bNdgg7bjO1  https://www.datacenterdynamics.com/en/news/huawei-set-open-two-data-cenetrs-south-africa/ ,,,,,19-Apr,Huawei TechnologiesSouth AfricaCommunications7246.1,,China,Huawei Technologies,Guangdong,Not Specified,Shenzhen,Gauteng,Not Specified,Johannesburg,,,Communications,"Data processing, hosting, & related services",ICT & Electronics,ICT & Internet Infrastructure,,72,Yes,46.1,Yes,New,Announced,,,,https://www.telecompaper.com/news/huawei-to-put-contract-to-supply-second-johannesburg-data-centre-out-to-tender-in-may--1287871,378,
2019,Shenzhen Star Instrument,,,Kenya,Industry & Trade/Ser,Manufacturing,,2019-2021,East Africa,Manufacturing,Medium,,"Changed confidence status to medium because has deal status and announced date.

Low because no amount or date of completion. TheKenyanWallStreet reported on May 10, 2020 that ""Shenzhen Star Instrument Co. is in the process of building a manufacturing facility at Tatu Industrial Park,"" indicating the project is implemented.",Commenced,Greenfield,,,,,3/14/2019,,Shenzhen Star Instrument Co.,https://kenyanwallstreet.com/tatu-city-takes-shape-as-industries-drive-record-growth/,,,,https://www.tatucity.com/news/shenzhen-star-to-manufacture-smart-meters-at-tatu-industrial-park/,,https://www.tatucity.com/news/shenzhen-star-to-manufacture-smart-meters-at-tatu-industrial-park/,,,19-Mar,Shenzhen Star InstrumentKenyaIndustrial equipment22631.7,,China,Shenzhen Star Instrument,Guangdong,Not Specified,Shenzhen,Nairobi Area,Not Specified,Tatu City,Tatu City Special Economic Zone,,Industrial equipment,Measuring & control instruments,Energy,Manufacturing,,226,Yes,31.7,Yes,New,Announced,,East Africa,,https://hapakenya.com/2019/03/16/shenzhen-star-to-build-manufacturing-plant-for-smart-meters-in-tatu-city/,409,
2019,Konka Group,,,Egypt,Industry & Trade/Ser,Manufacturing,2019,2019-2021,North Africa,Manufacturing,Medium,,"On August 1, 2019, the TV manufacturer Konka Group inaugurated its LED TV factory in Beni Suef Province, Egypt. Total investment was 30 million. This is a joint venture with Egypt's HOHO Electronic & Furniture Co. The factory represents the first phase of Konka's planned 100-million-dollar investment in Egypt. The second phase is planned to invest 70 million dollars in setting up a manufacture industrial park that can expand the LED TV production to 1 million units (Xinhua, 2019). Will need to add a second row for phase 2 (see leads tab) ",Completed,Greenfield,,,,,,9/1/2019,Konka Group,http://www.xinhuanet.com/english/2019-08/02/c_138276622.htm,,,,,http://www.xinhuanet.com/english/2019-08/02/c_138276622.htm,http://www.xinhuanet.com/english/2019-08/02/c_138276622.htm,,,19-Aug,Konka GroupEgyptConsumer electronics60030,,China,Konka Group,Guangdong,Not Specified,Shenzhen,Beni Suef,Not Specified,Not Specified,,,Consumer electronics,Audio & video equipment (Consumer electronics),Consumer Goods,Manufacturing,,600,No,30,No,New,Opened,"Zhou Chi, general manager, international business, ""Egypt has a large population, a stable political condition, and a relatively good investment environment and policies. This is why we have chosen to build our factory here.""",Egypt and wider Africa,,http://www.china.org.cn/business/2019-08/02/content_75058469.htm,415,
2019,ZKTeco,,,Nigeria,ICT,ICT Infrastructure,,2019-2021,West Africa,ICT,Medium,,Update: The company already has a presence in Nigeria (Lagos and Abuja) but couldn't find further info on the company's announced R&D investment in University of Lagos.  investment was announced with no confirmation of the amount to be invested. no publication on whether investment has taken place or started,Announced,Greenfield,,,,,12/10/2019,,ZKTeco,https://www.nipc.gov.ng/2019/12/10/biometrics-firm-zkteco-to-establish-r-d-centre-in-nigeria/,,,,https://www.nipc.gov.ng/2019/12/10/biometrics-firm-zkteco-to-establish-r-d-centre-in-nigeria/,,https://www.biometricupdate.com/201912/zkteco-plans-biometrics-research-center-and-trulioo-adds-nigeria-and-ghana-to-boost-development-goals,,,19-Dec,ZKTecoNigeriaElectronic components6319.7,,China,ZKTeco,Guangdong,Not Specified,Dongguan,Lagos State,Not Specified,Lagos,,,Electronic components,All other electrical equipment & components,ICT & Electronics,Research & Development,,63,Yes,19.7,Yes,New,Announced,,,,https://thenationonlineng.net/firm-plans-new-investment-in-nigeria/,454,
2019,Shaanxi Automobile Group,,,Zambia,Automotive,Automotive,2019,2019-2021,Southern Africa,Automotive,Medium,,"Shacman established a spare part and service center at the Zambia-China Economic and Trade Cooperation Zone (ZCCZ) in Chambishi in Township. The opening ceremony was on September 16th 2019 (China Trucks, 2019). Unable to find additional information.",Completed,Greenfield,,,,,,9/16/2019,Shacman,https://www.chinatrucks.com/news/2019/0919/article_8870.html,,,,,https://www.chinatrucks.com/news/2019/0919/article_8870.html,https://www.chinatrucks.com/news/2019/0919/article_8870.html,,,19-Sep,Shaanxi Automobile GroupZambiaAutomotive components6717.7,,China,Shaanxi Automobile Group,Shaanxi,Not Specified,Xi'an,Copperbelt Province,Not Specified,Chambishi,Zambia-China Economic and Trade Cooperation Zone,,Automotive components,Other motor vehicle parts,Transport Equipment,"Logistics, Distribution & Transportation",,67,Yes,17.7,Yes,New,Opened,,South-east Africa,,http://www.chinatrucks.com/html/news/2019/0919/article_8870.html,462,
2019,Sunda Cameroon,,10,Cameroon,Industry & Trade/Ser,Manufacturing,,2019-2021,Central Africa,Manufacturing,Medium,,"In 2019, China's Sunda Company invested 6 billion CFA francs (about 10 million US dollars) to build a disposable diaper production plant in Cameroon. However, there is no follow-up information on whether the factory has been completed. So the confidence Status is Medium.",Announced,Greenfield,10,,,,8/23/2019,,Sunda Cameroon Limited,https://www.agenceecofin.com/investissement/3008-68783-cameroun-le-chinois-sunda-va-investir-6-milliards-de-fcfa-dans-une-usine-de-production-de-couches-jetables,https://www.agenceecofin.com/investissement/3008-68783-cameroun-le-chinois-sunda-va-investir-6-milliards-de-fcfa-dans-une-usine-de-production-de-couches-jetables,,,https://www.agenceecofin.com/investissement/3008-68783-cameroun-le-chinois-sunda-va-investir-6-milliards-de-fcfa-dans-une-usine-de-production-de-couches-jetables,,,,,19-Aug,"Sunda CameroonCameroonPaper, printing & packaging30010.18",,China,Guangzhou Sunda International Trading Company,Guangdong,Not Specified,Guangzhou,Littoral,Not Specified,Dibamba,,,"Paper, printing & packaging",Converted paper products,Consumer Goods,Manufacturing,,300,No,10.2,No,New,Announced,,,,https://www.agenceecofin.com/investissement/3008-68783-cameroun-le-chinois-sunda-va-investir-6-milliards-de-fcfa-dans-une-usine-de-production-de-couches-jetables,520,
2019,Fujian Haian Rubber Co.,,,Zambia,Automotive,Automotive,2019,2019-2021,Southern Africa,Automotive,Medium,,"Fujian Haian Rubber Company Limited established its base in Zambia to market its products to the mining industry in Zambia, Democratic Republic of Congo (DRC), South Africa and Senegal. This is according to a company official on June 3, 2019; using as completion date (Xinhua, 2019). As of April 2, 2021, the company was re-named to Haian Rubber Group Co., Ltd (see additional sources column). Didn't find investment amount or date announced.",Completed,Greenfield,,,,,,6/3/2019,Fujian Haian Rubber Company Limited,"http://www.xinhuanet.com/english/africa/2019-06/05/c_138119586.htm#:~:text=KITWE,%20Zambia,%20June%205%20(Xinhua)%20--%20Fujian%20Haian%20Rubber%20Company",,,,,"http://www.xinhuanet.com/english/africa/2019-06/05/c_138119586.htm#:~:text=KITWE,%20Zambia,%20June%205%20(Xinhua)%20--%20Fujian%20Haian%20Rubber%20Company","http://www.xinhuanet.com/english/africa/2019-06/05/c_138119586.htm#:~:text=KITWE,%20Zambia,%20June%205%20(Xinhua)%20--%20Fujian%20Haian%20Rubber%20Company",https://www.haiangroup.com/fujian-haian-rubber-co-ltd-renamed-to-haian-rubber-group-co-ltd_n127,,19-Jun,Fujian Haian Rubber Co.ZambiaRubber479.3,,China,Fujian Haian Rubber Co.,Fujian,Not Specified,Putian,Copperbelt Province,Not Specified,Kitwe,,,Rubber,Tyres,Transport Equipment,Headquarters,,47,Yes,9.3,Yes,New,Opened,,Africa,,https://www.lusakatimes.com/2019/06/06/chinese-tyre-manufacturer-sets-up-base-in-kitwe-to-explore-african-market/,543,
2019,Xiaomi (Beijing Xiaomi Technology),,,Kenya,ICT,Other,,2019-2021,East Africa,ICT,Medium,,"Nafisat: why were the completion date and source removed?                        Changed the deal status to Announced. The completion date and its source were removed. The original Business Times source from March 1, 2019, stated, ""Â∞èÁ±≥ÁõÆÂâçÊ≠£Âú®Á≠πÂàí‰∏Ä‰∏™ÈùûÊ¥≤ÈÉ®Èó®ÔºåËØ•ÈÉ®Èó®Â∞ÜÁªßÁª≠ÂÖ≥Ê≥®ÂåÖÊã¨ËÇØÂ∞º‰∫öÂú®ÂÜÖÁöÑÈùûÊ¥≤Â∏ÇÂú∫,"" indicating that Xiaomi was still in the planning phase for opening the office. No sources confirming the project's completion were found. Changed the announced date from 01/25/2019 tp 01/19/2019, based on a report from Chinese media outlet Wangyi (163.com). On January 19, Wangyi reported Xiaomi's announcement regarding the establishment of its African office: ""1Êúà19Êó•ÔºåÂ∞èÁ±≥ÂÜÖÈÉ®ÂèëÂ∏É‰ªªÂëΩÊñá‰ª∂ÔºåÂØπÈÉ®ÂàÜÊµ∑Â§ñÂ∏ÇÂú∫Ë¥üË¥£‰∫∫ËøõË°å‰∫ÜË∞ÉÊï¥ÔºåÂÖ∂‰∏≠ÊúÄ‰ª§Â§ñÁïåÂÖ≥Ê≥®ÁöÑÂ∞±ÊòØÈùûÊ¥≤Âú∞Âå∫ÈÉ®ÁöÑÊàêÁ´ã„ÄÇ‚Äú

Medium because no amount is provided by the two sources found. The BTcaijing source confirms completion and dates.",Announced,Greenfield,,,,,1/19/2019,,Xiaomi,https://businesstimescn.com/articles/159598.html,,,,https://www.163.com/dy/article/E6KCO28G0511D3I1.html,,https://businesstimescn.com/articles/159598.html,https://web.archive.org/web/20190203202728/https://africa.businesschief.com/leadership/4304/Xiaomi-reveals-plans-to-open-first-Kenyan-office-in-Nairobi,,19-Jan,Xiaomi (Beijing Xiaomi Technology)KenyaCommunications374.7,,China,Xiaomi (Beijing Xiaomi Technology),Beijing Municipality,Not Specified,Beijing,Nairobi Area,Not Specified,Nairobi,,,Communications,Communications equipment,ICT & Electronics,"Sales, Marketing & Support",,37,Yes,4.7,Yes,New,Announced,,"South Africa, Botswana, Nigeria, Malawi, and Kenya.",,https://africa.businesschief.com/leadership/4304/Xiaomi-reveals-plans-to-open-first-Kenyan-office-in-Nairobi,607,
2019,Shanghai KS Printing,,,Ghana,Industry & Trade/Ser,Manufacturing,2019,2019-2021,West Africa,Manufacturing,Medium,,"Chinese publisher Shanghai KS Printing Co., Ltd. opened a subsidiary in Ghana in 2019, but no specific investment amount was given. So the Confidence Status is Medium.",Completed,Greenfield,,,,,,12/24/2019,Shanghai KS Printing,https://www.ghanabusinessnews.com/2019/12/24/chinese-company-shanghai-ks-printing-invests-in-ghana/,,,,,https://www.ghanabusinessnews.com/2019/12/24/chinese-company-shanghai-ks-printing-invests-in-ghana/,,,,19-Dec,"Shanghai KS PrintingGhanaPaper, printing & packaging223.9",,China,Shanghai KS Printing,Shanghai Municipality,Not Specified,Shanghai,Greater Accra Region,Not Specified,Accra,,,"Paper, printing & packaging",Printing & related activities,Creative Industries,Business Services,,22,Yes,3.9,Yes,New,Opened,,"Ghana, neighbouring countries",,https://www.ghanabusinessnews.com/2019/12/24/chinese-company-shanghai-ks-printing-invests-in-ghana/,614,
2019,Xin Printing Technology,,,Ghana,Industry & Trade/Ser,Manufacturing,2019,2019-2021,West Africa,Manufacturing,Medium,,"Xin Printing Technology shipped 300 copiers to Ghana in 2019 as an investment, but there is no specific amount. So the Confidence Status is Medium.",Completed,Greenfield,,,,,,6/14/2019,Xin Printing Technology Co. Ltd,http://www.xinhuanet.com/english/2019-06/14/c_138143063.htm,,,,,http://www.xinhuanet.com/english/2019-06/14/c_138143063.htm,,,,19-Jun,Xin Printing TechnologyGhanaBusiness machines & equipment501.6,,China,Xin Printing Technology,Hunan,Not Specified,Loudi,Not Specified,Not Specified,Not Specified,,,Business machines & equipment,Computer & peripheral equipment,ICT & Electronics,Maintenance & Servicing,,50,Yes,1.6,Yes,New,Announced,,,,http://www.chinadaily.com.cn/a/201906/14/WS5d034e5da3103dbf1432843d.html,644,
2019,KGK Group,,,Angola,Industry & Trade/Ser,Manufacturing,2019,2019-2021,Southern Africa,Manufacturing,Medium,,"Update: The announcement date could not be found after further investigation.

On November 4, 2019, the inauguration ceremony for KGK Group's diamond manufacturing unit in Angola took place. Not much else could be found online. Unsure how much the project costed, their deal stake, or when it was initially announced.",Completed,Greenfield,,,,,,11/4/2019,KGK,https://www.kgkgroup.com/diamond-manufacturing-unit-luanda-angola-launch-ceremony/,,,,,https://www.kgkgroup.com/diamond-manufacturing-unit-luanda-angola-launch-ceremony/,https://www.kgkgroup.com/diamond-manufacturing-unit-luanda-angola-launch-ceremony/,,,19-Nov,KGK GroupAngolaMinerals18034.1,,Hong Kong,KGK Group,Hong Kong,Hong Kong,Hong Kong,Not Specified,Not Specified,Not Specified,,,Minerals,Other non-metallic mineral products,Physical Sciences,Manufacturing,,180,Yes,34.1,Yes,New,Opened,,,,https://www.linkedin.com/posts/kgk-group_launch-angola-kgkgroup-activity-6596984325529538560-TpPl/,685,
2018,Anhui Foreign Economic Construction,,,Malawi,Industry & Trade/Ser,,2018,2016-2018,Southern Africa,,Duplicate,138,"Same as BU ID 138, The project includes a five-star hotel, an entertainment complex with a casino, as well as a shopping mall and cinema, but there is no clear information on the loan amount.",Completed,Greenfield,,,,,1/8/2018,12/1/2018,,https://constructionreviewonline.com/news/a-us-25m-hotel-set-to-be-constructed-in-malawi/,,,,https://constructionreviewonline.com/news/a-us-25m-hotel-set-to-be-constructed-in-malawi/,https://constructionreviewonline.com/news/a-us-25m-hotel-set-to-be-constructed-in-malawi/,,,,18-Jan,Anhui Foreign Economic ConstructionMalawiReal estate22037.5,,China,Anhui Foreign Economic Construction,Anhui,Not Specified,Hefei,Central,Not Specified,Lilongwe,,,Real estate,Commercial & institutional building construction,Construction,Construction,,220,Yes,37.5,Yes,New,Announced,,,,http://nyasa-times.com/category/sogecoa-business-park/,391,
2018,Anhui Foreign Economic Construction,,,Malawi,Industry & Trade/Ser,,2018,2016-2018,Southern Africa,,Duplicate,138,"Same as BU ID 138, The project includes a five-star hotel, an entertainment complex with a casino, as well as a shopping mall and cinema, but there is no clear information on the loan amount.",Completed,Greenfield,,,,,1/8/2018,12/1/2018,,https://constructionreviewonline.com/news/a-us-25m-hotel-set-to-be-constructed-in-malawi/,,,,https://constructionreviewonline.com/news/a-us-25m-hotel-set-to-be-constructed-in-malawi/,https://constructionreviewonline.com/news/a-us-25m-hotel-set-to-be-constructed-in-malawi/,,,,18-Jan,Anhui Foreign Economic ConstructionMalawiReal estate22037.5,,China,Anhui Foreign Economic Construction,Anhui,Not Specified,Hefei,Central,Not Specified,Lilongwe,,,Real estate,Commercial & institutional building construction,Construction,Construction,,220,Yes,37.5,Yes,New,Announced,,,,http://nyasa-times.com/category/sogecoa-business-park/,392,
2018,,,54,Cote d'Ivoire,Industry & Trade/Ser,Manufacturing,,2016-2018,West Africa,Manufacturing,High,,Announced status updated to commenced.  The investment was announced in 2018 but investing Chinese firm got a loan of 50million euros for the investment from IFC in 2023 but there is no update on the status of the investment. Renamed from C√¥te d Ivoire to Cote d'Ivoire,Commenced,Greenfield,54,,N,,3/20/2018,,"Shanghai Fosun Pharmaceutical (Group) Co., Ltd.",https://www.fosunpharma.com/en/Upload/File/202309/48b2106456bf4a998ea3c748853be63b.pdf ,"https://www.ifc.org/en/pressroom/2023/ifc-supports-fosun-pharmas-construction-of-largest-pharmaceutica#:~:text=Abidjan%2C%20C√¥te%20d%27Ivoire%2C,hub%20in%20C√¥te%20d%27Ivoire.",,,https://www.financialafrik.com/2018/03/20/cote-divoire-le-groupe-chinois-fosun-international-va-construire-une-usine-pharmaceutique/,,"https://www.ifc.org/en/pressroom/2023/ifc-supports-fosun-pharmas-construction-of-largest-pharmaceutica#:~:text=Abidjan%2C%20C%C3%B4te%20d%27Ivoire%2C,hub%20in%20C%C3%B4te%20d%27Ivoire.",https://www.scmp.com/news/china/diplomacy/article/3282304/chinese-pharmaceutical-firms-expand-africa-under-health-silk-road,,23-Jun,444148,109873,China,,,,,,,,,,Pharmaceuticals,Pharmaceutical preparations,Life sciences,Manufacturing,,231,YES,35.4,YES,New,,,,,,59,
2018,Sinosteel,,440,South Africa,Industry & Trade/Ser,Material Production and Processing,,2016-2018,Southern Africa,Material Production and Processing,High,,"For this entry, little is out on the internet. Sinosteel seemingly invested $440-million in an electric furnace for chrome production in 2008. Two sources mention this project, and possibly contain the information we need. However, one link is down and the other is behind paywall. Moving on for now to save time. Will need to come back to this to confirm the investment. https://www.econstor.eu/bitstream/10419/93164/1/58755861X.pdf | https://www.africaintelligence.com/southern-africa-and-islands/2008/02/27/sinosteel-invests-usd-440-million-in-south-africa-firm,38401431-bre. PK 11/18/24 Changing status to high as previous link has become available and confirms above mentioned information. Posting webarchive link in general source.",Announced,Greenfield,440,,,,2/1/2018,,Sinosteel,https://www.econstor.eu/bitstream/10419/93164/1/58755861X.pdf p. 8,https://www.econstor.eu/bitstream/10419/93164/1/58755861X.pdf p.8,,,https://www.econstor.eu/bitstream/10419/93164/1/58755861X.pdf p.8,,,"https://web.archive.org/web/20230607173618/https://www.econstor.eu/bitstream/10419/93164/1/58755861X.pdf ; https://www.africaintelligence.com/southern-africa-and-islands/2008/02/27/sinosteel-invests-usd-440-million-in-south-africa-firm,38401431-bre",,8-Feb,SinosteelSouth AfricaMetals3000440,,China,Sinosteel,Beijing Municipality,,Beijing,Not Specified,Not Specified,Not Specified,,,Metals,Iron & steel mills & ferroalloy,Physical Sciences,Manufacturing,,3000,Yes,440,No,New,,,,,,156,
2018,Nanjing Hanrui Cobalt,,216,"Congo, Democratic Republic of the",Industry & Trade/Ser,Material Production and Processing,,2016-2018,Central Africa,Material Production and Processing,High,,"A Yicai Global article reports that a joint venture consisting of Hanrui and Qingyuan Keweike Mineral Trade Co. will be formed to meet rising demand from EV battery makers, with an investment of $216 million. Could not find any evidence of commencement, just announcement. I indicated a 100% CN deal stake because the article implied there were only two companies involved in the joint venture, both Chinese (Hanrui 95%, Qingyuan Keweike minority stake (implies 5% stake)). Renamed from Democratic Republic of Congo to Congo, Democratic Republic of the",Announced,Greenfield,216,,,100,2/1/2018,,Nanjing Hanrui Cobalt Co.,https://www.yicaiglobal.com/news/hanrui-cobalt-plans-congolese-jv-to-meet-rising-demand-in-nev-sector,https://www.yicaiglobal.com/news/hanrui-cobalt-plans-congolese-jv-to-meet-rising-demand-in-nev-sector,,https://www.yicaiglobal.com/news/hanrui-cobalt-plans-congolese-jv-to-meet-rising-demand-in-nev-sector,https://www.yicaiglobal.com/news/hanrui-cobalt-plans-congolese-jv-to-meet-rising-demand-in-nev-sector,,https://www.yicaiglobal.com/news/hanrui-cobalt-plans-congolese-jv-to-meet-rising-demand-in-nev-sector,,,18-Feb,"Nanjing Hanrui CobaltCongo, Democratic Republic of theMetals1577216",,China,Nanjing Hanrui Cobalt,Jiangsu,Not Specified,Nanjing,Katanga,Not Specified,Kolwezi,,,Metals,Nonferrous metal production & processing,ICT & Electronics,Manufacturing,,1577,Yes,216,No,New,Announced,,,"Nanjing Hanrui Cobalt, Qingyuan Keweike Mineral Trade",https://www.yicaiglobal.com/news/hanrui-cobalt-plans-congolese-jv-meet-rising-demand-nev-sector,187,
2018,Congo Dongfang International Mining,,147.2,"Congo, Democratic Republic of the",Metals and Minerals,Metals and Minerals,2019,2016-2018,Central Africa,Metals and Minerals,High,,"Found two sources reporting the announcement of a copper mining project to develop electrolytic copper. I also found a source reporting that an opening ceremony for this project was held on October 27 2019, so I marked the status as complete. The source did not give a completed amount. Since this project is an investment from one Chinese firm, I assume CN deal stake is 100%. Renamed from Democratic Republic of Congo to Congo, Democratic Republic of the",Completed,Greenfield,147.2,,,100,12/25/2018,10/27/2019,"Zhejiang Huayou Cobalt Co., Ltd.",http://news.afrindex.com/zixun/article11498.html,http://news.afrindex.com/zixun/article11498.html,,http://news.afrindex.com/zixun/article11498.html,http://finance.sina.com.cn/money/future/indu/2018-12-25/doc-ihmutuee2591182.shtml,https://www.asianmetal.com/news/data/1521486/Huayou%20Cobalt:%20Lukuni%20copper%20project%20in%20DRC%20goes%20into%20operation,http://news.afrindex.com/zixun/article11498.html,,,18-Dec,"Congo Dongfang International MiningCongo, Democratic Republic of theMetals207147",,China,Zhejiang Huayou Cobalt Nickel Materials,Zhejiang,Not Specified,Zhejiang,Katanga,Not Specified,Lubumbashi,,,Metals,"Copper, nickel, lead, & zinc mining",Physical Sciences,Extraction,,207,Yes,147,No,New,Announced,,,,http://m.silkroad.news.cn/article/75685,220,
2018,Chongqing Sansheng Industrial,,85,Ethiopia,Industry & Trade/Ser,Manufacturing,2018,2016-2018,East Africa,Manufacturing,High,,"[VBA & TX] Chongqing Sansheng Industrial held a cornerstone-laying ceremony on Oct 18, 2016 in Dukem, Ethiopia (China Embassy, 2016). According to China Daily (2018), the company on June 08, 2018 inaugurated its production plant in Ethiopia, which was completed in less than 2 years. Investment is $85 million. Deal Status completed",Completed,Greenfield,,85,,,,6/8/2018,Sansheng Pharmaceuticals Plc,https://www.chinadaily.com.cn/a/201806/11/WS5b1dec5ba31001b82571f4e8.html https://addisfortune.net/articles/chinese-firm-builds-up-pharma-with-85m/,https://www.chinadaily.com.cn/a/201806/11/WS5b1dec5ba31001b82571f4e8.html,https://www.chinadaily.com.cn/a/201806/11/WS5b1dec5ba31001b82571f4e8.html https://addisfortune.net/articles/chinese-firm-builds-up-pharma-with-85m/,,,https://www.chinadaily.com.cn/a/201806/11/WS5b1dec5ba31001b82571f4e8.html https://addisfortune.net/articles/chinese-firm-builds-up-pharma-with-85m/,https://www.chinadaily.com.cn/a/201806/11/WS5b1dec5ba31001b82571f4e8.html https://addisfortune.net/articles/chinese-firm-builds-up-pharma-with-85m/,http://et.china-embassy.gov.cn/eng/zagx/201610/t20161028_7131148.htm,,18-Dec,Chongqing Sansheng IndustrialEthiopiaBuilding materials266134,,China,Chongqing Sansheng Industrial,Chongqing Municipality,Not Specified,Chongqing,Not Specified,Not Specified,Not Specified,,,Building materials,Cement & concrete products,Construction,Manufacturing,,266,Yes,134,No,Expansion,Announced,,,,Inside International Industrials (IIICorp),228,
2018,Taishan Gypsum,,125,Egypt,Industry & Trade/Ser,Manufacturing,,2016-2018,North Africa,Manufacturing,High,,"The Chairman of the Suez Canal Authority, Mohab Mamish, sigend a contract with Taishan Gypsum Board Co., Ltd, which plans to invest $125 million to establish a gypsum board production plant. Multiple sources mention this and two other Chinese investments with Shandong Ruyi Spinning & Weaving Co. and Xiamen Yan Jiang Co. (Deal ID 232 and 364) all published around Sept 3rd 2018 to Sept 10th 2018. Using earliest publication date based off Nafisaat review. According to Xinhua News Agency (2019) and other Chinese sources, on Dec 19, 2019 the parent company, Beijing New Building Materials, announced that it 'intends to take Taishan Egypt as the main body of construction and operation, and invest in the construction of a gypsum board production plant. The project is expected to have a construction period of approx. 18 months.",Announced,Greenfield,125,,,,9/3/2018,,"Taishan Gypsum Board Co., Ltd",https://www.agenceecofin.com/entreprises/0409-59637-egypte-trois-entreprises-chinoises-vont-investir-1-milliard-dans-la-zone-economique-du-canal-de-suez,https://www.agenceecofin.com/entreprises/0409-59637-egypte-trois-entreprises-chinoises-vont-investir-1-milliard-dans-la-zone-economique-du-canal-de-suez https://baijiahao.baidu.com/s?id=1653447810528569526&wfr=spider&for=pc https://baijiahao.baidu.com/s?id=1653441244537285596&wfr=spider&for=pc,,https://baijiahao.baidu.com/s?id=1653441244537285596&wfr=spider&for=pc,https://www.agenceecofin.com/entreprises/0409-59637-egypte-trois-entreprises-chinoises-vont-investir-1-milliard-dans-la-zone-economique-du-canal-de-suez https://baijiahao.baidu.com/s?id=1653447810528569526&wfr=spider&for=pc,,https://www.agenceecofin.com/entreprises/0409-59637-egypte-trois-entreprises-chinoises-vont-investir-1-milliard-dans-la-zone-economique-du-canal-de-suez,https://tssg.com.cn/en/corporate-information,,18-Sep,Taishan GypsumEgyptBuilding materials300125,,China,Beijing New Building Materials,Beijing Municipality,Not Specified,Beijing,Suez,Not Specified,Suez,Suez Canal Special Economic Zone,,Building materials,"Asphalt paving, roofing, & saturated materials",Construction,Manufacturing,,300,No,125,No,New,Announced,,,,https://www.agenceecofin.com/entreprises/0409-59637-egypte-trois-entreprises-chinoises-vont-investir-1-milliard-dans-la-zone-economique-du-canal-de-suez,232,
2018,Sinoma International Engineering,,100,Egypt,Industry & Trade/Ser,Manufacturing,,2016-2018,North Africa,Manufacturing,High,,"Sinoma International Engineering Company intends to establish an iron and steel plant in Egypt and invest an estimated $100 million according to the Vice Chairman, Liu Zhijiang (Arab Finance, 2018). According to Amwal Al Ghad (2018), this was announced on Aug 9, 2018.",Announced,Greenfield,100,,,,8/9/2018,,Sinoma International Engineering Company,https://web.archive.org/web/20180810073144/https://www.arabfinance.com/en/news/details/egypt-economy/440514,https://web.archive.org/web/20180810073144/https://www.arabfinance.com/en/news/details/egypt-economy/440514,,,https://en.amwalalghad.com/chinas-sinoma-to-build-100-mln-steel-plant-in-egypt/,,https://web.archive.org/web/20180810073144/https://www.arabfinance.com/en/news/details/egypt-economy/440514,,,18-Aug,Sinoma International EngineeringEgyptMetals730100,,China,Sinoma International Engineering,Beijing Municipality,Not Specified,Beijing,Not Specified,Not Specified,Not Specified,,,Metals,Iron & steel mills & ferroalloy,Industrial,Manufacturing,,730,Yes,100,No,New,Announced,,,,https://www.arabfinance.com/en/news/details/egypt-economy/440514,249,
2018,China Wu Yi,,94.6,Kenya,Industry & Trade/Ser,Free Trade Zones and Industrial Parks,,2016-2018,East Africa,Free Trade Zones and Industrial Parks,High,,"Got multiple sources for verification. [09/24/2024] High because have deal status, announced amount and announced date. Reuters mentioned in May 2018 that ""Fujian Construction Engineering Group Co. will build a 602 million RMB ($94.6 million) industrial park in the Kenyan port city of Mombasa.""",Announced,Greenfield,94.6,,,50,5/4/2018,,China Wu Yi Co. Ltd.,https://www.caixinglobal.com/2018-05-08/fujian-firm-to-build-100-million-industry-park-in-kenya-101245731.html; https://en.imsilkroad.com/p/95183.html,https://www.caixinglobal.com/2018-05-08/fujian-firm-to-build-100-million-industry-park-in-kenya-101245731.html; https://en.imsilkroad.com/p/95183.html; https://www.reuters.com/article/markets/commodities/chna-wuyi-to-invest-6025-mln-yuan-in-industrial-park-project-in-kenya-idUSH9N1S404N/,,https://www.caixinglobal.com/2018-05-08/fujian-firm-to-build-100-million-industry-park-in-kenya-101245731.html,https://www.reuters.com/article/markets/commodities/chna-wuyi-to-invest-6025-mln-yuan-in-industrial-park-project-in-kenya-idUSH9N1S404N/,,https://www.caixinglobal.com/2018-05-08/fujian-firm-to-build-100-million-industry-park-in-kenya-101245731.html,https://www.linkedin.com/pulse/what-profile-chinese-investments-kenya-emmanuel-wa-kyendo?trk=pulse-article_more-articles_related-content-card,,18-May,China Wu YiKenyaReal estate55494.3,,China,Fujian Construction Engineering Group,Fujian,Not Specified,Fuzhou,Coast,Not Specified,Mombasa,,,Real estate,Industrial building construction,Construction,Construction,,554,Yes,94.3,No,New,Announced,,,,https://www.yicaiglobal.com/news/china-wuyi-plans-usd95-million-industrial-park-mombasa-shore-local-logistics,297,
2018,Zimasco,,80,Zimbabwe,Industry & Trade/Ser,Material Production and Processing,,2016-2018,Southern Africa,Material Production and Processing,High,,"while the direct information on this deal is an annoucned investment of $80million, it appears the project already commenced with a $35million investment in furnace' ferrochrome by the company - see other sources for details",Commenced,Greenfield,80,,,,2/16/2018,,Sinosteel Corporation,http://businessdaily.co.zw/index-id-business-zk-40461.html,http://businessdaily.co.zw/index-id-business-zk-40461.html,,,http://businessdaily.co.zw/index-id-business-zk-40461.html,,"https://wap.asianmetal.com/news/viewNews.am?nId=1724481#:~:text=Zimasco%2C%20a%20company%20under%20Sinosteel,by%20the%20end%20of%202022.","https://wap.asianmetal.com/news/viewNews.am?nId=1724481#:~:text=Zimasco%2C%20a%20company%20under%20Sinosteel,by%20the%20end%20of%202022.",,18-Feb,ZimascoZimbabweMetals58480,,China,Sinosteel,Beijing Municipality,Not Specified,Beijing,Midlands,Not Specified,Kwekwe,,,Metals,Iron & steel mills & ferroalloy,Industrial,Manufacturing,,584,Yes,80,No,Expansion,Announced,,,,https://www.theindependent.co.zw/2018/02/16/zimasco-invest-us80-million-expansion-projects/,304,
2018,Xiamen Yanjan New Material,,50,Egypt,Industry & Trade/Ser,Textiles,,2016-2018,North Africa,Textiles,High,,"The Chairman of the Suez Canal Authority, Mohab Mamish, sigend a contract with Xiamen Yan Jiang Co., which plans to invest $50 million to produce and supply nonwoven products and modern materials. Multiple sources mention this and two other Chinese investments with Shandong Ruyi Spinning & Weaving Co. and Taishan Gypsum Board Co. (Deal ID 131 and 232) all published around Sept 3rd 2018 to Sept 10th 2018. Using earliest publication date based off Nafisaat review. Changing status from ""Medium"" to ""High"". ",Announced,Greenfield,50,,,,9/3/2018,,Xiamen Yan Jiang Co.,https://www.agenceecofin.com/entreprises/0409-59637-egypte-trois-entreprises-chinoises-vont-investir-1-milliard-dans-la-zone-economique-du-canal-de-suez,https://www.agenceecofin.com/entreprises/0409-59637-egypte-trois-entreprises-chinoises-vont-investir-1-milliard-dans-la-zone-economique-du-canal-de-suez,,,https://www.agenceecofin.com/entreprises/0409-59637-egypte-trois-entreprises-chinoises-vont-investir-1-milliard-dans-la-zone-economique-du-canal-de-suez,,https://www.agenceecofin.com/entreprises/0409-59637-egypte-trois-entreprises-chinoises-vont-investir-1-milliard-dans-la-zone-economique-du-canal-de-suez,,,18-Sep,Xiamen Yanjan New MaterialEgyptTextiles30050,,China,Xiamen Yanjan New Material,Fujian,Not Specified,Xiamen,Suez,Not Specified,Suez,Suez Canal Special Economic Zone,,Textiles,Textiles & Textile Mills,"Wood, Apparel & Related Products",Manufacturing,,300,No,50,No,New,Announced,,,,https://www.agenceecofin.com/entreprises/0409-59637-egypte-trois-entreprises-chinoises-vont-investir-1-milliard-dans-la-zone-economique-du-canal-de-suez,364,
2018,Keda Clean Energy,,25,Kenya,Industry & Trade/Ser,Manufacturing,,2016-2018,East Africa,Manufacturing,High,,"Changed confidence status to high because has deal status, announced date and announced amount. Found more source for verification. Business Daily, African Strategic-Venture and Citizen TV Kenya reported in Nobember 2018 that KEDA Ceramics will invest Sh2.5 billion in phase 3 of its plant to expand its operations in Kenya, pushing the total investment in the country to Sh8.1 billion.

Low because it's hard to track deal status (as this investment is to diversify product selection, not any kind of construction.) BusinessDaily reported that""Keda Ceramics is injecting an additional Sh2.5billion in  the firm's third phase set to begin in 2019 as it moves to diversify its product selection.""",Announced,Greenfield,25,,,,11/5/2018,,Keda Ceramics,https://www.businessdailyafrica.com/news/Chinese-tile-maker-injects-Sh2-5bn-into-Kenyan-plant/539546-4837922-7fwgjk/index.html; https://www.youtube.com/watch?v=1yB54rmHGwk,https://www.africansv.com/expanded-kajiado-tile-factory-to-create-500-jobs/; https://www.businessdailyafrica.com/news/Chinese-tile-maker-injects-Sh2-5bn-into-Kenyan-plant/539546-4837922-7fwgjk/index.html,,,https://www.businessdailyafrica.com/news/Chinese-tile-maker-injects-Sh2-5bn-into-Kenyan-plant/539546-4837922-7fwgjk/index.html,,https://www.businessdailyafrica.com/news/Chinese-tile-maker-injects-Sh2-5bn-into-Kenyan-plant/539546-4837922-7fwgjk/index.html,https://www.youtube.com/watch?v=1yB54rmHGwk,,18-Nov,Keda Clean EnergyKenyaCeramics & glass50025,,China,Keda Clean Energy,Guangdong,Not Specified,Foshan,Nairobi Area,Not Specified,Nairobi,,,Ceramics & glass,Clay product & refractory,Consumer Goods,Manufacturing,,500,No,25,No,Expansion,Announced,"""Chen said it is the perfect time to invest in Kenya, especially with President Uhuru Kenyatta's Big Four Agenda of manufacturing, food security, affordable housing and universal access to healthcare.""",,,https://www.businessdailyafrica.com/news/Chinese-tile-maker-injects-Sh2-5bn-into-Kenyan-plant/539546-4837922-7fwgjk/index.html,425,
2018,Nexteer Automotive,,35,Morocco,Automotive,Automotive,2019,2016-2018,North Africa,Automotive,High,,High - reputable source (company announcement) confirms completion of the construction of the faciliity. ,Completed,Greenfield,,35,,,2/22/2018,6/26/2019,Nexteer Automotive,https://www.nexteer.com/release/nexteer-automotive-opens-27th-plant-in-kenitra-morocco/,,https://www.meer.com/en/61027-morocco-automotive-production,,https://www.nexteer.com/release/nexteer-automotive-announces-new-production-facility-in-morocco/,https://www.nexteer.com/release/nexteer-automotive-opens-27th-plant-in-kenitra-morocco/,https://www.nexteer.com/release/nexteer-automotive-hosts-groundbreaking-for-moroccan-production-facility/,,,18-Feb,Nexteer AutomotiveMoroccoAutomotive components50224.2,,China,Aviation Industry Corporation of China,Beijing Municipality,Not Specified,Beijing,Rabat-Sale-Kenitra,Not Specified,Kenitra,,,Automotive components,Motor vehicle steering & suspension components,Transport Equipment,Manufacturing,,502,Yes,24.2,Yes,New,Announced,,Africa and Europe,,https://www.nexteer.com/release/nexteer-automotive-announces-new-production-facility-in-morocco/,429,
2018,ZTT International Limited,,23.5,Morocco,Industry & Trade/Ser,Manufacturing,2019,2016-2018,North Africa,Manufacturing,High,,"Sector is manufacturing because ZTT Groups plant involves manufacturing electric cables and optical fiber. We estimated the completion date by because the ztt group source only mentions 2019: ""ZTT overseas factory in Morocco and Europe went into operation""",Completed,Greenfield,23.5,,,,5/16/2018,1/1/2019,ZTT,https://www.zttgroup.com/upload/202409/06/202409061016187315.pdf,http://www.xinhuanet.com/english/2018-05/16/c_137184083.htm,,,http://www.xinhuanet.com/english/2018-05/16/c_137184083.htm,https://www.zttgroup.com/upload/202409/06/202409061016187315.pdf,,http://www.iccsz.com/site/cn/News/2019/06/21/20190621032947217351.htm,,18-May,ZTT International LimitedMoroccoElectronic components20023.5,,China,ZTT International Limited,Jiangsu,Not Specified,Nantong,Tanger-Tetouan-Al Hoceima,Not Specified,Tangier,Tanger Automotive City,,Electronic components,Communication & energy wires & cables,ICT & Electronics,Manufacturing,,200,No,23.5,No,New,Announced,,,,http://www.xinhuanet.com/english/2018-05/16/c_137184083.htm,430,
2018,Hengtong Optic-Electric,,15,Egypt,ICT,ICT Infrastructure,2018,2016-2018,North Africa,ICT,High,,"On March 6, 2018, there was an opening and commissioning ceremony of an optical cable factory, co-established by HENGTONG OPTIC-ELECTRIC CO., LTD (Chinese) and HitekNOFAL Group (Egypt) in Bader Industrial City in Cairo, Egypt. The plant will be established in three stages with the first period having around $15 million invested (Hengtong Group, 2018; Zawya, 2018). The total investments spanning the three phases amount to $30m (Zawya, 2018). Hengtong Optic-Electric Co. will take a 40 percent stake in the joint venture (YiCai Global, 2018). An expansion was announced for $18 million (see leads tab). Confidence level: High",Completed,Greenfield,,15,N,40,,3/6/2018,HENGTONG OPTIC-ELECTRIC,"https://www.hengtonggroup.com/en/home/news/detail/id/184.html#:~:text=In%20the%20future,%20HENGTONG%20may%20introduce%20optical%20fiber%20drawing%20tower https://www.zawya.com/en/business/egyptian-minister-to-inaugurate-30mln-fibre-optics-plant-ecactq22",,"https://www.hengtonggroup.com/en/home/news/detail/id/184.html#:~:text=In%20the%20future,%20HENGTONG%20may%20introduce%20optical%20fiber%20drawing%20tower https://www.zawya.com/en/business/egyptian-minister-to-inaugurate-30mln-fibre-optics-plant-ecactq22",https://www.yicaiglobal.com/news/china-biggest-optic-cable-firm-looks-to-egyptian-market-with-joint-venture#:~:text=Suzhou-based%20Hengtong%20Optic-Electric%20Co.%20will%20take%20a%2040%20percent%20stake,,,"https://www.hengtonggroup.com/en/home/news/detail/id/184.html#:~:text=In%20the%20future,%20HENGTONG%20may%20introduce%20optical%20fiber%20drawing%20tower https://www.zawya.com/en/business/egyptian-minister-to-inaugurate-30mln-fibre-optics-plant-ecactq22",,,18-Mar,Hengtong Optic-ElectricEgyptElectronic components15615,,China,Hengtong Optic-Electric,Jiangsu,Not Specified,Wujiang,Cairo,Not Specified,Badr,,,Electronic components,Communication & energy wires & cables,ICT & Electronics,Manufacturing,,156,Yes,15,No,New,Opened,,,"Hengtong Optic-Electric, HitekNofal",https://www.telecompaper.com/news/hiteknofal-solutions-hengtong-group-set-up-fibre-optics-plant-in-egypt--1234667,473,
2018,Seraphim Solar System,,14,South Africa,Industry & Trade/Ser,Renewable Energy Component Manufacturing,2018,2016-2018,Southern Africa,Renewable Energy Component Manufacturing,High,,"Cannot find announced date. The module plant factury was inaugurated in August 2018, completed and reached full production in September. It cost $14m.",Completed,Greenfield,,14,,,,8/13/2018,Seraphim,https://www.prnewswire.co.uk/news-releases/seraphim-opens-300-mw-module-plant-in-south-africa-690696811.html https://www.seraphim-energy.com/seraphim-plans-to-open-african-first-500-mw-pv-cell-plant/ ,,https://globalrenewablenews.com/article/organization/32637/714990/Seraphim-Opens-300-MW-Module-Plant-in-South-Africa.htm,,https://www.prnewswire.co.uk/news-releases/seraphim-opens-300-mw-module-plant-in-south-africa-690696811.html,,,,,18-Aug,Seraphim Solar SystemSouth AfricaElectronic components14614,,China,Seraphim Solar System,Jiangsu,Not Specified,Changzhou,Eastern Cape,Not Specified,East London,East London Industrial Development Zone,,Electronic components,All other electrical equipment & components,Environmental Technology,Manufacturing,,146,Yes,14,No,New,Opened,,,"Industrial Development Corporation of South Africa, Seraphim Solar System, ILB Helios Southern Africa",http://www.prnewswire.co.uk/news-releases/seraphim-opens-300-mw-module-plant-in-south-africa-690696811.html,480,
2018,Foshan Rifeng Enterprise,,13.8,Ethiopia,Industry & Trade/Ser,Material Production and Processing,,2016-2018,East Africa,Material Production and Processing,High,,"Rifeng (said to be a joint venture between Rifeng Ethiopia and Rifeng China) plans to construct its first aluminum pipe factory in Ethiopia with a 380 million Birr capital (conversion is 13,777,729.66 USD) in Debre Brehan, Amhara Region. The company plans to finish the construction of the factory within a year‚Äôs time and to start production in 2019. (2 Merkato, 2018; Addis Fortune, 2018--- using publication as date announced). According to the Rifeng website, the factory is scheduled to start operation in 2022 (2021). Deal status: announced as information on commencement/construction of the plant isn't available. Confidence level: Medium",Announced,Greenfield,13.8,,,,6/1/2018,,RIFENG Group,"https://www.rifeng.com/article/rifeng-group-will-invest-a-factory-in-ethiopia#:~:text=RIFENG%20Group%20is%20going%20to%20set%20up%20a%20piping%20factory https://www.2merkato.com/news/alerts/5376-the-first-aluminum-pipe-factory-in-ethiopia-to-be-constructed https://addisfortune.net/articles/companies-ally-to-manufacture-aluminium-pipe/#:~:text=The%20first%20aluminium%20pipe%20factory%20in%20Ethiopia,%20a%20joint%20venture","https://www.2merkato.com/news/alerts/5376-the-first-aluminum-pipe-factory-in-ethiopia-to-be-constructed https://addisfortune.net/articles/companies-ally-to-manufacture-aluminium-pipe/#:~:text=The%20first%20aluminium%20pipe%20factory%20in%20Ethiopia,%20a%20joint%20venture",,,"https://www.2merkato.com/news/alerts/5376-the-first-aluminum-pipe-factory-in-ethiopia-to-be-constructed https://addisfortune.net/articles/companies-ally-to-manufacture-aluminium-pipe/#:~:text=The%20first%20aluminium%20pipe%20factory%20in%20Ethiopia,%20a%20joint%20venture",,"https://www.2merkato.com/news/alerts/5376-the-first-aluminum-pipe-factory-in-ethiopia-to-be-constructed https://addisfortune.net/articles/companies-ally-to-manufacture-aluminium-pipe/#:~:text=The%20first%20aluminium%20pipe%20factory%20in%20Ethiopia,%20a%20joint%20venture",,,18-Jun,Foshan Rifeng EnterpriseEthiopiaMetals15013.92,,China,www.rifeng.com/,Guangdong,Not Specified,Foshan,Amhara,Not Specified,Debre Berhan,,,Metals,Alumina & aluminium production and processing,Industrial,Manufacturing,,150,No,13.9,No,New,Announced,,,"Foshan Rifeng Enterprise, Rifeng Ethiopia",http://www.2merkato.com/news/alerts/5376-the-first-aluminum-pipe-factory-in-ethiopia-to-be-constructed,481,
2018,Amoi Electronics,,10,Uganda,ICT,Manufacturing,,2016-2018,East Africa,ICT,High,,High because has announced amount and date. Mutiple sources available. Watchdoguganda webiste mentioned on Nov 18 2017 that Government of Uganda has signed a MOU with Xinlan Group (the overseas investment arm of the Amoi Group) with an initial investment of USD 10 million to manufacture smartphones. Xinhuanet reported on Feb 20 2018 that Uganda has endorsed Xinlan Group in establishing a smartphones factory.,Announced,Greenfield,10,,,,2/20/2018,,Xinlan Group,http://www.xinhuanet.com/english/2018-02/21/c_136987693.htm,https://www.watchdoguganda.com/news/20171118/30693/uganda-start-making-mobile-phones-mukono.html,,,http://www.xinhuanet.com/english/2018-02/21/c_136987693.htm,,http://www.xinhuanet.com/english/2018-02/21/c_136987693.htm,https://sautitech.com/telecom/utl-xinlan-partner-to-manufacture-phones-2/; https://global.chinadaily.com.cn/a/201802/21/WS5a8cd613a3106e7dcc13d2f8.html,,18-Feb,Amoi ElectronicsUgandaCommunications500010,,China,Amoi Electronics,Fujian,Not Specified,Xiamen,Not Specified,Not Specified,Not Specified,,,Communications,Communications equipment,ICT & Electronics,Manufacturing,,5000,No,10,No,New,Announced,,,,http://www.xinhuanet.com/english/2018-02/21/c_136987693.htm,522,
2018,Anycolor Computer Consumables,,10,Kenya,Industry & Trade/Ser,Manufacturing,,2016-2018,East Africa,Manufacturing,High,,"Nafisat: please indicate what was done.                                         Addressed the review feedback.

High because bave both announced date and announced value. According to Xinhua, Arecolor Kenya General Manager Xu Huanwen confirms that ""they are seeking to establish a 10 million U.S. dollars factory to produce printing consumables.""",Announced,Greenfield,10,,,,1/4/2018,,"Anycolor Computer Consumables Co., Ltd.",http://www.xinhuanet.com/english/2018-01/04/c_136870152.htm,http://www.xinhuanet.com/english/2018-01/04/c_136870152.htm,,,http://www.xinhuanet.com/english/2018-01/04/c_136870152.htm,,http://www.xinhuanet.com/english/2018-01/04/c_136870152.htm,http://www.anycolor.cn/english/newsarticle.asp?new_id=442,,18-Jan,Anycolor Computer ConsumablesKenyaBusiness machines & equipment30010,,China,Longtron Electronics Technology,Guangdong,Not Specified,Shenzhen,Not Specified,Not Specified,Not Specified,,,Business machines & equipment,Computer & peripheral equipment,ICT & Electronics,Manufacturing,,300,No,10,No,New,Announced,The East African nation is a suitable location because it has lower production costs as compared to China as well as a large pool of skilled manpower.,,,http://www.xinhuanet.com/english/2018-01/04/c_136870152.htm,523,
2018,Longrich,,50,Nigeria,Industry & Trade/Ser,Manufacturing,2019,2016-2018,West Africa,Manufacturing,High,,I changed the announced month to May instead of June. i couldnt confirm the announcement the source from FDi Market Database,Completed,Greenfield,20,50,,,5/11/2018,4/7/2019,Longrich Bioscience FZE,https://lfzdc.org/2019/04/09/pre-launch-of-longrich-bio-science-fze-manufacturing-plant/,https://www.nipc.gov.ng/2018/05/11/longrich-to-site-20m-factory-in-lekki-free-zone/,https://lfzdc.org/2019/04/09/pre-launch-of-longrich-bio-science-fze-manufacturing-plant/,,https://www.nipc.gov.ng/2018/05/11/longrich-to-site-20m-factory-in-lekki-free-zone/,https://lfzdc.org/2019/04/09/pre-launch-of-longrich-bio-science-fze-manufacturing-plant/,https://www.nipc.gov.ng/2018/05/11/longrich-to-site-20m-factory-in-lekki-free-zone/,,,18-Sep,LongrichNigeriaConsumer products323.3,,China,Longrich,Jiangsu,Not Specified,Changshu,Not Specified,Not Specified,Not Specified,,,Consumer products,"Cosmetics, perfume, personal care & household products",Consumer Goods,"Sales, Marketing & Support",,32,Yes,3.3,Yes,New,Announced,,Africa,,https://www.redpulse.com/china/20180918/cosmetics-maker-longrich-unveils-expansion-plan-along-bar-54e653bc36,616,
2018,CITIC Group,,"6,000.00",Algeria,Metals and Minerals,Metals and Minerals,,2016-2018,North Africa,Metals and Minerals,High,,"Update: Responding to Diego's comment, the articles do not suggest the use of the phosphate mine for EV battery production. Still could not find any update on the status of this project. Also did Chinese-language searches but nothing found. I did find the inauguration of a separate $7 billion phosphate mine project between Algeria and China but it does not seem related to this one.

On November 26, 2018, Algeria's Sonatrach and China's CITIC signed an agreement to develop a $6 billion phosphate mining project. China's stake in this project is 49%. Construction was expected to start in 2019 and expected to end in 2022, but no update on completion found for this yet.",Announced,Greenfield,6000,,,49,11/26/2018,,CITIC Construction,http://www.xinhuanet.com/english/2018-11/27/c_137633212.htm,http://www.xinhuanet.com/english/2018-11/27/c_137633212.htm,,https://www.dzbreaking.com/2018/11/27/phosphate-mining-project-sonatrach-chinese-citic-seal-6-billion-deal/,http://www.xinhuanet.com/english/2018-11/27/c_137633212.htm,,http://www.xinhuanet.com/english/2018-11/27/c_137633212.htm,,,18-Nov,CITIC GroupAlgeriaChemicals30006000,,Hong Kong,CITIC Group,Hong Kong,Hong Kong,Hong Kong,Tebessa,Not Specified,Not Specified,,,Chemicals,"Pesticide, fertilisers & other agricultural chemicals",Physical Sciences,Manufacturing,,3000,No,"6,000.00",No,New,Announced,,,"Sonatrach, CITIC Group",https://www.arabfinance.com/en/news/details/world-companies/462742,659,
2018,CiTiC Dicastal,,200,Morocco,Automotive,Automotive,2019,2016-2018,North Africa,Automotive,High,,"High - this involves two projects (558 and 557 are the deal IDs) however the total $400m for two projects so I split it into two equal parts given there is no breakdown of the amount per. The 400m amount comes from (Morocco's Africa to Europe commercial corridor article): ""CITIC Dicastal‚Äôs $400 million
plant in K√©nitra will have the capacity to produce 6 million pieces annually to supply parts to the PSA Groupe""",Completed,Greenfield,200,,,,7/26/2018,6/26/2019,CITIC Dicastal,,https://www.aies.at/download/2020/AIES-Fokus-2020-08.pdf,,,https://www.reuters.com/article/us-citicdicastal-morocco/chinas-citic-dicastal-to-produce-aluminum-car-wheels-in-morocco-idUSKBN1KG33R/,https://www.moroccoworldnews.com/2022/02/347146/chinese-citic-dicastal-group-invests-192-million-in-3rd-factory-in-morocco-s-kenitra,,,,18-Jul,CiTiC DicastalMoroccoMetals728203.508,,Hong Kong,CITIC Group,Hong Kong,Hong Kong,Hong Kong,Tanger-Tetouan-Al Hoceima,Not Specified,Tangier,Tanger Tech City,,Metals,Alumina & aluminium production and processing,Transport Equipment,Manufacturing,,728,Yes,203.5,Yes,New,Announced,,,,https://www.reuters.com/article/us-citicdicastal-morocco/chinas-citic-dicastal-to-produce-aluminum-car-wheels-in-morocco-idUSKBN1KG33R,664,
2018,CiTiC Dicastal,,200,Morocco,Automotive,Automotive,2020,2016-2018,North Africa,Automotive,High,,"High - this involves two projects (558 and 557 are the deal IDs) however the total $400m for two projects so I split it into two equal parts given there is no breakdown of the amount per. The 400m amount comes from (Morocco's Africa to Europe commercial corridor article): ""CITIC Dicastal‚Äôs $400 million
plant in K√©nitra will have the capacity to produce 6 million pieces annually to supply parts to the PSA Groupe""",Completed,Greenfield,200,,,,7/26/2018,12/20/2020,CITIC Dicastal,,https://www.aies.at/download/2020/AIES-Fokus-2020-08.pdf,,,https://www.reuters.com/article/us-citicdicastal-morocco/chinas-citic-dicastal-to-produce-aluminum-car-wheels-in-morocco-idUSKBN1KG33R/,https://www.moroccoworldnews.com/2022/02/347146/chinese-citic-dicastal-group-invests-192-million-in-3rd-factory-in-morocco-s-kenitra,,,,18-Jul,CiTiC DicastalMoroccoMetals650203.508,,Hong Kong,CITIC Group,Hong Kong,Hong Kong,Hong Kong,Rabat-Sale-Kenitra,Not Specified,Kenitra,Atlantic Free Zone,,Metals,Alumina & aluminium production and processing,Transport Equipment,Manufacturing,,650,No,203.5,Yes,New,Announced,,,,https://leconomiste.com/article/1033389-c-est-parti-pour-la-1re-usine-du-chinois-dicastal-kenitra,665,
2018,Yulong Eco-Materials Ltd,Millennium Sapphire,50,South Africa,Other,Other,,2016-2018,Southern Africa,Other,High,,,Completed,M&A,50,,,,10/17/2018,,,,,,,,,,,,18-Oct,Yulong Eco-Materials LtdSouth Africa,,China,,,,,,,,,,,,,,,,,,,,,,,,,,3279815040
2018,Kerry Logistics Network Ltd,Shipping & Airfreight Services (Pty) Ltd,,South Africa,Industry & Trade/Ser,Logistics and Distribution,,2016-2018,Southern Africa,Logistics and Distribution,High,,,Completed,M&A,,,,,5/28/2018,,,,,,,,,,,,18-May,Kerry Logistics Network LtdSouth Africa,,Hong Kong,,,,,,,,,,,,,,,,,,,,,,,,,,3249031040
2018,Lighting Storm Holdings Ltd,Darling Paganini Holding Ltd,1.27,Seychelles,Industry & Trade/Ser,Manufacturing,,2016-2018,East Africa,Manufacturing,High,,,Completed,M&A,1.27,,,,5/16/2018,,,,,,,,,,,,18-May,Lighting Storm Holdings LtdSeychelles,,Hong Kong,,,,,,,,,,,,,,,,,,,,,,,,,,3247772040
2018,6 Dimensions Capital LP,111 Inc,,South Africa,Industry & Trade/Ser,Business Services,,2016-2018,Southern Africa,Business Services,High,,,Completed,M&A,,,,,5/14/2018,,,,,,,,,,,,18-May,6 Dimensions Capital LPSouth Africa,,China,,,,,,,,,,,,,,,,,,,,,,,,,,3256747040
2018,Addentax Group Corp,Yingxi Industrial Chain Group Co Ltd,505.01,Seychelles,Financial Sector,Capital Markets,,2016-2018,East Africa,Financial Sector,High,,,Completed,M&A,505.01,,,,3/13/2018,,,,,,,,,,,,18-Mar,Addentax Group CorpSeychelles,,China,,,,,,,,,,,,,,,,,,,,,,,,,,3268319040
2018,China National Offshore Oil Corporation (CNOOC),,"3,000.00",Nigeria,Energy,Oil and Gas,2019,2016-2018,West Africa,Energy,Irrelevant,,"CNOOC acquired 45% OML130 in Nigeria and published in January 2019 that production as the offshore had commenced. however, the total amount invested is not clear. please see links to reports on announcement and commencement. ",Completed,Greenfield,"3,000",,N,45,7/20/2018,1/2/2019,,https://cnoocinternational.com/en/related-content/nigeria/production-commences-from-egina-field,https://energycapitalpower.com/market-report-cnooc-looks-to-invest-3bn-in-nigerian-oil-operations/,https://www.cnoocltd.com/art/2019/1/2/art_50785_15301536.html,"https://www.rigzone.com/news/oil_gas/a/28369/cnooc_acquires_45_stake_in_oml_130_offshore_nigeria/#:~:text=CNOOC%20Limited%2C%20together%20with%20its,billion%20cash%2C%20subject%20to%20adjustments.",https://energycapitalpower.com/market-report-cnooc-looks-to-invest-3bn-in-nigerian-oil-operations/,https://www.cnoocltd.com/art/2019/1/2/art_50785_15301536.html,,,,18-Jul,"China National Offshore Oil Corporation (CNOOC)NigeriaCoal, oil & gas9873000",,China,China National Offshore Oil Corporation (CNOOC),Beijing Municipality,Not Specified,Beijing,Not Specified,Not Specified,Not Specified,,,"Coal, oil & gas",Oil & gas extraction,Energy,Extraction,,987,Yes,"3,000.00",No,Expansion,Announced,,,,https://www.reuters.com/article/us-nigeria-cnooc-corp/china-willing-to-invest-3-billion-in-nigerian-oil-operations-nnpc-idUSKBN1K50MH,113,
2018,Anhui Foreign Economic Construction,,,Malawi,Industry & Trade/Ser,Hospitality and Tourism,,2016-2018,Southern Africa,Hospitality and Tourism,Low,,"The project includes a five-star hotel, an entertainment center with a casino, and a shopping mall and cinema, but there is no clear information on the loan amount. The project is expected to be completed in December 2018, but there are no subsequent reports on the project's progress.",Announced,Greenfield,,,,,1/8/2018,,Anhui Foreign Economic Construction (Group) Co,https://constructionreviewonline.com/news/a-us-25m-hotel-set-to-be-constructed-in-malawi/,,,,https://constructionreviewonline.com/news/a-us-25m-hotel-set-to-be-constructed-in-malawi/,,,,,18-Jan,Anhui Foreign Economic ConstructionMalawiReal estate733667.8,,China,Anhui Foreign Economic Construction,Anhui,Not Specified,Hefei,Southern,Not Specified,Blantyre,,,Real estate,Commercial & institutional building construction,Construction,Construction,,733,Yes,667.8,Yes,New,Announced,,,,http://nyasa-times.com/category/sogecoa-business-park/,138,
2018,China National Complete Plant Import & Export Corporation,,,Nigeria,Energy,Renewable Energy Biomass,,2016-2018,West Africa,Energy,Low,,"Update: updated from announced to commenced - it appears this deal has commenced with the launch of board of meetings on the project in 2021. according to the source status, the project is estimated at $180million.          none of the sources on the potential investment published the potential value of the announced investment. couldn't find a source to confirm the launch, or completion of the investment. it is not known whether the investment took place",Commenced,Greenfield,,,,,9/5/2018,,OBAX-COMPLANT Consortium,https://sage-grey.com/nnpc-inaugurates-osno-sunshine-biofuels-company-board-of-directors/,,,,https://www.spglobal.com/commodityinsights/en/market-insights/latest-news/agriculture/090518-nigerias-nnpc-signs-mou-with-chinese-investors-to-build-biofuel-plants,,https://businessafricaonline.com/nnpc-chinese-consortia-sign-pacts-biofuel-development/,,,18-Sep,China National Complete Plant Import & Export CorporationNigeriaRenewable energy53178,,China,State Development & Investment Corporation,Beijing Municipality,Not Specified,Beijing,Not Specified,Not Specified,Not Specified,,,Renewable energy,Biomass power,Environmental Technology,Electricity,,53,Yes,178,Yes,New,Announced,,,"China National Complete Plant Import &amp; Export Corporation, Nanning",https://www.spglobal.com/platts/en/market-insights/latest-news/agriculture/090518-nigerias-nnpc-signs-mou-with-chinese-investors-to-build-biofuel-plants,207,
2018,Henan Ruimei Hair Products,,,Liberia,Industry & Trade/Ser,Manufacturing,,2016-2018,West Africa,Manufacturing,Low,,"The investment intention was anounced but with no specific amount. while on the Liberian investment promotion website the company's name appears on the list of investors in the country, there is no source to confirm the status of the investment, or how much the chinese firm has invested",Announced,Greenfield,,,,,7/4/2018,,Henan Ruimei,"https://www.chinadaily.com.cn/a/201807/04/WS5b3c6afba3103349141e0a84.html#:~:text=The%20delegation%2C%20from%20central%20China%27s,according%20to%20the%20Chinese%20firm.",,,,"https://www.chinadaily.com.cn/a/201807/04/WS5b3c6afba3103349141e0a84.html#:~:text=The%20delegation%2C%20from%20central%20China%27s,according%20to%20the%20Chinese%20firm.",,,,,18-Jul,Henan Ruimei Hair ProductsLiberiaConsumer products50030.7,,China,Henan Ruimei Hair Products,Henan,Not Specified,Xuchang,Not Specified,Not Specified,Not Specified,,,Consumer products,"Cosmetics, perfume, personal care & household products",Consumer Goods,Manufacturing,,500,No,30.7,Yes,New,Announced,,,,http://www.fmprc.gov.cn/zflt/eng/zxxx/t1573798.htm,413,
2018,Inspur (Langchao),,,Ghana,ICT,ICT Infrastructure,,2016-2018,West Africa,ICT,Low,,"Inspur Group announced in September 2018 that it planned to build its headquarters in Ghana. However, there were no subsequent reports on whether the construction had been completed or the specific investment amount.",Announced,Greenfield,,,,,9/5/2018,,Copying is not allowed on this webpage,https://www.africanleadershipmagazine.co.uk/chinese-i-t-giant-to-establish-west-africa-headquarters-in-ghana/,,,,https://www.africanleadershipmagazine.co.uk/chinese-i-t-giant-to-establish-west-africa-headquarters-in-ghana/,,,https://www.modernghana.com/news/880481/chinese-it-giant-inspur-to-establish-west-africa-hq-in-gha.html#google_vignette ; https://npp-usa.org/chinese-it-giant-inspur-group-to-establish-west-africa-headquarters-in-ghana/,,18-Sep,Inspur (Langchao)GhanaBusiness machines & equipment7428.6,,China,Inspur (Langchao),Shandong,Not Specified,Jinan,Not Specified,Not Specified,Not Specified,,,Business machines & equipment,Computer & peripheral equipment,ICT & Electronics,Headquarters,,74,Yes,28.6,Yes,New,Announced,"Peter Sun, chief executive officer, states: the decision by the company to establish its headquarters in Ghana was borne out of the country's peaceful and stable nature, coupled with an impressive economic outlook, which saw Ghana grow at 8.5% in 2017, up from 3.6% in 2016.",West Africa,,https://yen.com.gh/115567-chinese-it-giant-inspur-group-establish-west-africa-headquarters-ghana.html#115567,419,
2018,Sinosteel,,100,Zimbabwe,Energy,Mining,,2016-2018,Southern Africa,Energy,Medium,,"Deal 136 and 223 are under an investment of 10billion USD. Medium because have deal status, announced amount and announced date for the entire investment, but no amount of this specific project. This project was first announced on 5-15-2018 by reuters: ""China's Sinosteel Corporation has agreed to invest $1 billion in Zimbabwe to build a power plant and increase ferrochrome output."" As the article mentions that ‚ÄúSinosteel will build three more soldering furnaces, two in Zvishavane and one in Kwekwe,‚Äù this is under sector. According to 360doc, the MOU is signed on 10-15-2020. Not sure if it's commenced. Didn't find evidence of implementation.",Announced,Greenfield,100,,,,5/15/2018,,Sinosteel Corporation,http://www.360doc.com/content/12/0121/07/71944949_940503820.shtml,https://www.reuters.com/article/zimbabwe-mining/update-1-sinosteel-to-invest-1-bln-in-zimbabwe-lift-ferrochrome-output-idUSL5N1SL6NS,,,https://www.reuters.com/article/zimbabwe-mining/update-1-sinosteel-to-invest-1-bln-in-zimbabwe-lift-ferrochrome-output-idUSL5N1SL6NS/,,http://www.360doc.com/content/12/0121/07/71944949_940503820.shtml,https://www.sohu.com/a/491465454_121123902,,18-May,"SinosteelZimbabweCoal, oil & gas119653.4",,China,Sinosteel,Beijing Municipality,Not Specified,Beijing,Not Specified,Not Specified,Not Specified,,,"Coal, oil & gas",Fossil fuel electric power,Energy,Electricity,,119,Yes,653.4,Yes,New,Announced,,,,https://www.reuters.com/article/zimbabwe-mining/update-1-sinosteel-to-invest-1-bln-in-zimbabwe-lift-ferrochrome-output-idUSL5N1SL6NS,139,
2018,China Civil Engineering Construction (CCECC),,,Nigeria,Transportation,Railways,2023,2016-2018,West Africa,Transportation,Medium,,RP: Found an announce date of March 2018 which was when an agreement was signed. The project appears to have been completed and already operating but there is no specific amount tied to CCEEC's investment in the project,Completed,Greenfield,,,,,3/1/2018,5/24/2023,China Civil Engineering Construction Corporation (CCECC),https://www.globaltimes.cn/page/202305/1291266.shtml,,,,https://businessday.ng/transport/article/kajola-wagon-assembly-plant-will-boost-local-content-growth/,https://www.globaltimes.cn/page/202305/1291266.shtml,https://english.news.cn/20230525/5dad65755c694292ad020db14fd43e6d/c.html,,,19-Nov,China Civil Engineering Construction (CCECC)NigeriaNon-automotive transport OEM5000646.1,,China,China Railway Construction,Beijing Municipality,Not Specified,Beijing,Ogun State,Not Specified,Kajola,,,Non-automotive transport OEM,Railroad rolling stock,Transport Equipment,Manufacturing,,5000,No,646.1,Yes,New,Announced,,"Nigeria, west Africa, rest of Africa",,Xinhua French News Service,140,
2018,Hanergy Holdings Group,,450,Egypt,Energy,Renewable Energy Solar,,2016-2018,North Africa,Energy,Medium,,"""Hanergy Thin Film Power Group Limited seeks to invest $450 million to build a high-end 300-megawatt photovoltaic industrial park project"" (Mubasher, 2018). A feasibility study is said to be prepared with an Egyptian firm. Haven't found information on the timeframe or the Egyptian partner.",Announced,Greenfield,450,,,,11/12/2018,,Hanergy,https://english.mubasher.info/news/3369312/China-s-Hanergy-to-build-450m-solar-park-in-Egypt/,https://english.mubasher.info/news/3369312/China-s-Hanergy-to-build-450m-solar-park-in-Egypt/,,,https://english.mubasher.info/news/3369312/China-s-Hanergy-to-build-450m-solar-park-in-Egypt/,,https://english.mubasher.info/news/3369312/China-s-Hanergy-to-build-450m-solar-park-in-Egypt/,,,18-Nov,Hanergy Holdings GroupEgyptRenewable energy117450,,China,Hanergy Holdings Group,Beijing Municipality,Not Specified,Beijing,Not Specified,Not Specified,Not Specified,,,Renewable energy,Solar electric power,Environmental Technology,Electricity,,117,Yes,450,No,New,Announced,,,,https://english.mubasher.info/news/3369312/China-s-Hanergy-to-build-450m-solar-park-in-Egypt,155,
2018,Shangyou Wood,,30,Liberia,Industry & Trade/Ser,Forestry,2019,2016-2018,West Africa,Forestry,Medium,,I couldn't confirm how much was announced but the publicised completed amount was $30million,Completed,Greenfield,,30,N,,12/15/2018,7/23/2019,Shangyou Wood Industries Development (Liberia),https://allafrica.com/stories/201907260245.html,,https://frontpageafricaonline.com/news/chinas-shangyou-wood-a-presence-about-slice-into-liberias-jobless-multitude/#google_vignette,,https://frontpageafricaonline.com/news/chinas-shangyou-wood-a-presence-about-slice-into-liberias-jobless-multitude/,https://frontpageafricaonline.com/news/chinas-shangyou-wood-a-presence-about-slice-into-liberias-jobless-multitude/,https://frontpageafricaonline.com/news/chinas-shangyou-wood-a-presence-about-slice-into-liberias-jobless-multitude/,https://allafrica.com/stories/201907260245.html,,19-Jul,Shangyou WoodLiberiaWood products5000350,,China,Shangyou Wood,Guangdong,Not Specified,Dongguan,Not Specified,Not Specified,Not Specified,,,Wood products,Wood products,"Wood, Apparel & Related Products",Manufacturing,,5000,No,350,No,New,Announced,,,,https://www.woodworkingnetwork.com/news/woodworking-industry-news/china-begins-building-liberias-first-plywood-plant,163,
2018,Tebian Electric Apparatus (TBEA),,209,Gabon,Energy,Renewable Energy Hydro,,2016-2018,Central Africa,Energy,Medium,,"According to media reports in 2018, China was willing to invest 180 million euros to build a hydroelectric power station. However, there is no clear information indicating that China has signed the loan. As time goes by, according to Wikipedia, the project has not been completed until 2020 and is still seeking financial support.",Suspended,Greenfield,209,,,,9/1/2018,,TBEA,https://energy.economictimes.indiatimes.com/news/power/chinas-tbea-to-invest-in-180-mln-euro-gabon-hydropower-project/65643788 https://en.wikipedia.org/wiki/FE2_Hydroelectric_Power_Station,,,,,,https://en.wikipedia.org/wiki/FE2_Hydroelectric_Power_Station,,,18-Aug,Tebian Electric Apparatus (TBEA)GabonRenewable energy55209,,China,Tebian Electric Apparatus (TBEA),Xinjiang,Not Specified,Changji,Not Specified,Not Specified,Not Specified,,,Renewable energy,Hydroelectric power,Environmental Technology,Electricity,,55,Yes,209,No,New,Announced,,,,https://www.reuters.com/article/china-africa-gabon/update-1-chinas-tbea-to-invest-in-180-mln-euro-gabon-hydropower-project-gabon-official-idUSL3N1VN03V,189,
2018,Xinjiang Joinworld,,831,Guinea,Industry & Trade/Ser,Material Production and Processing,,2016-2018,West Africa,Material Production and Processing,Medium,,"DM: Look at general source for corporate disclosure. and Project has not commenced, still in preliminary stages: https://wap.eastmoney.com/a/202411063231209818.html 
Update: couldn't confirm what's the delaying the lauch/start of this deal since announecd, and if comenced, couldn't find sources to verify that.   changed capital investment from 141.9 to 240 as all sources including the new sources added stated that 240million was the project capital. the announced amount was confirmed but whether the investment took place or not was not confirmed (no publication/report on it).",Announced,Greenfield,831,,,,12/3/2018,,Xinjiang Joinworld,https://en.imsilkroad.com/p/122350.html,https://www.alcircle.com/news/xinjiang-reveals-its-plan-to-build-us-831-million-worth-alumina-refinery-in-guinea-38712?srsltid=AfmBOorSnk6nlHb-71ppMW81P_rH82zSwl_bi9hXy3D9dL6oLh-Gtsao,,,https://en.imsilkroad.com/p/122350.html,,https://en.imsilkroad.com/p/122350.html,https://www.sse.com.cn/disclosure/listedinfo/announcement/c/2018-12-03/600888_20181203_2.pdf,,18-Dec,Xinjiang JoinworldGuineaMetals314240,,China,Xinjiang Joinworld,Xinjiang,Not Specified,Urumqi,Boke,Not Specified,Boffa,,,Metals,Alumina & aluminium production and processing,Industrial,Manufacturing,,314,Yes,240,Yes,New,Announced,"A statement by the company outlined that one of its reasons for establishing the plant is because Guinea has the largest bauxite resources in the world, with about 29 billion tons of the aluminum ore",,,https://yicaiglobal.com/news/xinjiang-joinworld-plans-usd831-million-aluminum-oxide-plant-in-guinea,222,
2018,Zimasco,,100,Zimbabwe,Energy,Mining,,2016-2018,Southern Africa,Energy,Medium,,"Deal 136 and 223 are under an investment of 10billion USD. Medium because have deal status, announced amount and announced date for the entire investment, but no amount of this specific project. This project was first announced on 5-15-2018 by reuters: ""China's Sinosteel Corporation has agreed to invest $1 billion in Zimbabwe to build a power plant and increase ferrochrome output."" As the article mentions ‚Äúa 400 megawatt coalbed methane-fired power plant in western Zimbabwe,"" this is under ""metal"" sector. According to 360doc, the MOU is signed on 10-15-2020. Not sure if it's commenced. Didn't find evidence of implementation.",Announced,Greenfield,100,,,,5/15/2018,,Sinosteel,http://www.360doc.com/content/12/0121/07/71944949_940503820.shtml,https://www.reuters.com/article/zimbabwe-mining/update-1-sinosteel-to-invest-1-bln-in-zimbabwe-lift-ferrochrome-output-idUSL5N1SL6NS,,,https://www.reuters.com/article/zimbabwe-mining/update-1-sinosteel-to-invest-1-bln-in-zimbabwe-lift-ferrochrome-output-idUSL5N1SL6NS/,,,https://wap.asianmetal.com/news/viewNews.am?nId=1724481,,18-May,ZimascoZimbabweMetals314141.9,,China,Sinosteel,Beijing Municipality,Not Specified,Beijing,Midlands,Not Specified,Kwekwe,,,Metals,Iron & steel mills & ferroalloy,Industrial,Manufacturing,,314,Yes,141.9,Yes,New,Announced,,,,https://www.reuters.com/article/zimbabwe-mining/update-1-sinosteel-to-invest-1-bln-in-zimbabwe-lift-ferrochrome-output-idUSL5N1SL6NS,223,
2018,China General Technology Group (Genertec),,60,Ghana,Industry & Trade/Ser,Manufacturing,,2016-2018,West Africa,Manufacturing,Medium,,"The memorandum of understanding for the project was signed in September 2019 and construction started in 2020. However, there is no latest information to confirm whether the project has been completed.",Commenced,Greenfield,60,,,,5/1/2018,,Genertec International Corporation,https://www.ghanaweb.com/GhanaHomePage/business/COCOBOD-Genertec-signs-MOU-to-establish-cocoa-processing-plant-781829,https://www.chinca.org/CICA/info/18052816315711,,,https://www.chinca.org/CICA/info/18052816315711,,https://www.chinca.org/CICA/info/18052816315711,,,19-Sep,China General Technology Group (Genertec)GhanaFood & Beverages349100,,China,China General Technology Group (Genertec),Beijing Municipality,Not Specified,Beijing,Western Region,Not Specified,Sefwi Wiawso,,,Food & Beverages,Sugar & confectionary products,Agribusiness,Manufacturing,,349,Yes,100,No,New,Announced,,China,China General Technology Group (Genertec),https://www.jeuneafrique.com/833665/economie/ghana-une-nouvelle-usine-de-transformation-de-cacao-pour-se-rapprocher-du-marche-chinois/,248,
2018,Shaanxi Automobile Group,,,Algeria,Automotive,Automotive,2018,2016-2018,North Africa,Automotive,Medium,,"Update: Announce date found, attached source and updated accordingly.

On May 9, 2018, Shaanxi Automobile Group held an inauguration ceremony and opened its first truck assembly plant in Algeria. I was unable to find information on when the project was first announced or how much was invested.",Completed,Greenfield,,,,,1/6/2018,5/9/2018,Shaanxi Automobile Group,https://www.chinadaily.com.cn/a/201805/09/WS5af2b634a3105cdcf651ceda.html,,,,https://www.algerie360.com/automobile-accord-de-partenariat-entre-groupe-algerien-mazouz-chinois-weichai/,https://www.chinadaily.com.cn/a/201805/09/WS5af2b634a3105cdcf651ceda.html,https://www.chinadaily.com.cn/a/201805/09/WS5af2b634a3105cdcf651ceda.html,,,8-Dec,Shaanxi Automobile GroupAlgeriaAutomotive OEM4000100,,China,Shaanxi Automobile Group,Shaanxi,,Xi'an,Setif,Not Specified,Setif,,,Automotive OEM,Heavy duty trucks,Transport Equipment,Manufacturing,,4000,No,100,No,New,,,,,,254,
2018,"Guangdong Silver Age Sci & Tech Co., Ltd",,30,"Congo, Democratic Republic of the",Automotive,Automotive - EV,,2016-2018,Central Africa,Automotive,Medium,,"I found one article that reports Guangdong Silver Age was planning to invest $30 million to build a smelting plant to develop their automative batteries. I am unsure of the announce date as the article did not give a date, but I just put down the date of the article for now. This is why I marked the confidence as medium, as I am not totally certain what the actual announce date is. Renamed from Democratic Republic of Congo to Congo, Democratic Republic of the",Announced,Greenfield,30,,,100,3/19/2018,,Guangdong Silver Age Sci & Tech Co.,https://www.yicaiglobal.com/news/chinese-battery-maker-eyes-nev-market-with-usd30-billion-cobalt-plant-in-congo,https://www.yicaiglobal.com/news/chinese-battery-maker-eyes-nev-market-with-usd30-billion-cobalt-plant-in-congo,,https://www.yicaiglobal.com/news/chinese-battery-maker-eyes-nev-market-with-usd30-billion-cobalt-plant-in-congo,https://www.yicaiglobal.com/news/chinese-battery-maker-eyes-nev-market-with-usd30-billion-cobalt-plant-in-congo,,https://www.yicaiglobal.com/news/chinese-battery-maker-eyes-nev-market-with-usd30-billion-cobalt-plant-in-congo,,,18-Mar,"Guangdong Silver Age Sci & Tech Co., LtdCongo, Democratic Republic of theMetals31495.3",,China,"Guangdong Silver Age Sci & Tech Co., Ltd",Guangdong,Not Specified,Dongguan,Katanga,Lualaba,Kolwezi,,,Metals,Other (Metals),Transport Equipment,Manufacturing,,314,Yes,95.3,Yes,New,Announced,,,,https://www.yicaiglobal.com/news/chinese-battery-maker-eyes-nev-market-usd30-billion-cobalt-plant-congo,263,
2018,Huawei Technologies,,,South Africa,ICT,ICT Infrastructure,2018,2016-2018,Southern Africa,ICT,Medium,,"Filled in announcement date with completion date given this is a IT cloud with no physical construction needed. Cannot locate any amount for investment. Statements from Huawei reveals that the public cloud was launched at the end of 2018, specific date uncertain. From additional sources, we know that Huawei has since 2018 launched at least 2 more data centers in South Africa (one in 2019 and one in 2023), but the amount of either investment is as for now unclear. ",Completed,Greenfield,,,,,12/1/2018,12/1/2018,Huawei Cloud,https://www.huaweicloud.com/intl/en-us/news/20240703145038330.html ,,,,https://www.huaweicloud.com/intl/en-us/news/20240703145038330.html,https://www.huaweicloud.com/intl/en-us/news/20240703145038330.html  https://www.huaweicloud.com/intl/en-us/news/huawei-cloud-unveils-in-south-africa--enabling-to-build-a-fully-.html ,,https://www.datacenterdynamics.com/en/news/huawei-set-open-two-data-cenetrs-south-africa/  https://mybroadband.co.za/news/industrynews/476589-huawei-cloud-launches-third-az-in-south-africa.html ,,18-Oct,Huawei TechnologiesSouth AfricaCommunications7594.1,,China,Huawei Technologies,Guangdong,Not Specified,Shenzhen,Gauteng,Not Specified,Johannesburg,,,Communications,"Data processing, hosting, & related services",ICT & Electronics,ICT & Internet Infrastructure,,75,Yes,94.1,Yes,New,Announced,,South Africa and neighbouring countries,,https://www.itweb.co.za/content/RgeVDqPojnLMKJN3,298,
2018,Sinotruk (China National Heavy Duty Truck Group) (CNHTC),,,Ghana,Industry & Trade/Ser,Manufacturing,,2016-2018,West Africa,Manufacturing,Medium,,"The memorandum of understanding for the project was signed in September 2018. According to the latest reports, the second phase of the project was scheduled to start in 2023 and is still in progress.",Commenced,Greenfield,,,,,9/1/2018,,‰∏≠Â§ßÈáçÊ±Ω,http://ch.sinotrukafrica.com.cn/africadepartment-chinese/2024-02/29/article_2024032716310593434.html,,,,http://news.afrindex.com/zixun/article11115.html,,http://ch.sinotrukafrica.com.cn/africadepartment-chinese/2024-02/29/article_2024032716310593434.html,,,18-Sep,Sinotruk (China National Heavy Duty Truck Group) (CNHTC)GhanaAutomotive OEM100773.9,,China,Sinotruk (China National Heavy Duty Truck Group) (CNHTC),Shandong,Not Specified,Jinan,Not Specified,Not Specified,Not Specified,,,Automotive OEM,Heavy duty trucks,Transport Equipment,Manufacturing,,1007,Yes,73.9,Yes,New,Announced,,Ghana and west Africa,,http://www.africanreview.com/construction-a-mining/roads/china-s-sinotruk-to-establish-assembly-plant-in-ghana,312,
2018,Shanghai Automotive Industry Corporation (SAIC),,,Tunisia,Automotive,Automotive,,2016-2018,North Africa,Automotive,Medium,,"On September 4, 2018, during the FOCAC summit, Chinese SAIC and Tunisian Menrix Holding signed an agreement to establish a car factory in Tunisia, specializing in the production of MG cars. Was not able to find an announced amount and unsure on the current status of the project since the agreement was signed.",Announced,Greenfield,,,,,9/4/2018,,SAIC,https://northafricapost.com/25248-tunisia-chinese-car-maker-saic-to-build-hub.html,,,,https://www.agenceecofin.com/investissement/0409-59663-le-constructeur-automobile-chinois-saic-va-implanter-une-usine-en-tunisie-pour-servir-l-afrique-et-l-europe,,https://www.agenceecofin.com/investissement/0409-59663-le-constructeur-automobile-chinois-saic-va-implanter-une-usine-en-tunisie-pour-servir-l-afrique-et-l-europe,,,18-Sep,Shanghai Automotive Industry Corporation (SAIC)TunisiaAutomotive OEM100773.9,,China,Shanghai Automotive Industry Corporation (SAIC),Shanghai Municipality,Not Specified,Shanghai,Not Specified,Not Specified,Not Specified,,,Automotive OEM,Automobiles,Transport Equipment,Manufacturing,,1007,Yes,73.9,Yes,New,Announced,,Africa and Europe,"Shanghai Automotive Industry Corporation (SAIC) , Meninx Holding",https://www.agenceecofin.com/investissement/0409-59663-le-constructeur-automobile-chinois-saic-va-implanter-une-usine-en-tunisie-pour-servir-l-afrique-et-l-europe?utm_source=newsletter_6934&utm_medium=email&utm_campaign=ecofin-electricite-04-09-2018,313,
2018,Dongfeng Motor,,,Tunisia,Automotive,Automotive,,2016-2018,North Africa,Automotive,Medium,,"Update (Replying to Nafisat's review): Found an extra source verifying the deal status and the announcement date.

In March 2018, an agreement was signed allowing Chinese Dongfeng Motor Corporation to build a vehicle assembly plant in Tunisia. They will form a joint venture with Tunisia's COMET to carry out this project. Unsure when the exact announce date was, so I just used the date the article was published. No report on loan amount either.",Announced,Greenfield,,,,,3/9/2018,,China Dongfeng Motor,https://www.nessma.tv/fr/internationale/actu/china-dongfeng-motor-installera-une-usine-de-montage-de-vehicules-en-tunisie-6450/18460,,,,https://www.nessma.tv/fr/internationale/actu/china-dongfeng-motor-installera-une-usine-de-montage-de-vehicules-en-tunisie-6450/18460,,https://www.agenceecofin.com/investissement/1303-55165-le-chinois-dongfeng-motor-corporation-va-installer-une-usine-de-montage-de-vehicules-en-tunisie,,,18-Mar,Dongfeng MotorTunisiaAutomotive OEM100773.9,,China,Dongfeng Motor,Hubei,Not Specified,Wuhan,Not Specified,Not Specified,Not Specified,,,Automotive OEM,Automobiles,Transport Equipment,Manufacturing,,1007,Yes,73.9,Yes,New,Announced,,Africa,"Dongfeng Motor, Construction Metallique et d'Equipement pour le Transport (COMET)",https://www.agenceecofin.com/investissement/1303-55165-le-chinois-dongfeng-motor-corporation-va-installer-une-usine-de-montage-de-vehicules-en-tunisie,316,
2018,Jushi Group,,60,Egypt,Industry & Trade/Ser,Manufacturing,,2016-2018,North Africa,Manufacturing,Medium,,"Chinese Jushi Egypt For Fiberglass Industry is starting its fourth phase of production, which includes grinding raw materials and manufacturing packaging materials locally, with investments worth $60m. The construction process and starting actual operation of this phase will begin within the next few months (Daily News Egypt, 2018). Not sure if Xinhua article (see other sources column) is connected to this. May also be related to Deal ID 186, 345, and 346",Announced,Greenfield,60,,,,1/9/2018,,Jushi Egypt,https://www.dailynewsegypt.com/2018/01/09/chinese-jushi-factory-starts-fourth-phase-fiberglass-factory-investments-worth-60m/,https://www.dailynewsegypt.com/2018/01/09/chinese-jushi-factory-starts-fourth-phase-fiberglass-factory-investments-worth-60m/,,,,,https://www.dailynewsegypt.com/2018/01/09/chinese-jushi-factory-starts-fourth-phase-fiberglass-factory-investments-worth-60m/,https://english.news.cn/20221216/e1547ca4be7241098c5a9467801e88d5/c.html#:~:text=China's%20giant%20fiberglass%20producer%20Jushi%20on%20Thursday%20inaugurated%20a%20new,,18-Jan,Jushi GroupEgyptCeramics & glass15660,,China,China National Building Material Group Corporation (CNBM),Beijing Municipality,Not Specified,Beijing,Suez,Not Specified,Suez,,,Ceramics & glass,Glass & glass products,Industrial,Manufacturing,,156,Yes,60,No,Expansion,Announced,,"Egypt, Europe and United States",,https://dailynewsegypt.com/2018/01/09/chinese-jushi-factory-starts-fourth-phase-fiberglass-factory-investments-worth-60m/,342,
2018,Huawei Technologies,,,Morocco,Industry & Trade/Ser,Logistics and Distribution,,2016-2018,North Africa,Logistics and Distribution,Medium,,"Mid because we do not know the amount invested. We also could not retrieve a completion date, just announced. The (upply) market article seems to suggest this Huawei Moroccan international distribution center got built: ""The Logistics Free Zone mainly brings together logisticians such as DHL but also manufacturers who want to open dedicated international distribution centers on the site. Bosch and Huawei have built warehouses in this area.""",Completed,Greenfield,,,,,9/13/2018,,Huawei,https://market-insights.upply.com/en/tanger-med-logistical-and-industrial-free-zones,https://www.telecomreviewafrica.com/articles/telecom-vendors/1224-huawei-to-construct-a-regional-logistics-center-in-morocco/,,,https://www.telecomreviewafrica.com/articles/telecom-vendors/1224-huawei-to-construct-a-regional-logistics-center-in-morocco/,,https://market-insights.upply.com/en/tanger-med-logistical-and-industrial-free-zones,,,18-Sep,Huawei TechnologiesMoroccoCommunications16154.6,,China,Huawei Technologies,Guangdong,Not Specified,Shenzhen,Tanger-Tetouan-Al Hoceima,Not Specified,Tangier,,,Communications,Communications equipment,ICT & Electronics,"Logistics, Distribution & Transportation",,161,Yes,54.6,Yes,New,Announced,"The interest for Morocco stems from the exceptional geographical situation, the great political stability, the very rich cultural diversity and the business-friendly environment that the country has.",North Africa,,https://www.agenceecofin.com/investissement/0709-59773-maroc-huawei-annonce-l-installation-d-un-centre-logistique-regional-au-port-de-tanger,356,
2018,Huawei Technologies,,,South Africa,ICT,ICT Infrastructure,,2016-2018,Southern Africa,ICT,Medium,,"The article only notes that Huawei are, as of July 2018, planning on building a new warehouse in Johannesburg to store smartphones. Additional article from mybroadband.com (July 9, 2018) notes that ""Huawei is set to finalise the construction."" With no other signs of the existence of this warehouse anywhere else on the internet, we can only know that they are planning on constructing it.",Announced,Greenfield,,,,,7/13/2018,,Huawei Technologies Co Ltd,http://www.chinadaily.com.cn/a/201807/13/WS5b47fe2fa310796df4df6397.html ,,,,http://www.chinadaily.com.cn/a/201807/13/WS5b47fe2fa310796df4df6397.html  https://mybroadband.co.za/news/business/267089-huaweis-new-smartphone-warehouse-in-south-africa.html ,,,,,18-Jul,Huawei TechnologiesSouth AfricaCommunications16154.6,,China,Huawei Technologies,Guangdong,Not Specified,Shenzhen,Gauteng,Not Specified,Johannesburg,,,Communications,Communications equipment,ICT & Electronics,"Logistics, Distribution & Transportation",,161,Yes,54.6,Yes,New,Announced,,Africa,,http://www.chinadaily.com.cn/a/201807/13/WS5b47fe2fa310796df4df6397.html,357,
2018,Hainan Qinfu Foods,,,Uganda,Industry & Trade/Ser,Manufacturing,,2016-2018,East Africa,Manufacturing,Medium,,"Medium because no announced amount could be found. PML Daily and chinacoop.gov mentioned in December 2019 that this was an investment for ""collagen processing plants.""",Announced,Greenfield,,,,,11/7/2018,,CHINA QINFU (UGANDA) HOLDING COMPANY LIMITED,,,,,https://businessfocus.co.ug/china-to-set-up-multi-billion-agricultural-industrial-park-in-uganda/,,https://www.chinacoop.gov.cn/news.html?aid=899063,https://www.ugandainvest.go.ug/uganda-to-get-specialized-450m-aquaculture-industrial-park/; https://www.pmldaily.com/business/2019/12/chinese-company-to-build-ugx-1-6-trillion-fish-breeding-centre-in-uganda.html,,19-Dec,Hainan Qinfu FoodsUgandaConsumer products88950,,China,Hainan Qinfu Foods,Hainan,Not Specified,Wenchang,Not Specified,Not Specified,Not Specified,,,Consumer products,"Cosmetics, perfume, personal care & household products",Consumer Goods,Manufacturing,,889,Yes,50,Yes,New,Announced,,,,https://www.pmldaily.com/business/2019/12/chinese-company-to-build-ugx-1-6-trillion-fish-breeding-centre-in-uganda.html,360,
2018,Hainan Qinfu Foods,,,Uganda,Industry & Trade/Ser,Manufacturing,,2016-2018,East Africa,Manufacturing,Medium,,"Medium because no announced amount could be found. PML Daily and chinacoop.gov mentioned in December 2019 that this was an investment for ""fish feed processing plants.""",Announced,Greenfield,,,,,11/7/2018,,CHINA QINFU (UGANDA) HOLDING COMPANY LIMITED',,,,,https://businessfocus.co.ug/china-to-set-up-multi-billion-agricultural-industrial-park-in-uganda/,,https://www.chinacoop.gov.cn/news.html?aid=899063,https://www.ugandainvest.go.ug/uganda-to-get-specialized-450m-aquaculture-industrial-park/; https://www.pmldaily.com/business/2019/12/chinese-company-to-build-ugx-1-6-trillion-fish-breeding-centre-in-uganda.html,,19-Dec,Hainan Qinfu FoodsUgandaFood & Beverages22550,,China,Hainan Qinfu Foods,Hainan,Not Specified,Wenchang,Not Specified,Not Specified,Not Specified,,,Food & Beverages,Animal food,Agribusiness,Manufacturing,,225,Yes,50,Yes,New,Announced,,,,https://www.pmldaily.com/business/2019/12/chinese-company-to-build-ugx-1-6-trillion-fish-breeding-centre-in-uganda.html,361,
2018,Hainan Qinfu Foods,,,Uganda,Industry & Trade/Ser,Manufacturing,,2016-2018,East Africa,Manufacturing,Medium,,"Medium because no announced amount could be found. PML Daily and chinacoop.gov mentioned in December 2019 that this was an investment for ""fish farming out-grower scheme.""",Announced,Greenfield,,,,,11/7/2018,,CHINA QINFU (UGANDA) HOLDING COMPANY LIMITED,,,,,https://businessfocus.co.ug/china-to-set-up-multi-billion-agricultural-industrial-park-in-uganda/,,https://www.chinacoop.gov.cn/news.html?aid=899063,https://www.ugandainvest.go.ug/uganda-to-get-specialized-450m-aquaculture-industrial-park/; https://www.pmldaily.com/business/2019/12/chinese-company-to-build-ugx-1-6-trillion-fish-breeding-centre-in-uganda.html,,19-Dec,Hainan Qinfu FoodsUgandaFood & Beverages22550,,China,Hainan Qinfu Foods,Hainan,Not Specified,Wenchang,Not Specified,Not Specified,Not Specified,,,Food & Beverages,Animal production,Agribusiness,Manufacturing,,225,Yes,50,Yes,New,Announced,,,,https://www.pmldaily.com/business/2019/12/chinese-company-to-build-ugx-1-6-trillion-fish-breeding-centre-in-uganda.html,362,
2018,Hainan Qinfu Foods,,,Uganda,Industry & Trade/Ser,Manufacturing,,2016-2018,East Africa,Manufacturing,Medium,,"Medium because no announced amount could be found. PML Daily and chinacoop.gov mentioned in December 2019 that this was an investment for ""packgaing material factory.""",Announced,Greenfield,,,,,11/7/2018,,CHINA QINFU (UGANDA) HOLDING COMPANY LIMITED,,,,,https://businessfocus.co.ug/china-to-set-up-multi-billion-agricultural-industrial-park-in-uganda/,,https://www.chinacoop.gov.cn/news.html?aid=899063,https://www.ugandainvest.go.ug/uganda-to-get-specialized-450m-aquaculture-industrial-park/; https://www.pmldaily.com/business/2019/12/chinese-company-to-build-ugx-1-6-trillion-fish-breeding-centre-in-uganda.html,,19-Dec,"Hainan Qinfu FoodsUgandaPaper, printing & packaging29350",,China,Hainan Qinfu Foods,Hainan,Not Specified,Wenchang,Not Specified,Not Specified,Not Specified,,,"Paper, printing & packaging","Other (Paper, printing & packaging)",Agribusiness,Manufacturing,,293,Yes,50,Yes,New,Announced,,,,https://www.pmldaily.com/business/2019/12/chinese-company-to-build-ugx-1-6-trillion-fish-breeding-centre-in-uganda.html,363,
2018,SAIC Motor Manufacturing,,,Egypt,Automotive,Automotive,,2016-2018,North Africa,Automotive,Medium,,"SAIC Motor is planning to set up a car manufacturing factory in Egypt, according to Egypt's Minister of Trade and Industry Tarek Kabil said Sunday (S&P Global, 2018; Xinhua, 2018). ",Announced,Greenfield,,,,,3/25/2018,,SAIC Motor,"https://en.imsilkroad.com/p/89749.html#:~:text=CAIRO,%20Mar.%2025%20(Xinhua)%20--%20China's%20giant%20carmaker%20SAIC%20Motor https://www.spglobal.com/marketintelligence/en/news-insights/trending/ivsktyskecxsapevmgjotq2",,,,"https://en.imsilkroad.com/p/89749.html#:~:text=CAIRO,%20Mar.%2025%20(Xinhua)%20--%20China's%20giant%20carmaker%20SAIC%20Motor",,"https://en.imsilkroad.com/p/89749.html#:~:text=CAIRO,%20Mar.%2025%20(Xinhua)%20--%20China's%20giant%20carmaker%20SAIC%20Motor https://www.spglobal.com/marketintelligence/en/news-insights/trending/ivsktyskecxsapevmgjotq2",,,18-Mar,SAIC Motor ManufacturingEgyptAutomotive OEM100745.9,,China,SAIC Chery Automobile,Anhui,Not Specified,Wuhu,Not Specified,Not Specified,Not Specified,,,Automotive OEM,Automobiles,Transport Equipment,Manufacturing,,1007,Yes,45.9,Yes,New,Announced,SAIC desires to build a factory in Egypt because it believes in the strength of the Egyptian market as one of the most promising in the Middle East and Africa.,"Egypt, Middle East and Africa.",,http://europe.chinadaily.com.cn/a/201803/27/WS5ab99af9a3105cdcf6514791.html,380,
2018,Shouguang Hualin Wood,,,Gabon,Industry & Trade/Ser,Manufacturing,2018,2016-2018,Central Africa,Manufacturing,Medium,,"RP: Could not find announce date. Shouguang Hualin Wood completed a wood processing factory in Gabon in May 2018. However, it failed to find investment funds for the project. So the confidence Status is Medium.",Completed,Greenfield,,,,,,5/3/2018,Hua Lin Bois,http://news.alibreville.com/h/81313.html,,,,,http://news.alibreville.com/h/81313.html,,,,18-May,Shouguang Hualin WoodGabonWood products4016.6,,China,Shouguang Hualin Wood,Shandong,Not Specified,Shouguang,Woleu-Ntem,Not Specified,Bolossoville,,,Wood products,Forestry & logging,"Wood, Apparel & Related Products",Manufacturing,,40,No,16.6,Yes,New,Opened,,,,http://news.alibreville.com/h/81313.html,465,
2018,Linuo Paradigma,,138,Morocco,Industry & Trade/Ser,Manufacturing,,2016-2018,North Africa,Manufacturing,Medium,,"This started as an MOU signed in may 2016 (Which agrees with the original ouput of fdi markets), and then transformed into something slightly more tangible (sohu): An agreement to set up an industrial zone in fez. however there is no evidence of commencement. The amount (sohu) was converted from 1bn rmb. 1000 CNY-China [Chinese yuan renminbi (RMB) / ¬•]=138.04 USD-United States [US dollar / $]. Listed as 'Manufacturing' given it is about a smart city for the purpose of smart manufacturing.",Announced,Greenfield,138,,,,11/17/2018,,Â±±‰∏úÂäõËØ∫ÈõÜÂõ¢,https://www.sohu.com/a/276140288_100213261,,https://www.163.com/dy/article/E4JKVFJP0514AB8M.html,,https://www.sohu.com/a/276140288_100213261,,,https://www.dzwww.com/2016/lnrt/xwkx/201606/t20160629_14538326.htm,,16-May,"Linuo ParadigmaMoroccoIndustrial Machinery, Equipment & Tools7210.3157",,China,Linuo Group,Shandong,,Jinan,Not Specified,Not Specified,Not Specified,,,"Industrial Machinery, Equipment & Tools","Ventilation, heating, air conditioning, and commercial refrigeration equipment manufacturing",Environmental Technology,Manufacturing,,72,Yes,10.3,No,New,,,,,,519,
2018,Huawei Technologies,,,Algeria,Industry & Trade/Ser,Manufacturing,2019,2016-2018,North Africa,Manufacturing,Medium,,"In March 2018, during the inauguration ceremony of Huawei's headquarters in Algeria, they announced a project to build a smartphone assembly plant in Algeria. This project is a co-venture between Huawei and Algerian AFGO-TECH. The plant was officially opened on January 22 2019.",Completed,Greenfield,,,,,3/1/2018,1/22/2019,Huawei,https://itweb.africa/content/LPp6V7rDywzqDKQz,,,,https://itweb.africa/content/LPp6V7rDywzqDKQz,,https://itweb.africa/content/LPp6V7rDywzqDKQz,,,18-Mar,Huawei TechnologiesAlgeriaCommunications1009.4,,China,Huawei Technologies,Guangdong,Not Specified,Shenzhen,Algiers,Not Specified,Oued Smar,,,Communications,Communications equipment,ICT & Electronics,Manufacturing,,100,No,9.4,Yes,New,Opened,,,,http://radioalgerie.dz/news/fr/article/20180308/135899.html,532,
2018,Wiko Mobile,,,Algeria,Industry & Trade/Ser,Manufacturing,2018,2016-2018,North Africa,Manufacturing,Medium,,"Update: Announcement date could not be found.

In February 2018, the Wiko Smartphone Assembly Plant in Algeria was launched. It was planned to produce at least 1 million smartphones per year. Not much other information on this could be found.",Completed,Greenfield,,,,,,2/12/2018,,https://www.dzbreaking.com/2018/02/12/sacomi-electronics-launches-wiko-smartphone-assembly-plant-algeria/,,,,,https://www.dzbreaking.com/2018/02/12/sacomi-electronics-launches-wiko-smartphone-assembly-plant-algeria/,https://www.dzbreaking.com/2018/02/12/sacomi-electronics-launches-wiko-smartphone-assembly-plant-algeria/,,,18-Feb,Wiko MobileAlgeriaCommunications1009.4,,China,Tinno Mobile Technology,Guangdong,Not Specified,Shenzhen,Algiers,Not Specified,Algiers,,,Communications,Communications equipment,ICT & Electronics,Manufacturing,,100,No,9.4,Yes,New,Announced,"Didier Carmeille, regional director, Middle East and North Africa, says, ""Algeria is obvious for us in view of the performance of Wiko in this country.""",,,https://www.maghrebemergent.info/actualite/maghrebine/85494-wiko-algerie-ouvrira-une-usine-prochainement.html,533,
2018,China Mobile International (CMI),,,South Africa,ICT,ICT Services,2018,2016-2018,Southern Africa,ICT,Medium,,"Filled in announcement date with completion date given this is an office with seemingly no investment in constructing actual physical property. Initial link not working. From google searches, this is an establishment of a local office in SA, China Mobile International Limited opened on September 11, 2018.",Completed,Greenfield,,,,,9/11/2018,9/11/2018,China Mobile International Limited,https://www.prnewswire.co.uk/news-releases/china-mobile-international-limited-establishes-south-africa-office-692919441.html,,,,https://www.prnewswire.co.uk/news-releases/china-mobile-international-limited-establishes-south-africa-office-692919441.html,https://www.prnewswire.co.uk/news-releases/china-mobile-international-limited-establishes-south-africa-office-692919441.html,,,,18-Sep,China Mobile International (CMI)South AfricaCommunications254.7,,China,China Mobile Communications Corporation,Beijing Municipality,Not Specified,Beijing,Gauteng,Not Specified,Johannesburg,,,Communications,Wireless telecommunication carriers,ICT & Electronics,"Sales, Marketing & Support",,25,Yes,4.7,Yes,New,Opened,,,,http://www.cmi.chinamobile.com/en/news/china-mobile-international-limited-establishes-south-africa-office,608,
2018,China Unicom,,,South Africa,ICT,ICT Services,2018,2016-2018,Southern Africa,ICT,Medium,,"Filled in announcement date with completion date given this is an establihsment of a local subsidiary with no physicla construction. July 18, 2018, China Unicom (South Africa) Operations (PTY) Limited opened its first branch in Africa, in Johannesburg, SA. No news outlets are mentioning how big the investment was to opened this office. Their 2023 Annual Report (p. 157) mentions that they (China Unicom) hold 100% equity of the company.",Completed,Greenfield,,,,,7/18/2018,7/18/2018,China Unicom Global,https://www.chinaunicomglobal.com/eu/news-detail.php?id=6    ,,,,https://www.chinaunicomglobal.com/eu/news-detail.php?id=6,https://www.chinaunicomglobal.com/eu/news-detail.php?id=6  https://en.imsilkroad.com/p/103649.html  ,http://www.chinadaily.com.cn/a/201807/19/WS5b5044cfa310796df4df77b4.htm l https://itweb.africa/content/KBpdg7pzQwKqLEew ,https://www.chinaunicom.com.hk/en/ir/reports/ar2023.pdf,,18-Jul,China UnicomSouth AfricaCommunications254.7,,China,China Unicom,Beijing Municipality,Not Specified,Beijing,Gauteng,Not Specified,Johannesburg,,,Communications,Wired telecommunication carriers,ICT & Electronics,"Sales, Marketing & Support",,25,Yes,4.7,Yes,New,Opened,,China and South Africa,,http://www.chinadaily.com.cn/a/201807/19/WS5b5044cfa310796df4df77b4.html,609,
2018,Xuzhou Construction Machinery Group,,,Kenya,Industry & Trade/Ser,Business Services,2018,2016-2018,East Africa,Business Services,Medium,,"Deal stake and announcement date are removed due to a lack of sources for verification.

Medium because no amount is provided. yicaiglobal reported on Jan-08-2018 that ""The spare part center of China's major state-owned machinery group Xuzhou Construction Machinery Group Co. ...officially kicked off operations,"" indicating the completion of the project.",Completed,Greenfield,,,,,,1/6/2018,Xuzhou Construction Group,https://www.yicaiglobal.com/news/xuzhou-construction-group-first-overseas-direct-sales-spare-part-center-opens-in-africa,,,,,https://www.xcmg.com/en-ap/news/news-detail-577407.htm,https://www.xcmg.com/en-ap/news/news-detail-577407.htm,https://www.prnewswire.com/in/news-releases/xcmg-opens-first-direct-spare-parts-center-in-africa---consolidating-local-support-672107073.html,,18-Jan,Xuzhou Construction Machinery GroupKenyaIndustrial equipment294.3,,China,XCMG Construction Machinery,Jiangsu,Not Specified,Xuzhou,Nairobi Area,Not Specified,Nairobi,,,Industrial equipment,"Agriculture, construction, & mining machinery",Industrial,Maintenance & Servicing,,29,Yes,4.3,Yes,New,Opened,,East Africa,,https://www.yicaiglobal.com/news/xuzhou-construction-group%E2%80%99s-first-overseas-direct-sales-spare-part-center-opens-africa,612,
2018,Longrich,,,South Africa,Industry & Trade/Ser,Manufacturing,,2016-2018,Southern Africa,Manufacturing,Medium,,"Initial link unavailable. From google searches, it looks like this is an announcement from Longrich, Chinese cosmetics manufacturer, that the company is planning on establishing a factory in South Africa in the future. The investment has not happened yet. Yicai Global writes that ""The expansion plan will match up neatly with China's Belt and Road strategy, a 30- to 40-year infrastructure and trade plan,"" indicating that this is a long-term plan.",Announced,Greenfield,,,,,9/15/2018,,Longrich,https://www.yicaiglobal.com/news/cosmetics-maker-longrich-unveils-plans-to-accelerate-expansion-along-belt-and-road ,,,,https://www.yicaiglobal.com/news/cosmetics-maker-longrich-unveils-plans-to-accelerate-expansion-along-belt-and-road,,,,,18-Sep,LongrichSouth AfricaConsumer products323.3,,China,Longrich,Jiangsu,Not Specified,Changshu,Not Specified,Not Specified,Not Specified,,,Consumer products,"Cosmetics, perfume, personal care & household products",Consumer Goods,"Sales, Marketing & Support",,32,Yes,3.3,Yes,New,Announced,,Africa,,https://www.redpulse.com/china/20180918/cosmetics-maker-longrich-unveils-expansion-plan-along-bar-54e653bc36,617,
2018,Anhui Conch Group,,,Tunisia,Industry & Trade/Ser,Material Production and Processing,,2016-2018,North Africa,Material Production and Processing,Medium,,"In April 2018, Anhui Conch Group announced that they plan to open an office in Tunis to explore investment opportunities. Not much other information could be found, unsure of how much this costs and the current status of the project.",Announced,Greenfield,,,,,3/1/2018,,Anhui Conch,https://www.cemnet.com/Forum/thread/165767/time-to-take-a-chance-in-tunisia-.html,,,,https://www.cemnet.com/Forum/thread/165767/time-to-take-a-chance-in-tunisia-.html,,https://www.worldcementassociation.org/about-us/our-members/anhui-conch-cement-company-limited,,,18-Apr,Anhui Conch GroupTunisiaBuilding materials70.6,,China,Anhui Conch Group,Anhui,Not Specified,Wuhu,Tunis,Not Specified,Tunis,,,Building materials,Cement & concrete products,Construction,"Sales, Marketing & Support",,7,Yes,0.6,Yes,New,Announced,,,,http://www.globalcement.com/news/item/7310-anhui-conch-to-open-office-in-tunis,653,
2018,Binance,,,Uganda,Financial Sector,Other,2018,2016-2018,East Africa,Financial Sector,Medium,,"Medium because has deal status and completion date. Binance website reported the Official Launch of Binance Uganda Fiat-Cryptocurrency Exchange on June 28, 2018.",Completed,Greenfield,,,,,,6/28/2018,Binance Uganda,http://finance.sina.com.cn/blockchain/coin/2018-06-29/doc-iheqpwqy7147486.shtml,,,,,https://www.binance.com/en/support/announcement/official-launch-of-binance-uganda-fiat-cryptocurrency-exchange-360006584151,https://www.binance.com/en/support/announcement/official-launch-of-binance-uganda-fiat-cryptocurrency-exchange-360006584151,,,18-Jun,BinanceUgandaFinancial services229.5,,Hong Kong,Binance,Hong Kong,Hong Kong,Hong Kong,Not Specified,Not Specified,Not Specified,,,Financial services,Corporate & investment banking,Financial Services,Business Services,,22,Yes,9.5,Yes,New,Announced,,,,https://chaining.ru/2018/06/07/crypto-in-africa-domestic-crypto-market-shows-great-prospects,707,
2017,Huajian Group,,"1,500.00",Nigeria,Industry & Trade/Ser,Textiles,,2016-2018,West Africa,Textiles,High,,"DM: They want to make shoes -> textiles, they restated interests so probably still an option but not confirmed, correct. Update: announced investment hasn't commenced yet but the Chinese company is still interested in investing and hoping to see cheap energy sources, access to raw materials and good road networks to the investment destination state (source is provided in other/general sources). The deal was announced but could not confirm if operation has started or whether construction of the factory commenced",Announced,Greenfield,"1,500",,N,,4/17/2017,,Huajian,"https://africa.cgtn.com/china-to-train-thousands-to-become-shoe-makers-in-nigeria/#:~:text=Chinese%20shoe%2Dmaking%20giant%2C%20Huajian,step%20into%20the%20shoe%20industry.",https://www.fibre2fashion.com/industry-article/9301/china-plus-one-a-trade-and-investment-story,,,https://www.vanguardngr.com/2017/04/chinese-firm-build-1-5bn-shoe-factory-aba/#google_vignette,,https://www.vanguardngr.com/2017/04/chinese-firm-build-1-5bn-shoe-factory-aba/#google_vignette,https://archive.businessday.ng/real-sector/article/huajian-restates-interest-setting-shoe-factory-aba/ ,,17-Apr,Huajian GroupNigeriaTextiles30001500,,China,Huajian Group,Guangdong,,Dongguan,Abia State,Not Specified,Aba,,,Textiles,Footwear,"Wood, Apparel & Related Products",Manufacturing,,3000,Yes,"1,500.00",No,New,,,,,,123,
2017,Non-Ferrous China Africa (NFCA),,832,Zambia,Metals and Minerals,Metals and Minerals,2018,2016-2018,Southern Africa,Metals and Minerals,High,,"Raw data for Zambia's Copper Mines are difficult to disentangle. This is likely the Chambishi Southeast Mine. On August 18, 2018, Non-Ferrous China Africa (NFCA) of China Non-ferrous Metals Company Limited (CNMC) launched its $832 million copper mine (Reuters, 2018). CNMC has an 85% stake and ZCCM-IH has a 15% stake",Completed,Greenfield,,832,N,85,4/27/2017,8/18/2018,China Non-ferrous Metals Company Limited (CNMC),https://www.reuters.com/article/markets/currencies/chinese-firm-launches-832-million-zambia-copper-mine-idUSKCN1L71P6/ https://nfca.cnmc.com.cn/nfca/gywm/gsjj/A021002001Gone1.html,,https://www.reuters.com/article/markets/currencies/chinese-firm-launches-832-million-zambia-copper-mine-idUSKCN1L71P6/,"https://landmatrix.org/media/uploads/republicofminingcom20130606copper-expansion-the-copperbelt-the-pride-of-zambia-by-john-chadwick-publisher-international-mining-june-2013.pdf (search ""Southeast Orebody"") https://republicofmining.com/2013/06/06/copper-expansion-the-copperbelt-the-pride-of-zambia-by-john-chadwick-publisher-international-mining-june-2013/",https://www.lusakatimes.com/2015/04/27/832m-chambishi-project-starts/,https://www.reuters.com/article/markets/currencies/chinese-firm-launches-832-million-zambia-copper-mine-idUSKCN1L71P6/,https://www.reuters.com/article/markets/currencies/chinese-firm-launches-832-million-zambia-copper-mine-idUSKCN1L71P6/,,,11-Aug,Non-Ferrous China Africa (NFCA)ZambiaMetals958700,,China,China Nonferrous Metals Mining (CNMC),Beijing Municipality,,Beijing,Copperbelt Province,Not Specified,Chambishi,,,Metals,"Copper, nickel, lead, & zinc mining",Physical Sciences,Extraction,,958,Yes,700,No,Expansion,,,,,,137,
2017,Shandong Ruyi Technology Group,,600,Nigeria,Industry & Trade/Ser,Manufacturing,,2016-2018,West Africa,Manufacturing,High,,Update: the only update on this announcement is an extended announcement of the deal in 2018 (source added to other/general sources).  could confirm the announcement but nothing about the status of the annouced investment. found a different announcement in 2018 by the same company - added to leads,Announced,Greenfield,600,,N,,7/8/2017,,Shandong Ruyi technology group,https://www.thecable.ng/chinese-company-invest-600m-kano-textile-industry/,https://www.ecofinagency.com/agriculture/1207-37170-nigeria-china-s-shandong-ruyi-technology-group-to-invest-600-million-in-kano-s-textile-industry,,,https://www.thecable.ng/chinese-company-invest-600m-kano-textile-industry/,,"https://www.africanews.com/2017/09/24/establishment-of-africa-s-largest-textile-industry-set-to-start//#:~:text=The%20establishment%20of%20Africa%27s%20biggest,million%20in%20the%20garment%20industry.",https://www.just-style.com/news/shandong-ruyi-to-invest-us2bn-in-nigeria-cotton-operation/?cf-view,,17-Jul,Shandong Ruyi Technology GroupNigeriaTextiles3000600,,China,Shandong Ruyi Technology Group,Shandong,,Jining,Kano State,Not Specified,Kano,,,Textiles,Textiles & Textile Mills,"Wood, Apparel & Related Products",Manufacturing,,3000,Yes,600,No,New,,,,,,142,
2017,Sinoconst,,312,Zambia,Industry & Trade/Ser,Material Production and Processing,,2016-2018,Southern Africa,Material Production and Processing,High,,"Zambia Consolidated Copper Mines Investment Holdings (ZCCM-IH) and China Machinery Construction Group Limited (Sinoconst) is seeking to construct a cement plant in Ndola, Zambia called the Central African Cement Ltd (CAC). President Edgar Lungu announced this on July 7 2017. The project would be completed in three years. The plant will have a daily output of 5,000 tonnes of cement and will also have two 20 megawatt (MW) coal fired power plants to provide electricity to the facility (The Business Times, 2017).  According to ZCCM-IH website (see additional sources column), ZCCM-IH has a 49% stake while SinoConst has a 51% stake with an estimated total investment of $480 million. However, based on a 2018 announcement on their website, ZCCM-IH signed a Shareholders‚Äô Agreement Sinocost where the CN company will have a 65% stake (basing amount announced from this source so 65% of $480 million = $312,000,000).  ",Announced,Greenfield,312,,Y,65,7/7/2017,,China Machinery Construction Group (SinoConst),https://www.zccm-ih.com.zm/2018/08/06/zccm-ih-chinese-firm-sign-agreement/ https://www.businesstimes.com.sg/international/zambia-build-us548-million-cement-plant,https://www.zccm-ih.com.zm/2018/08/06/zccm-ih-chinese-firm-sign-agreement/,,https://www.zccm-ih.com.zm/2018/08/06/zccm-ih-chinese-firm-sign-agreement/,https://www.businesstimes.com.sg/international/zambia-build-us548-million-cement-plant,,https://www.businesstimes.com.sg/international/zambia-build-us548-million-cement-plant,https://www.zccm-ih.com.zm/investments/manufacturing/central-african-cement-ltd/,,17-Jul,SinoconstZambiaBuilding & Construction Materials1046548,,China,Sinoconst,Beijing Municipality,,Beijing,Copperbelt Province,Not Specified,Ndola,,,Building & Construction Materials,Cement & concrete products,Construction,Manufacturing,,1046,Yes,548,No,New,,,,,,149,
2017,Aluminium Corporation of China (Chinalco) (Chalco),,164,Guinea,Metals and Minerals,Metals and Minerals,2020,2016-2018,West Africa,Metals and Minerals,High,,The project has been completed but the completion amount invested by the company is not known,Completed,Greenfield,164,,,,8/16/2017,1/5/2020,Aluminum Corp. of China (Chalco),https://www.alcircle.com/news/chalco-ships-first-bauxite-from-boffa-mine-guinea-49782?srsltid=AfmBOoqpWYGZACPCrOniS5fBAzNWfOWj0REpBnEQyS-oVxelneq9IUH1,https://www.caixinglobal.com/2018-05-22/china-aluminum-giant-taps-bauxite-reserves-in-guinea-101253848.html,,,https://www.reuters.com/article/markets/chinas-chalco-plans-500-mln-investment-in-guinea-bauxite-project-idUSL8N1L23SN/,https://www.alcircle.com/news/chalco-ships-first-bauxite-from-boffa-mine-guinea-49782?srsltid=AfmBOoqpWYGZACPCrOniS5fBAzNWfOWj0REpBnEQyS-oVxelneq9IUH1,https://www.alcircle.com/news/chalco-ships-first-bauxite-from-boffa-mine-guinea-49782?srsltid=AfmBOoqpWYGZACPCrOniS5fBAzNWfOWj0REpBnEQyS-oVxelneq9IUH1,,Boffa,17-Aug,Aluminium Corporation of China (Chinalco) (Chalco)GuineaMetals703500,,China,Aluminium Corporation of China (Chinalco) (Chalco),Beijing Municipality,,Beijing,Not Specified,Not Specified,Not Specified,,,Metals,Other metal ore mining,Physical Sciences,Extraction,,703,Yes,500,No,New,,,,,,150,
2017,Tidfore Investment,,250,Liberia,Industry & Trade/Ser,Material Production and Processing,,2016-2018,West Africa,Material Production and Processing,High,,"Update: no further information. According to the source from the investing company, approximately $250million was expected to be invested in the project, but other sources state $200million. i went with the investing company source.
NC 06/26/2025: Sector changed from ""Non-Energy Mining"" to ""Industry & Trade/Ser - Material Production and Processing"" ",Announced,Greenfield,250,,N,,6/23/2017,,Tidfore Investment Company,https://www.anews.com.tr/economy/2017/06/24/liberia-china-sign-first-steel-manufacturing-deal,http://en.tidfore.net/news/512587.htm,,,http://en.tidfore.net/news/512587.htm,,http://en.tidfore.net/news/512587.htm,,,17-Jun,Tidfore InvestmentLiberiaMetals1000200,,China,Tidfore Heavy Equipment Group,Hunan,,Changsha,Bong County,Not Specified,Not Specified,,,Metals,Steel products,Physical Sciences,Manufacturing,,1000,No,200,No,New,,,,,,191,
2017,Antex Group,,10,Ethiopia,Industry & Trade/Ser,Textiles,2018,2016-2018,East Africa,Textiles,High,,"Following a September 2017 agreement with the Ethiopian Investment Commission (Addis Fortune; Anetex Textile PLC), Antex officially started production of export-oriented textile items at the Adama Industrial Park in December 2018, with an established initial investment capital of 10 million U.S. dollars; included amount completed as 10 million (Xinhua, 2019; Xinhua, 2018). According to Antex Group's website, $45million has since been invested with the hope of contiually investing in the future. It is completly owned by Qinhan Anuha; CN Deal Stake column is 100% (Antex-eth, 2024). The company rented eight out of the park's 19 steel-structured workshops and set up a plant that makes and export swimwear to Europe (CGTN, 2019; IPDC, 2021; Antex-eth, 2024).  Sector is Manufacturing: Textile & Apparels. Confidence status: High",Completed,Greenfield,,10,N,100,9/1/2017,12/1/2018,Antex Group,https://ipdc.gov.et/media/adama_ip_data.pdf https://www.antex-eth.com/ https://news.cgtn.com/news/3d3d414f35676a4d34457a6333566d54/index.html,,http://www.xinhuanet.com/english/2018-12/31/c_137710772.htm https://www.antex-eth.com/ http://www.xinhuanet.com/english/africa/2019-08/09/c_138296882.htm,https://www.antex-eth.com/,,"https://www.antex-eth.com/antex-textile-plc-ethiopia/ https://addisfortune.net/articles/antex-weaves-its-way-into-adama-industrial-park/#:~:text=Following%20a%20September%202017%20agreement%20with%20the%20Ethiopian%20Investment%20Commission, https://www.ipdc.gov.et/service/parks/4/",https://www.antex-eth.com/,https://news.cgtn.com/news/3d3d414f35676a4d34457a6333566d54/index.html https://semonegna.com/antex-groups-chinese-textile-manufacturer-starts-exporting-products-adama-industrial-park/ https://addisfortune.net/articles/antex-weaves-its-way-into-adama-industrial-park/,,18-Oct,Antex GroupEthiopiaTextiles5000148.3,,China,Antex Group,Zhejiang,Not Specified,Zhejiang,Oromia,Not Specified,Adama,,,Textiles,Clothing & clothing accessories,"Wood, Apparel & Related Products",Manufacturing,,5000,Yes,148.3,Yes,New,Announced,,"Europe, US and Australia",,https://addisfortune.net/articles/antex-weaves-its-way-into-adama-industrial-park/,219,
2017,Sinotruk (China National Heavy Duty Truck Group) (CNHTC),,35,Nigeria,Automotive,Automotive,2024,2016-2018,West Africa,Automotive,High,,"Not sure how much of the $100million was invested by Sinotruk but sinotruk has a 35% stake in the assemply plant - hence, 35million was recorded as announced investment",Completed,Greenfield,35,,Y,35,2/3/2017,6/11/2024,Dangote Sinotruk West Africa Ltd (DSWAL),https://www.thisdaylive.com/index.php/2024/06/15/dangote-sinotruk-targets-60-local-content-launches-new-cabin-ckd-plant/,https://m.chinatrucks.com/news/6817.html,,https://dangote.com/our-business/automotive/,https://m.chinatrucks.com/news/6817.html,https://www.thisdaylive.com/index.php/2024/06/15/dangote-sinotruk-targets-60-local-content-launches-new-cabin-ckd-plant/,https://m.chinatrucks.com/news/6817.html,https://www.youtube.com/watch?v=P9qthZVdGtk,,17-Feb,Sinotruk (China National Heavy Duty Truck Group) (CNHTC)NigeriaAutomotive OEM3000100,,China,Sinotruk (China National Heavy Duty Truck Group) (CNHTC),Shandong,,Jinan,Lagos State,Not Specified,Lagos,,,Automotive OEM,Heavy duty trucks,Transport Equipment,Manufacturing,,3000,No,100,No,New,,,,,,250,
2017,Guangzhou Goodsense Decorative Building Materials,,35,Egypt,Industry & Trade/Ser,Manufacturing,2021,2016-2018,North Africa,Manufacturing,High,,"China's Guangzhou Goodsense Decorative Building Materials Co. Ltd. announced on Jan 22, 2017 that it is set to establish a new factory in Egypt with an Egyptian-Saudi-Chinese capital of $100 million to manufacture aluminium composite panels. The Egyptian partner for the project is WellBond, which is an Egyptian-Saudi company (Ahram Online, 2017). The factory includes Egyptian investments with a participation rate of 25%, Chinese participation of 30%, and Saudi Arabian of 45% (Amwal Al Ghad, 2018; Daily News Egypt, 2018). Chinese portion is therefore $35 million. Deal status as commenced as the foundation stone has been laid by the chairperson of the Industrial Development Authority (Dialy News Egypt, 2018). According to company website, on January 5th, 2021, Goodsense opened its factory (Mirror Factory, 2021). Changing status from ""Commenced"" to ""Completed""",Completed,Greenfield,35,,Y,30,1/22/2017,1/5/2021,Good Sense Egypt,"https://www.dailynewsegypt.com/2018/01/23/good-sense-factory-aluminium-panels-launches-investments-worth-egp-200m/#:~:text=Ahmed%20Abdelrazek,%20chairperson%20of%20the%20Industrial%20Development",,,"https://en.amwalalghad.com/ida-lays-chinas-goodsense-100-mln-aluminum-factory-foundation-stone/ https://www.dailynewsegypt.com/2018/01/23/good-sense-factory-aluminium-panels-launches-investments-worth-egp-200m/#:~:text=Ahmed%20Abdelrazek,%20chairperson%20of%20the%20Industrial%20Development",https://english.ahram.org.eg/NewsContent/3/12/256636/Business/Economy/Chinas-Goodsense-to-establish--mln-aluminium-facto.aspx,"https://www.mirror-factory.com/Goodsense-Heartfelt-Congratulations-on-the-Establishment-of-Goodsense-Egypt-id3562979.html#:~:text=On%20January%205th%2C%202021%2C%20local,the%20opening%20of%20the%20factory.",https://english.ahram.org.eg/NewsContent/3/12/256636/Business/Economy/Chinas-Goodsense-to-establish--mln-aluminium-facto.aspx,,,17-Jan,Guangzhou Goodsense Decorative Building MaterialsEgyptMetals883100,,China,Guangzhou Goodsense Decorative Building Materials,Guangdong,,Guangzhou,As Suways,Not Specified,Ataqa,,,Metals,Alumina & aluminium production and processing,Construction,Manufacturing,,883,Yes,100,No,New,,,,,,251,
2017,BYD,,,Morocco,Automotive,Automotive - EV,,2016-2018,North Africa,Automotive,High,,"The project was shelved as evidenced by Fortune China: ‰∏≠ÂõΩÊØî‰∫öËø™Ëá≥Â∞ë‰∏§Ê¨°ÂÆ£Â∏ÉÂú®Êë©Ê¥õÂì•Âª∫ÂéÇÁöÑËÆ°ÂàíÔºå‰ΩÜÈÉΩÂú®ÂêØÂä®ÂâçÊêÅÁΩÆ‰∫Ü . More importantly, the BYD website does not show a production facility in morocco on their map.",Cancelled,Greenfield,,,,,12/9/2017,,"""BYD Auto Industry"" group",https://www.fortunechina.com/shangye/c/2024-05/18/content_453540.htm ,,,,https://www.finances.gov.ma/en/Pages/detail-actualite.aspx?fiche=3523,,,,,17-Dec,BYDMoroccoNon-Automotive Transport OEM62581.4,,China,BYD,Guangdong,,Shenzhen,Tangier-Tetouan,Not Specified,Tangier,,,Non-Automotive Transport OEM,Railroad rolling stock,Transport Equipment,Manufacturing,,625,Yes,81.4,Yes,Co-Locati,,"""We want to benefit from Morocco's geographical location, as a gateway to Europe and the African market."" - Wang Chuanfu, chairperson.",,,,302,
2017,Huawei Technologies,,200,South Africa,ICT,ICT Services,,2016-2018,Southern Africa,ICT,High,,"Huawei announced in March 2017 its Global OpenLab Program, ""outlining its development of 15 new OpenLabs and investment plan for the next three years"" (Huawei, 2017). Within this program, they aim to open several centers to promote industry development in mulitple cities; Moscow, London, Paris, Johannesburg etc. While their total investment of the program is $200-million, it is unclear how much will go into each center, and sepcifically how much of that number will go to SA specifically. Setting 200m as the total for now.",Announced,Greenfield,,200,,,3/20/2017,,Huawei,https://www.huawei.com/en/news/2017/3/huawei-launches-global-openlab-program,https://www.huawei.com/en/news/2017/3/huawei-launches-global-openlab-program https://www.huawei.com/en/news/2017/3/huawei-launches-global-openlab-program ,,,https://www.huawei.com/en/news/2017/3/huawei-launches-global-openlab-program,,,https://forum.huawei.com/enterprise/en/Huawei-OpenLab-and-Industrial-Internet-Consortium-IIC-Join-Forces-to-Establish-Ecosystem-Lab/thread/667218760861368320-667213872060313600,,17-Mar,Huawei TechnologiesSouth AfricaCommunications12360.5,,China,Huawei Technologies,Guangdong,,Shenzhen,Gauteng,Not Specified,Johannesburg,,,Communications,Other telecommunications,ICT & Electronics,"Design, Development & Testing",,123,Yes,60.5,Yes,New,,,,,,338,
2017,CITIC Group,,40,Angola,Industry & Trade/Ser,Manufacturing,2019,2016-2018,Southern Africa,Manufacturing,High,,"On May 22, 2019, the inauguration ceremony for an Angola Aluminium Factory was held, following an investment of $40 million by CITIC. The investment was approved back in April 19, 2017. The project is a joint investment between CITIC Construction and CITIC Bohai Aluminum Industries Holding Company Limited, both of which are Chinese companies so the CN deal Stake is 100%.",Completed,Greenfield,40,40,,100,4/19/2017,5/22/2019,CITIC,https://www.ipim.gov.mo/en/portuguese-speaking-countries-news/2019-05-22-chinese-group-citic-opens-aluminium-profile-factory-in-angola/,https://www.ipim.gov.mo/en/portuguese-speaking-countries-news/2019-05-22-chinese-group-citic-opens-aluminium-profile-factory-in-angola/,https://www.ipim.gov.mo/en/portuguese-speaking-countries-news/2019-05-22-chinese-group-citic-opens-aluminium-profile-factory-in-angola/,https://www.ipim.gov.mo/en/portuguese-speaking-countries-news/2019-05-22-chinese-group-citic-opens-aluminium-profile-factory-in-angola/,https://www.ipim.gov.mo/en/portuguese-speaking-countries-news/2019-05-22-chinese-group-citic-opens-aluminium-profile-factory-in-angola/,https://www.ipim.gov.mo/en/portuguese-speaking-countries-news/2019-05-22-chinese-group-citic-opens-aluminium-profile-factory-in-angola/,https://www.ipim.gov.mo/en/portuguese-speaking-countries-news/2019-05-22-chinese-group-citic-opens-aluminium-profile-factory-in-angola/,,,19-May,CITIC GroupAngolaMetals30040,,China,CITIC Group,Beijing Municipality,Not Specified,Beijing,Luanda,Not Specified,Luanda,Luanda-Bengo Special Economic Zone,,Metals,Alumina & aluminium production and processing,Construction,Manufacturing,,300,No,40,No,New,Opened,,,,"https://www.angop.ao/angola/pt_pt/noticias/economia/2019/4/21/CITIC-investe-USD-milhoes-fabrica-aluminio,f7f5dc70-88e4-40ad-a9a9-c18f63ee0348.html",385,
2017,Power Construction Corporation of China (PowerChina),,572,Cote d'Ivoire,Energy,Renewable Energy Hydro,2017,2016-2018,West Africa,Energy,High,,"The investment announcement was not found but there are reports/sources for announced commisioning, lauch and opeartionalisation of the project as shown in relevant sources (different years for each stage of the project) added.",Completed,Greenfield,,572,N,85,,6/30/2017,Power Construction Corp. of China (Power China),https://www.hydroreview.com/business-finance/business/275-mw-soubre-hydropower-plant-is-commissioned-in-west-africa/#gref,,https://www.hydroreview.com/business-finance/business/275-mw-soubre-hydropower-plant-is-commissioned-in-west-africa/#gref,https://www.hydroreview.com/business-finance/business/275-mw-soubre-hydropower-plant-is-commissioned-in-west-africa/#gref,,https://www.hydroreview.com/business-finance/business/275-mw-soubre-hydropower-plant-is-commissioned-in-west-africa/#gref,,,,16-Dec,Power Construction Corporation of China (PowerChina)Cote d'IvoireBusiness Services156.8,,China,Power Construction Corporation of China (PowerChina),Beijing Municipality,,Beijing,Lagunes,Not Specified,Abidjan,,,Business Services,Heavy & civil engineering,Energy,Business Services,,15,Yes,6.8,Yes,New,,,,,,582,
2017,Lonto Garment,,2,Ethiopia,Industry & Trade/Ser,Textiles,2018,2016-2018,East Africa,Textiles,High,,"Shangten Holding Group inaugurated a new garment factory in the Eastern Industry Zone on April 28, 2018. Xue Jifeng, vice president of Shanghai Dragon Corporation said that the company wanted to start small, putting up an intial investment of $2 million (The Reporter, 2018). Deal Status: Completed. Confidence level: High. The company secured its investment license last October after applying to the Ethiopian Investment Commission (EIC) on July 15, 2017 (Addis Fortune, 2018). Company is hoping to also invest 65 million US dollars at Bole Lemi II Industrial Park (see additional sources column). ",Completed,Greenfield,2,2,,,7/15/2017,4/28/2018,Lonto Garment PLC,"https://addisfortune.net/articles/chinese-firm-comes-to-ethiopia-to-test-the-waters/ https://www.thereporterethiopia.com/5200/#:~:text=Lonto%20Garment%20PLC,%20one%20of%20the%20subsidiaries%20of%20the%20Chinese","https://www.thereporterethiopia.com/5200/#:~:text=Lonto%20Garment%20PLC,%20one%20of%20the%20subsidiaries%20of%20the%20Chinese","https://addisfortune.net/articles/chinese-firm-comes-to-ethiopia-to-test-the-waters/ https://www.thereporterethiopia.com/5200/#:~:text=Lonto%20Garment%20PLC,%20one%20of%20the%20subsidiaries%20of%20the%20Chinese",,https://addisfortune.net/articles/chinese-firm-comes-to-ethiopia-to-test-the-waters/,"https://www.thereporterethiopia.com/5200/#:~:text=Lonto%20Garment%20PLC,%20one%20of%20the%20subsidiaries%20of%20the%20Chinese","https://addisfortune.net/articles/chinese-firm-comes-to-ethiopia-to-test-the-waters/ https://www.thereporterethiopia.com/5200/#:~:text=Lonto%20Garment%20PLC,%20one%20of%20the%20subsidiaries%20of%20the%20Chinese","https://ethiopianmonitor.com/2020/01/08/chinas-second-leading-textile-factory-to-invest-in-ethiopia/#:~:text=China%E2%80%99s%20Second%20Leading%20Textile%20Factory%20to%20Invest%20in%20Ethiopia.%20ADDIS https://www.2merkato.com/news/alerts/5895-china-s-2nd-largest-textile-company-sets-up-plant-in-ethiopia#:~:text=Shangtex%20Holding%20Co.%20Ltd.,%20China's%20second-largest%20textile%20company,%20is%20to",,18-May,Lonto GarmentEthiopiaTextiles4001.96,,China,Shangtex Holding,Shanghai Municipality,Not Specified,Shanghai,Addis Ababa,Not Specified,Addis Ababa,Eastern Industry Zone,,Textiles,Clothing & clothing accessories,"Wood, Apparel & Related Products",Manufacturing,,400,No,2,No,New,Opened,,"Belgium, Brazil, Italy, Poland, Japan, Turkey, the United States and South Africa",,https://addisfortune.net/articles/chinese-firm-comes-to-ethiopia-to-test-the-waters/,640,
2017,Huajian Group,,"1,000.00",Rwanda,Industry & Trade/Ser,Textiles,,2016-2018,East Africa,Textiles,High,,Couldn't find further information on the deal other than its announcement,Announced,Greenfield,"1,000",,,,9/10/2017,,Huajian Group,https://www.newtimes.co.rw/article/144061/News/chinese-firm-to-set-up-textile-factory-in-rwanda,http://silkroadnews.org/en/news/chinese-company-to-start-leather-goods-manufacturing-in-rwanda,,,https://www.newtimes.co.rw/article/144061/News/chinese-firm-to-set-up-textile-factory-in-rwanda,,https://www.ktpress.rw/2017/09/chinese-investor-rwanda-ink-1billion-deal-to-establish-electronics-factory/#,,,17-Sep,Huajian GroupRwandaTextiles181,,China,Huajian Group,Guangdong,,Dongguan,Not Specified,Not Specified,Not Specified,,,Textiles,Clothing & clothing accessories,"Wood, Apparel & Related Products",Manufacturing,,18,Yes,1,No,New,,,,,,651,
2017,China Merchants Group,,400,Djibouti,Industry & Trade/Ser,Free Trade Zones and Industrial Parks,2018,2016-2018,East Africa,Free Trade Zones and Industrial Parks,High,,"On January 17, 2017, Djibouti announced and launched the construction of a Free Trade Zone, with an investment of about $400 million. The project is operated by a joint venture between Djibouti Ports and Free Zone Authority, and China Merchants Group. The project was completed in July 2018 with no exact date from what I can find.",Completed,Greenfield,400,,,,1/17/2017,7/1/2018,China Merchants Group,http://www.chinafrica.cn/Homepage/202201/t20220127_800274010.html,http://www.chinafrica.cn/Homepage/202201/t20220127_800274010.html,,,https://www.reuters.com/article/world/djibouti-breaks-ground-on-massive-chinese-backed-free-trade-zone-idUSKBN1510NR/,http://www.chinafrica.cn/Homepage/202201/t20220127_800274010.html,http://www.chinafrica.cn/Homepage/202201/t20220127_800274010.html,,,16-Jun,China Merchants GroupDjiboutiWarehousing & Storage122197.1,,Hong Kong,China Merchants Group,Hong Kong,,Hong Kong,Djibouti,Not Specified,Djibouti,,,Warehousing & Storage,Warehousing & storage,"Transportation, Warehousing & Storage","Logistics, Distribution & Transportation",,122,Yes,197.1,Yes,New,,,,,,666,
2017,Mobicon International Ltd,Mobicon-Mantech Holdings Ltd,0.87,South Africa,Industry & Trade/Ser,Manufacturing,,2016-2018,Southern Africa,Manufacturing,High,,,Completed,M&A,0.87,,,,12/8/2017,,,,,,,,,,,,17-Dec,Mobicon International LtdSouth Africa,,Hong Kong,,,,,,,,,,,,,,,,,,,,,,,,,,3190046040
2017,Shenzhen Transsion Holdings Co Ltd,Microstation Ltd,5,Nigeria,Industry & Trade/Ser,Business Services,,2016-2018,West Africa,Business Services,High,,,Completed,M&A,5,,,,12/6/2017,,,,,,,,,,,,17-Dec,Shenzhen Transsion Holdings Co LtdNigeria,,China,,,,,,,,,,,,,,,,,,,,,,,,,,3366523040
2017,Jin Yu Tang Shenzhen Fishery Co Ltd,Stonechen Comercial Produtos de Pesca de Moma Ltd,,Mozambique,Agriculture,Fisheries,,2016-2018,Southern Africa,Agriculture,High,,,Completed,M&A,,,,,9/29/2017,,,,,,,,,,,,17-Sep,Jin Yu Tang Shenzhen Fishery Co LtdMozambique,,China,,,,,,,,,,,,,,,,,,,,,,,,,,3142721040
2017,Heaven-Sent Sunshine Investment Co Ltd,AngloGold Ashanti Ltd-Kopanang Mining Assets,7,South Africa,Metals and Minerals,Metals and Minerals,,2016-2018,Southern Africa,Metals and Minerals,High,,Gold,Completed,M&A,7,,,,9/15/2017,,,,,,,,,,,,17-Sep,Heaven-Sent Sunshine Investment Co LtdSouth Africa,,Hong Kong,,,,,,,,,,,,,,,,,,,,,,,,,,3188709040
2017,Everpine Capital Ltd,United Canister Corporation SARL,4.99,Morocco,Industry & Trade/Ser,Manufacturing,,2016-2018,North Africa,Manufacturing,High,,,Completed,M&A,4.99,,,,5/30/2017,,,,,,,,,,,,17-May,Everpine Capital LtdMorocco,,China,,,,,,,,,,,,,,,,,,,,,,,,,,3191747040
2017,Bohai Harvest RST Shanghai Equity Investment Fund Management Co Ltd,TF Holdings Ltd,"1,187.70","Congo, Democratic Republic of the",Metals and Minerals,Metals and Minerals,,2016-2018,Central Africa,Metals and Minerals,High,,Includes Cobalt,Completed,M&A,"1,187.70",,,,4/19/2017,,,,,,,,,,,,17-Apr,Bohai Harvest RST Shanghai Equity Investment Fund Management Co LtdCongo (DRC),,China,,,,,,,,,,,,,,,,,,,,,,,,,,3035885040
2017,Profile Venture Ltd,Stars Ventures Ltd,4.15,Seychelles,Financial Sector,Capital Markets,,2016-2018,East Africa,Financial Sector,High,,,Completed,M&A,4.15,,,,4/13/2017,,,,,,,,,,,,17-Apr,Profile Venture LtdSeychelles,,Hong Kong,,,,,,,,,,,,,,,,,,,,,,,,,,3089895040
2017,Wanbao Mining Ltd,Lamikal,55.97,"Congo, Democratic Republic of the",Metals and Minerals,Metals and Minerals,,2016-2018,Central Africa,Metals and Minerals,High,,Copper,Completed,M&A,55.97,,,,3/27/2017,,,,,,,,,,,,17-Mar,Wanbao Mining LtdCongo (DRC),,China,,,,,,,,,,,,,,,,,,,,,,,,,,3087702040
2017,Hisense,,113.6,South Africa,Industry & Trade/Ser,Manufacturing,2017,2016-2018,Southern Africa,Manufacturing,Irrelevant,,"Listed as an expansion here, but according to searches for 2017, it looks like Hisense purchased Toshiba TV production, brand, R&D & operation service for $113.6-million on November 14th, 2017. Toshiba will keep 5% stakes.",Completed,Greenfield,,113.6,,,,11/14/2017,,https://hisense.co.za/hisense-purchases-toshiba-television-business-2/,,https://www.theverge.com/2017/11/14/16649374/toshiba-china-hisense-sharp-tv-deal-signed,,,https://hisense.co.za/hisense-purchases-toshiba-television-business-2/,,,,17-Nov,HisenseSouth AfricaConsumer Electronics64127.2,,China,Hisense,Shandong,,Qingdao,Western Cape,Not Specified,Cape Town,,,Consumer Electronics,Other (Consumer Electronics),Consumer Goods,Manufacturing,,641,Yes,27.2,Yes,Expansion,,,,,,422,
2017,Oppo Electronics,,,Kenya,Industry & Trade/Ser,,2017,2016-2018,East Africa,,Irrelevant,,"Added additional Chinese source in ""Other/General Sources."" Didn't find announced date. 

Medium because lacks completed amount. A Chinese source baijing.cn announced on May 23 2017 that OPPO launched the latest version of its OPPO F3 smartphone in Kenya.",Completed,Greenfield,,,,,,5/23/2017,,https://www.baijing.cn/article/11266,,,,,https://www.baijing.cn/article/11266,https://www.baijing.cn/article/11266,http://finance.sina.com.cn/roll/2017-03-10/doc-ifychihc6146219.shtmlÔºõ https://www.oppo.com/ke/about/Ôºõ https://mobile.zol.com.cn/638/6381936.html,,17-May,Oppo ElectronicsKenyaCommunications167.5,,China,BBK Electronics,Guangdong,,Dongguan,Not Specified,Not Specified,Not Specified,,,Communications,Communications equipment,ICT & Electronics,"Sales, Marketing & Support",,16,Yes,7.5,Yes,New,,,,,,554,
2017,Dafabet,,,Kenya,Industry & Trade/Ser,,2017,2016-2018,East Africa,,Irrelevant,,"Medium because we have deal status and completed date. Business Today mentioned on March 17, 2017 that Dafabet International sports betting platform was available in Kenya, indicating the completion of this project.",Completed,Greenfield,,,,,,3/17/2017,,https://businesstoday.co.ke/sports-betting-firm-dafabet-entry-in-kenya-seen-as-a-game-changer/,,,,,https://businesstoday.co.ke/sports-betting-firm-dafabet-entry-in-kenya-seen-as-a-game-changer/,https://businesstoday.co.ke/sports-betting-firm-dafabet-entry-in-kenya-seen-as-a-game-changer/,,,17-Mar,DafabetKenyaSoftware & IT services165.8,,Hong Kong,Asian Logic,Hong Kong,,Hong Kong,Nairobi Area,Not Specified,Nairobi,,,Software & IT services,"Video games, applications and digital content",Creative Industries,"Sales, Marketing & Support",,16,Yes,5.8,Yes,New,,,,,,715,
2017,China FAW Group (First Automotive Works),,,Zimbabwe,Transportation,,,2016-2018,Southern Africa,Transportation,Low,,Not much information on the status of this investment deal,Announced,Greenfield,,,,,5/7/2017,,FAW Group Corporation,https://allafrica.com/stories/201705040791.html,,,,,,https://allafrica.com/stories/201705040791.html,,,17-Apr,China FAW Group (First Automotive Works)ZimbabweAutomotive OEM17521.7,,China,China FAW Group (First Automotive Works),Jilin,,Changchun,Bulawayo,Not Specified,Bulawayo,,,Automotive OEM,Automobiles,Transport Equipment,Manufacturing,,175,No,21.7,Yes,New,,,,,,446,
2017,Lucky Chain Limited Company,,"2,000.00",Ethiopia,Energy,Other,,2016-2018,East Africa,Energy,Low,,"Lucky Chain Limited Company disclosed that it is interested to invest about 2 billion US dollars in renewable energy development in Ethiopia (Waltainfo,2024). Specifics on the type of renewable energy development isn't clear; unable to determine sub-sector. Earliest source publication is Dec 2017, using as date announced (Ethioenergybuz, 2018).  Couldn't find much other relevant information. Confidence level: Low. ",Announced,Greenfield,"2,000",,,,12/1/2017,,Lucky Chain Limited Company,,"https://waltainfo.com/34830/ https://www.africaintelligence.com/eastern-africa-and-the-horn/2018/01/19/a-chinese-firm-sets-its-sights-on-the-electricity-sector,108290277-art",,,https://ethioenergybuz.com/hong-kong-based-lucky-chain-limited-company-to-invest-about-2-bn-usd-in-renewable-energy-in-ethiopia/,,"https://waltainfo.com/34830/ https://www.africaintelligence.com/eastern-africa-and-the-horn/2018/01/19/a-chinese-firm-sets-its-sights-on-the-electricity-sector,108290277-art",,,18-Jan,Lucky Chain Limited CompanyEthiopiaRenewable energy53174.4,,Hong Kong,Lucky Chain Limited Company,Hong Kong,Hong Kong,Hong Kong,Not Specified,Not Specified,Not Specified,,,Renewable energy,Other electric power generation (Renewable Energy),Environmental Technology,Electricity,,53,Yes,174.4,Yes,New,Announced,"""Ethiopia is really a very exciting and dynamic country and we believe that Ethiopia is probably going to be one of the major players in the African market"", said chairman Chang Tat Joel.",,,http://www.investethiopia.gov.et/index.php/information-center/news-and-events/585-company-to-invest-about-2-bn-usd-in-renewable-energy-in-ethiopia.html,669,
2017,Tebian Electric Apparatus (TBEA),,"2,800.00",Guinea,Industry & Trade/Ser,Material Production and Processing,,2016-2018,West Africa,Material Production and Processing,Medium,,"In the link to the announcement/approval of the deal, the Guinea respresentative noted that operation of the Bauxite production was to commence in June 2019, and another report from energycapitalpower reported that TBEA had commennced bauxite mining in 2018 but with no specific dates. hence, since mining and production commenced in 2018, it is assumed that the deal is complete. i will be putting 31st December 2018 as the date of completion of the deal",Commenced,Greenfield,"2,800",,N,,12/29/2017,,TBEA,https://energycapitalpower.com/top-4-alumina-refinery-projects-to-watch-in-guinea-conakry/,https://www.reuters.com/article/markets/currencies/guinea-gives-go-ahead-to-28-billion-chinese-bauxite-aluminum-investments-idUSKBN1EN19O/,https://energycapitalpower.com/top-4-alumina-refinery-projects-to-watch-in-guinea-conakry/,,https://www.reuters.com/article/markets/currencies/guinea-gives-go-ahead-to-28-billion-chinese-bauxite-aluminum-investments-idUSKBN1EN19O/,https://energycapitalpower.com/top-4-alumina-refinery-projects-to-watch-in-guinea-conakry/,https://www.reuters.com/article/markets/currencies/guinea-gives-go-ahead-to-28-billion-chinese-bauxite-aluminum-investments-idUSKBN1EN19O/,,,18-May,Tebian Electric Apparatus (TBEA)GuineaMetals16311160,,China,Tebian Electric Apparatus (TBEA),Xinjiang,Not Specified,Changji,Not Specified,Not Specified,Not Specified,,,Metals,Other metal ore mining,Physical Sciences,Extraction,,1631,Yes,"1,160.00",Yes,New,Announced,,,,https://www.bloomberg.com/news/articles/2018-05-15/guinea-approves-2-9-billion-bauxite-deal-with-china-s-tbea,126,
2017,Zhengzhou Yutong Bus,,,Nigeria,Automotive,Automotive - EV,,2016-2018,West Africa,Automotive,Medium,,"Update: while the company has started launching electric busses/vehicles in Nigeria (in collaboration with OANDO), there is still no information on whether they've started local assembly as announced.    the first announcement was made in march 2017 but with no specific amount of investment expected to be made on the project. however, in 2023, there are reports of Yutong lauching e-busses in Nigeria and collaboration with OANDO Nigeria - no speific investment amount tied to the collaboration also. ",Announced,Greenfield,,,,,3/31/2017,,Yutong,https://m.chinabuses.org/news/10958.html,,,,https://m.chinabuses.org/news/10958.html,,https://m.chinabuses.org/news/10958.html,https://www.oandoplc.com/press_release/oando-partners-worlds-largest-electric-vehicle-manufacturer-yutong-takes-delivery-of-electric-buses-for-lagos-mass-transit/,,18-Jun,Zhengzhou Yutong BusNigeriaAutomotive OEM100773.9,,China,www.yutong.com,Henan,Not Specified,Zhengzhou,Anambra State,Not Specified,Igboukwu,,,Automotive OEM,Heavy duty trucks,Transport Equipment,Manufacturing,,1007,Yes,73.9,Yes,New,Announced,,,,https://www.vanguardngr.com/2018/06/yutong-to-build-assembly-plants-in-nigeria-rolls-out-energy-busses/,315,
2017,Huawei Technologies,,,Egypt,ICT,ICT Infrastructure,2017,2016-2018,North Africa,ICT,Medium,,"Raw data provides very limited data. From research, this most likley is the Cairo OpenLab that was launched during the Cairo ICT 2017 conference based on the company webiste (Huawei, 2017). According to China Daily (2017), the Cairo ICT 2017 exposition concluded on Dec 6, 2017 (basing date of completion from this source).",Completed,Greenfield,,,,,,12/6/2017,Huawei,https://www.huawei.com/en/news/2017/12/Huawei-New-OpenLab-Cairo,,,,,https://europe.chinadaily.com.cn/a/201712/08/WS5a2a2dd2a3101a51ddf8f46f.html https://www.huawei.com/en/news/2017/12/Huawei-New-OpenLab-Cairo,https://www.huawei.com/en/news/2017/12/Huawei-New-OpenLab-Cairo,,,17-Dec,Huawei TechnologiesEgyptCommunications12360.5,,China,Huawei Technologies,Guangdong,,Shenzhen,Al Qahirah,Not Specified,Cairo,,,Communications,Communications equipment,ICT & Electronics,"Design, Development & Testing",,123,Yes,60.5,Yes,New,,"Mr. Ni Zheng, president, Enterprise Business Group, north Africa, stated: ""We established the OpenLab in Cairo so that we can make full use of the advantages of Egypt and serve all of northern Africa. First, the ICT industry market in Cairo is relatively mature and its marketing capabilities influence surrounding countries. Second, Egypt recognises the significance of industrial digital transformation, and the local industry chain ecosystem supports this transition for a number of industry enterprises. In addition, the education industry in Egypt is relatively well developed, with more than half of the top 15 African universities of UK QS Ranking located in Egypt, also contributing to the advancement of the region.""",,,,337,
2017,Jushi Group,,,Egypt,Industry & Trade/Ser,Manufacturing,2017,2016-2018,North Africa,Manufacturing,Medium,,"This is likely the third phase of the Jushi Egypt for Fiberglass Industry S.A.E. (Jushi Egypt) project. Related Deal IDs: 186, 342, 346. The construction of the third phase of the project for a 40,000 ton/year line is said to be completed in June 2017 based on the company website. ",Completed,Greenfield,,,,,,6/1/2017,Jushi Egypt,https://www.jushi.com/en/business/group-479.html#:~:text=Jushi%20Egyp http://www.chinadaily.com.cn/a/201410/03/WS5a2a4750a3101a51ddf901de.html,,,,,https://www.jushi.com/en/business/group-479.html#:~:text=Jushi%20Egyp http://www.chinadaily.com.cn/a/201410/03/WS5a2a4750a3101a51ddf901de.html,https://www.jushi.com/en/business/group-479.html#:~:text=Jushi%20Egyp http://www.chinadaily.com.cn/a/201410/03/WS5a2a4750a3101a51ddf901de.html,,,17-Mar,Jushi GroupEgyptCeramics & Glass16058.6,,China,China National Building Material Group Corporation (CNBM),Beijing Municipality,,Beijing,Suez,Not Specified,Not Specified,,,Ceramics & Glass,Glass & glass products,Industrial,Manufacturing,,160,Yes,58.6,Yes,Expansion,,,,,,345,
2017,Angel Yeast,,,Egypt,Agriculture,"Agricultural markets, commercialization and agri-business",2019,2016-2018,North Africa,Agriculture,Medium,,"Angel Yeast opened a yeast extract factory in Beni Suef, Egypt. The plant took 18 months to construct. Deal Status: Completed and basing date off of publication of source. In 2018, the company received a $52 million loan from European Bank for Reonstruction and Devlopment (EBRD) fo finance the construction of the new plant and a waste water treatment plant (Food Business Africa, 2019; EBRD). According to EBRD, the project was approved on Dec 13 2017; will use as date announced. According to Angel Yeast website, the yeast plant started production in 2012 and the Yeast extract line started production in 2019 (Angel Yeast, 2024). Confidence status: medium given no information on the breakdown of the loan.",Completed,Greenfield,,,,,12/13/2017,10/26/2019,Angel Yeast Egypt,https://www.foodbusinessafrica.com/chinese-manufacturer-angel-yeast-opens-new-yeast-extract-plant-in-egypt/ https://www.ebrd.com/work-with-us/projects/psd/angel-yeast-egypt.html https://en.angelyeast.com/about-us/30-year-history.html,https://www.ebrd.com/work-with-us/projects/psd/angel-yeast-egypt.html,,,https://www.ebrd.com/work-with-us/projects/psd/angel-yeast-egypt.html,https://www.foodbusinessafrica.com/chinese-manufacturer-angel-yeast-opens-new-yeast-extract-plant-in-egypt/ https://en.angelyeast.com/about-us/30-year-history.html,https://www.foodbusinessafrica.com/chinese-manufacturer-angel-yeast-opens-new-yeast-extract-plant-in-egypt/ https://www.ebrd.com/work-with-us/projects/psd/angel-yeast-egypt.html,,,17-Apr,Angel YeastEgyptFood & Tobacco26240,,China,Angel Yeast,Hebei,,Yichang,Beni Suef,Not Specified,Beni Suef,,,Food & Tobacco,Bakeries & tortillas,"Food, Beverages & Tobacco",Manufacturing,,262,Yes,40,No,New,,,,,,386,
2017,Neusoft Medical Systems,,,Tanzania,Health,Health Facilities and Construction,,2016-2018,East Africa,Health,Medium,,"On September 18, 2017, the Government of Tanzania signed a contract with Neusoft Medical Systems from China for the construction of a medical equipment manufacturing factory. No other information found for now.",Announced,Greenfield,,,,,9/18/2017,,Neusoft Medical Systems Company Ltd,https://www.thecitizen.co.tz/tanzania/news/national/govt-enter-pact-with-chinese-firm-to-build-hospital-equipment-factory-2604826,,,,https://www.thecitizen.co.tz/tanzania/news/national/govt-enter-pact-with-chinese-firm-to-build-hospital-equipment-factory-2604826,,https://www.thecitizen.co.tz/tanzania/news/national/govt-enter-pact-with-chinese-firm-to-build-hospital-equipment-factory-2604826,,,17-Sep,Neusoft Medical SystemsTanzaniaMedical Devices12625,,China,Neusoft Group,Liaoning,,Shenyang,Not Specified,Not Specified,Not Specified,,,Medical Devices,Electromedical and Electrotherapeutic Apparatus,Life sciences,Manufacturing,,126,Yes,25,Yes,New,,,,,,426,
2017,Hangzhou Tianlong Steel Cylinder,,,Kenya,Industry & Trade/Ser,Manufacturing,,2016-2018,East Africa,Manufacturing,Medium,,"Medium because has announced date and deal status, but lacks completed date announced/completed amount. Markets Insider website reported in May 2017 that Tianlong Cylinder would build a new production facility at Tatu Industrial Park. Tianlong's web page ""TIANLONG Cylinder Kenya Factory Since 2017"" indicated that the project is completed.",Completed,Greenfield,,,,,5/16/2017,,Tianlong Cylinder (CHINA) Co. ,https://markets.businessinsider.com/news/stocks/tianlong-cylinder-china-co-to-build-production-facility-at-tatu-industrial-park-1002014844; https://www.lpgcylinder.com/221202135952.html,,,,https://markets.businessinsider.com/news/stocks/tianlong-cylinder-china-co-to-build-production-facility-at-tatu-industrial-park-1002014844,,https://markets.businessinsider.com/news/stocks/tianlong-cylinder-china-co-to-build-production-facility-at-tatu-industrial-park-1002014844; https://www.lpgcylinder.com/221202135952.html,,,17-May,Hangzhou Tianlong Steel CylinderKenyaMetals20022.7,,China,Hangzhou Tianlong Steel Cylinder,Zhejiang,,Hangzhou,Nairobi Area,Not Specified,Tatu City,,,Metals,Steel products,Industrial,Manufacturing,,200,No,22.7,Yes,New,,,,,,433,
2017,Diamond Aircraft Industries Inc,,,Nigeria,Industry & Trade/Ser,Manufacturing,,2016-2018,West Africa,Manufacturing,Medium,,"Update: the project is still at announced stage with recent (2023) announcement from the company to partner with local firm in Nigeria to enter the Nigerian market and set up its assembly plant to serve the African market.  There was an announcement of the potential investment but no figure was quoted. Also, no evidence that the investment actaully took place. there was another announcement by the company to partner with a nigerian company in 2023 but no potential amount of investment was quoted.",Announced,Greenfield,,,,,5/2/2017,,Diamond Aircraft Industries,https://thestreetjournal.org/chinese-owned-diamond-aircraft-eyes-nigerias-aviation-industry-to-manufacture-planes/,,,,https://www.graphic.com.gh/business/business-news/firms-in-talks-with-govt-over-plan-to-assemble-aircraft-in-nigeria.html?template=ghananewsp&is_preview=on,,https://www.graphic.com.gh/business/business-news/firms-in-talks-with-govt-over-plan-to-assemble-aircraft-in-nigeria.html?template=ghananewsp&is_preview=on,https://www.diamondaircraft.com/en/about-diamond/newsroom/news/article/diamond-aircraft-group-acquired-by-wanfeng-aviation-industry/,,17-Apr,Diamond Aircraft Industries IncNigeriaAerospace34919.8,,China,Wanfeng Auto Holding Group,Zhejiang,,Not Specified,Not Specified,Not Specified,Not Specified,,,Aerospace,Aircraft,Transport Equipment,Manufacturing,,349,Yes,19.8,Yes,New,,,,,,453,
2017,Chint Group,,,Egypt,Industry & Trade/Ser,Manufacturing,2017,2016-2018,North Africa,Manufacturing,Medium,,Chint Global's Egypt factory (CHINT EGEMAC) was first established in Februrary 2017. There are plans to expand the factory (see leads tab). This is a joint venture with EGEMAC. CHINT accounts for 51% of the registered capital and EGEMAC accounts for 49%.  Didn't find investment amount.,Completed,Greenfield,,,,51,,2/19/2017,HINT Global Egypt,https://www.chintglobal.com/global/en/about-us/news-center/news/chint-egyptian-factory-capital-increases-by-another-4-million.html https://www.chintglobal.com/global/en/about-us/news-center/news/together-with-you-1001-tales-of-chint-egypt.html https://web.archive.org/web/20201029042301/https://chintglobal.com/news/chint-and-jushi-egypt-signed-moi-on-7-5mw-pv-project-15-292/,,,https://chint-egemac.com/about-us-459,,https://www.prnewswire.co.uk/news-releases/chint-opens-first-egyptian-factory-specializing-in-low-voltage-switchgear-manufacturing-614351573.html https://www.chintglobal.com/global/en/about-us/news-center/news/together-with-you-1001-tales-of-chint-egypt.html https://web.archive.org/web/20201029042301/https://chintglobal.com/news/chint-and-jushi-egypt-signed-moi-on-7-5mw-pv-project-15-292/,https://www.chintglobal.com/global/en/about-us/news-center/news/chint-egyptian-factory-capital-increases-by-another-4-million.html https://www.chintglobal.com/global/en/about-us/news-center/news/together-with-you-1001-tales-of-chint-egypt.html https://web.archive.org/web/20201029042301/https://chintglobal.com/news/chint-and-jushi-egypt-signed-moi-on-7-5mw-pv-project-15-292/,,,17-Feb,Chint GroupEgyptElectronic Components15711.8,,China,Chint Group,Shanghai Municipality,,Shanghai,Al Qahirah,Not Specified,Cairo,,,Electronic Components,Electrical equipment,ICT & Electronics,Manufacturing,,157,Yes,11.8,Yes,New,,,,,,490,
2017,Bank of China,,,Angola,Financial Sector,Banking Institutions,,2016-2018,Southern Africa,Financial Sector,Medium,,"This is related to deal ID 497 but not a duplicate. On June 5 2017, the Bank of China received authorization to establish a branch in Luanda, Angola. This branch replaces the Luanda representative office established in 2012 that is related to del ID 597",Announced,Greenfield,,,,,6/5/2017,,Bank of China Luanda Branch,https://www.bankofchina.com/ao/en/aboutus/ab1/201807/t20180725_13057850.html,,,,https://www.bankofchina.com/ao/en/aboutus/ab1/201807/t20180725_13057850.html,,https://www.bankofchina.com/ao/en/aboutus/ab1/201807/t20180725_13057850.html,,,17-Apr,Bank of ChinaAngolaFinancial Services911,,China,Bank of China,Beijing Municipality,,Beijing,Not Specified,Not Specified,Not Specified,,,Financial Services,Retail banking,Financial Services,Business Services,,9,Yes,11,Yes,New,,,,,,497,
2017,Sinotruk (China National Heavy Duty Truck Group) (CNHTC),,,Ethiopia,Automotive,Automotive,2017,2016-2018,East Africa,Automotive,Medium,,"[VBA & TX] This is a joint venture between China National Heavy Duty Truck Group (SinoTruck) and Ethiopia's N.A. Metal Industry & Engineering Co. ""Ethiopia's leading automaker invested about $9 million in the plant, while partner Sinotruk will provide its African partner with equipment and regular technological training."" The opening ceremony was on Nov 25, 2017 (China Trucks, 2017; China Daily, 2017). According to China Trucks (2017), total investment in the KD assembly line is 250 million Birr (about 60 million RMB)"" (CHINA TRUCKS, 2017). CN investment amount isn't certain. Unable to find when project was first announced",Completed,Greenfield,,,,,,11/25/2017,China National Heavy Duty Truck Group,https://www.chinatrucks.com/news/2017/1201/article_7589.html https://www.chinadaily.com.cn/world/////////2017-11/27/content_35044801.htm,,,,,https://www.chinatrucks.com/news/2017/1201/article_7589.html https://www.chinadaily.com.cn/world/////////2017-11/27/content_35044801.htm,https://www.chinatrucks.com/news/2017/1201/article_7589.html https://www.chinadaily.com.cn/world/////////2017-11/27/content_35044801.htm,,,17-Dec,Sinotruk (China National Heavy Duty Truck Group) (CNHTC)EthiopiaAutomotive OEM739.08,,China,Sinotruk (China National Heavy Duty Truck Group) (CNHTC),Shandong,,Jinan,Not Specified,Not Specified,Not Specified,,,Automotive OEM,Heavy duty trucks,Transport Equipment,Manufacturing,,73,Yes,9.1,No,Expansion,,,,,,544,
2017,Huawei Technologies,,,Algeria,ICT,ICT Infrastructure,,2016-2018,North Africa,ICT,Medium,,"On October 3 2017, Huawei and ZTE to develop high speed internet service in Algeria by building cables and developing infrastructure across the country. Not much other information is known on this project",Announced,Greenfield,,,,,10/3/2017,,Huawei,http://www.xinhuanet.com//english/2017-10/04/c_136657987.htm,,,,http://www.xinhuanet.com//english/2017-10/04/c_136657987.htm,,http://www.xinhuanet.com//english/2017-10/04/c_136657987.htm,,,17-Feb,Huawei TechnologiesAlgeriaCommunications167.5,,China,Huawei Technologies,Guangdong,,Shenzhen,Algiers,Not Specified,Algiers,,,Communications,Communications equipment,ICT & Electronics,"Sales, Marketing & Support",,16,Yes,7.5,Yes,New,,,,,,555,
2017,Huawei Technologies,,,Kenya,ICT,ICT Services,2017,2016-2018,East Africa,ICT,Medium,,"Medium because lacks the completed amount. On December 5 2017, Business Today reported the launch of a purpose built regional training centre by Huawei in Nairobi. According to the article, this centre will provide a global standard training environment for regional trainees on new generation computing, telecommunication and related technologies.",Completed,Greenfield,,,,,,12/5/2017,Huawei,https://businesstoday.co.ke/huawei-opens-training-centre-nairobi/,,,,,https://businesstoday.co.ke/huawei-opens-training-centre-nairobi/,https://businesstoday.co.ke/huawei-opens-training-centre-nairobi/,,,17-Dec,Huawei TechnologiesKenyaCommunications947,,China,Huawei Technologies,Guangdong,,Shenzhen,Nairobi Area,Not Specified,Nairobi,,,Communications,Communications equipment,ICT & Electronics,Education & Training,,94,Yes,7,Yes,Co-Locati,,,,,,573,
2017,TAL Global Alliances,,,Ethiopia,Industry & Trade/Ser,Textiles,2017,2016-2018,East Africa,Textiles,Medium,,"Update: No announcement date found. 

TAL Apparel opened a factory in Ethiopia in 2017. Based on the company website further indicates completion. The company plans to invest over $18 million within the next 5 years and currenlty occupies 6 sheds. Can't find amount and actual dates",Completed,Greenfield,,,,,,1/1/2017,TAL Apparel,https://www.belex.com/en/news/made-in-ethiopia-the-birth-of-a-textile-industry/#:~:text=Made%20in%20Ethiopia:%20the%20birth%20of%20a%20textile%20industry.%20If https://www.mtp.talapparel.com/business-overview https://www.talapparel.com/ethiopia-factory-page/#:~:text=You%20are%20contributing%20to%20something%20bigger.%20Join%20us%20in%20our,,,,,https://www.mtp.talapparel.com/business-overview,"https://investethiopia.gov.et/wp-content/uploads/2022/11/HIP-Production-Company-Profile-07092017.pdf#:~:text=For%20almost%2070%20years,%20TAL%20Apparel%20has%20been%20the%20pioneer https://www.talapparel.com/ethiopia-factory-page/#:~:text=You%20are%20contributing%20to%20something%20bigger.%20Join%20us%20in%20our https://www.mtp.talapparel.com/business-overview","https://investethiopia.gov.et/wp-content/uploads/2022/11/HIP-Production-Company-Profile-07092017.pdf#:~:text=For%20almost%2070%20years,%20TAL%20Apparel%20has%20been%20the%20pioneer",,16-Oct,TAL Global AlliancesEthiopiaTextiles20010,,Hong Kong,TAL Global Alliances,Hong Kong,,Hong Kong,"Southern Nations, Nationalities, and Peoples Region",Not Specified,Awasa,,,Textiles,Clothing & clothing accessories,"Wood, Apparel & Related Products",Manufacturing,,200,No,10,No,New,,"Chief executive officer, Roger Lee, stated ""The rising cost of doing business domestically means Ethiopia offers a lower-cost alternative, along with duty-free trade status with the all-important US market.""",,,,704,
2016,China Petroleum Pipeline Bureau (CPP),,"4,200.00",South Africa,Energy,Oil and Gas,,2016-2018,Southern Africa,Energy,Duplicate,110,"The announcement was made in 2016 that by 2020/2021, a 2,600km pipeline from Mozambique‚Äôs Rovuma Basin to Gauteng, SA was going to be operational and construction finished. However, as of October 2024, there seems to be no news on this actually being implemented. U.S. Energy Information Administration said in 2022 that the project is scheduled to be completed by 2026. The project is estimated to cost $6 billion, and CPP will secure 70% of the project's budget.",Announced,Greenfield,4200,,Yes,70,3/1/2016,,,https://www.engineeringnews.co.za/article/local-company-signs-agreement-to-construct-moz-to-gauteng-gas-pipeline-2016-04-01,https://clubofmozambique.com/news/why-would-us6-billion-chinese-funded-rovuma-gauteng-gas-pipeline-deal-be-controversial/,,https://clubofmozambique.com/news/why-would-us6-billion-chinese-funded-rovuma-gauteng-gas-pipeline-deal-be-controversial/,https://allafrica.com/stories/201603100943.html  https://www.eia.gov/international/content/analysis/countries_long/South_Africa/ ,,,https://www.eia.gov/international/content/analysis/countries_long/South_Africa/,https://www.petroleumafrica.com/rovumagauteng-pipeline-talks-set-for-november/,16-Mar,China Petroleum Pipeline Bureau (CPP)South AfricaTransportation30002000,,China,China National Petroleum (CNPC),Beijing Municipality,,Beijing,Gauteng,Not Specified,Not Specified,,,Transportation,Pipeline transportation of natural gas,Energy,"Logistics, Distribution & Transportation",,3000,Yes,"2,000.00",Yes,New,,,,,,114,
2016,China Fortune Land Development (CFLD),,"20,000.00",Egypt,Public Admin,Central Government (Central Agencies),,2016-2018,North Africa,Public Admin,High,,"China Fortune Land Development (CFLD) signed a MOU in October 3, 2016 where it sought to invest $20bn in the scheme to develop and manage 57 square kilometers of Egypt‚Äôs new administrative capital, located east of Cairo following an earlier $15 billion deal with China State Construction Engineering Corporation (CSCEC) to build government offices and Africa's largest conference center during the city's first construction phase (Global Construction Review, 2016).  This project is expected to be developed in three phases (The National News, 2018). Talks with CFLD fell through over how to share out revenue from the real estate element of the project. Egypt wanted 40% but CFLD offered only 33% (Global Construction Review, 2018). Deal Status: Cancelled. ",Cancelled,Greenfield,20000,,,,10/3/2016,,China Fortune Land Development (CFLD),https://www.globalconstructionreview.com/talks-fail-chinese-developer-over-egypts-new-capit/ https://web.archive.org/web/20210920064334/https://www.thenationalnews.com/business/economy/egypt-s-20bn-new-capital-city-plan-enters-a-critical-juncture-1.715128 https://www.globalconstructionreview.com/chinese-developer-sig7ns-20bn-develo7pment-d7eal/,https://www.globalconstructionreview.com/talks-fail-chinese-developer-over-egypts-new-capit/ https://web.archive.org/web/20210920064334/https://www.thenationalnews.com/business/economy/egypt-s-20bn-new-capital-city-plan-enters-a-critical-juncture-1.715128 https://www.globalconstructionreview.com/chinese-developer-sig7ns-20bn-develo7pment-d7eal/,,,https://www.globalconstructionreview.com/chinese-developer-sig7ns-20bn-develo7pment-d7eal/,,https://www.globalconstructionreview.com/chinese-developer-sig7ns-20bn-develo7pment-d7eal/ https://www.globalconstructionreview.com/talks-fail-chinese-developer-over-egypts-new-capit/,,,16-Oct,China Fortune Land Development (CFLD)EgyptReal Estate300020000,,China,China Fortune Land Development (CFLD),Beijing Municipality,,Beijing,Al Qahirah,Not Specified,Not Specified,,,Real Estate,Other (Real Estate),Construction,Construction,,3000,Yes,"20,000.00",No,New,,,,,,109,
2016,China State Construction Engineering Corporation (CSCEC),,"3,300.00",Algeria,Transportation,Ports/Waterways,,2016-2018,North Africa,Transportation,High,,"On January 18, 2016, it was announced that CHEC, CSCEC, and Algeria's Transport Ministry signed a $3.3 billion agreement to develop a new port in Cherchell. Construction was initially expected to be complete by the end of 2023, but evidence in 2019 suggests the project has been suspended ever since the contractors stalled construction in February 2019 in the wake of protests. It is unclear whether development has resumed.",Suspended,Greenfield,3300,,,,1/18/2016,,China State Construction Engineering Company (CSCEC),https://www.trade.gov/market-intelligence/algerias-el-hamdania-port,https://www.thestandard.com.hk/breaking-news/section/2/70362/China-Harbour-and-China-State-Engineering-sign-US$3.3b-Algeria-port-deal,,,https://www.thestandard.com.hk/breaking-news/section/2/70362/China-Harbour-and-China-State-Engineering-sign-US$3.3b-Algeria-port-deal,,https://www.thestandard.com.hk/breaking-news/section/2/70362/China-Harbour-and-China-State-Engineering-sign-US$3.3b-Algeria-port-deal,https://www.africanews.com/2016/01/20/algeria-and-china-sign-33-billion-port-deal/,,16-Jan,China State Construction Engineering Corporation (CSCEC)AlgeriaWarehousing & Storage30003300,,China,China State Construction Engineering Corporation (CSCEC),Beijing Municipality,,Beijing,Tipaza,Not Specified,Not Specified,,,Warehousing & Storage,Warehousing & storage,"Transportation, Warehousing & Storage","Logistics, Distribution & Transportation",,3000,Yes,"3,300.00",No,New,,,,,,112,
2016,BAIC International,,800,South Africa,Automotive,Automotive,2018,2016-2018,Southern Africa,Automotive,High,,"August 2016, Beijing Automobile International Corporation (BAIC) signed a deal to build a $800-million car manufacturing plant in SA.",Completed,Greenfield,800,,,,8/22/2016,7/1/2018,BAIC,https://www.carmag.co.za/news/industry-news/local-baic-plant-tour-raises-questions-over-300-cars-produced-in-6-years/,https://www.automotivelogistics.media/chinas-baic-to-invest-800m-in-south-african-plant/16294.article,,,https://www.automotivelogistics.media/chinas-baic-to-invest-800m-in-south-african-plant/16294.article ,https://www.carmag.co.za/news/industry-news/local-baic-plant-tour-raises-questions-over-300-cars-produced-in-6-years/,,"https://www.carmag.co.za/news/industry-news/local-baic-plant-tour-raises-questions-over-300-cars-produced-in-6-years/ ; https://thepeoplesmap.net/project/baic-sa-vehicle-assembly-plant/#:~:text=The%20plant%20is%20designed%20to,are%20imported%20and%20then%20completed.",,14-Jun,BAIC InternationalSouth AfricaAutomotive OEM2500794.83,,China,Beijing Automotive Industry Holding,Beijing Municipality,,Beijing,Eastern Cape,Not Specified,Port Elizabeth,,,Automotive OEM,Automobiles,Transport Equipment,Manufacturing,,2500,No,794.8,No,New,,,,,,134,
2016,Shandong Iron & Steel Group (Shandong Steel),,700,Sierra Leone,Industry & Trade/Ser,Material Production and Processing,,2016-2018,West Africa,Material Production and Processing,High,,"DM: This project has been taken over by another chinese company (kinho mines) as the investor here had their license removed (for not paying royalties).  Sierra Leon, not senegal. 
There are human right conflicts associated with the mining project and it appears the senegalese government has suspended the company's mining licence",Suspended,Greenfield,700,,,100,12/12/2016,,Shandong Iron & Steel Group,https://www.scmp.com/news/china/diplomacy/article/3217976/china-looks-west-africa-iron-ore-supplies https://www.steelonthenet.com/kb/history-shandong.html,http://www.china-invests.net/invest/20161213/42747.aspx,,https://www.worldbenchmarkingalliance.org/publication/nature/companies/shandong-iron-steel-group/,https://www.mining.com/web/sierra-leone-chinese-steel-firm-to-invest-in-700m-iron-ore-processing-plant/,,http://www.china-invests.net/invest/20161213/42747.aspx,"https://www.spglobal.com/market-intelligence/en/news-insights#q=&rows=20&pagenum=1&sort=es_unified_dt%20desc&facets={%22es_content_type_s%22:[%22Articles%22,%22News%22,%22Blog%22,%22Podcast%22,%22Market%20Intelligence%20Research%22,%22Credit%20Risk%22,%22Quantamental%20Research%22]}",Tonkolili mine,16-Nov,Shandong Iron & Steel Group (Shandong Steel)Sierra LeoneMetals3000700,,China,Shandong Iron & Steel Group (Shandong Steel),Shandong,,Jinan,Not Specified,Not Specified,Not Specified,,,Metals,Steel products,Industrial,Manufacturing,,3000,Yes,700,No,New,,,,,,136,
2016,Jiangsu Sunshine Group,,350,Ethiopia,Industry & Trade/Ser,Textiles,2016,2016-2018,East Africa,Textiles,High,,"Sunshine Ethiopia Wool Textile PLC among other Chinese companies have rented some of the 19 factory sheds at the Adama Industry park, already producing various apparel; deal Status is ""Completed"" (IPDC, 2021--see investor detail pdf download link). The company registered investment capital of 350 million US dollar in 2016 and on Tuesday (Sept 10, 2019) disclosed its plan to further increase its investment capital in Ethiopia to 980 million US dollar as part of its two investment phases (Ethiopian Press Agency, 2019, Xinhua, 2019). May need to include an additional line for the second phase of investment. According to DM, if only the year of completion is provided, include in database as 01/01/XXXX therefore, year of completion is 01/01/2016",Completed,Greenfield,,350,,,,1/1/2016,Sunshine Ethiopia Wool Textile PLC,https://press.et/herald/?p=11508 https://ipdc.gov.et/media/adama_ip_data.pdf,,https://press.et/herald/?p=11508,,,https://press.et/herald/?p=11508 https://web.archive.org/web/20240621232608/https://sunshinegroup.com.et/about-us/,http://www.xinhuanet.com/english/2019-08/10/c_138299210.htm https://ipdc.gov.et/media/adama_ip_data.pdf,,,16-Apr,Jiangsu Sunshine GroupEthiopiaTextiles3000350,,China,Jiangsu Sunshine Group,Jiangsu,,Jiangyin,Oromia,Not Specified,Adama,,,Textiles,Textiles & Textile Mills,"Wood, Apparel & Related Products",Manufacturing,,3000,Yes,350,No,New,,,,,,164,
2016,China Unicom,,46.5,Cameroon,ICT,ICT Infrastructure,2018,2016-2018,Central Africa,ICT,High,,"In 2016, the Export-Import Bank of China signed a loan agreement with the South Atlantic International Submarine Cable Organization, a joint venture between China Unicom and CAMTEL. Subsequently, Huawei contracted to build the cable in 2017 and completed the construction in 2018.",Completed,Greenfield,46.5,,,,6/1/2016,11/15/2018,China Unicom ,https://china.aiddata.org/projects/58439/,,,,https://www.huawei.com/cn/news/2017/6/South-Atlantic-Inter-Link-Cable-System,https://www.huawei.com/cn/news/2018/9/South-Atlantic-Inter-Link,https://china.aiddata.org/projects/58439/,,,15-Oct,China UnicomCameroonCommunications89150,,China,China Unicom,Beijing Municipality,,Beijing,South Province,Not Specified,Kribi,,,Communications,Wired telecommunication carriers,ICT & Electronics,ICT & Internet Infrastructure,,89,Yes,150,Yes,New,,,,,,216,
2016,Anhui Jianghuai Automobile (JAC),,128,Algeria,Industry & Trade/Ser,Manufacturing,,2016-2018,North Africa,Manufacturing,High,,"On January 7, 2016, a signing ceremony between JAC and Algeria's Ministry of Industry and Mining took place, for JAC to build a $128 million truck assembly plant in Algeria. Not much other information is known for this project.",Announced,Greenfield,128,,,,1/7/2016,,JAC Algeria,https://www.automotiveworld.com/news-releases/jac-algeria-light-duty-truck-kd-plant-signed-formal-contract/,https://www.automotiveworld.com/news-releases/jac-algeria-light-duty-truck-kd-plant-signed-formal-contract/,,,https://www.automotiveworld.com/news-releases/jac-algeria-light-duty-truck-kd-plant-signed-formal-contract/,,https://www.just-auto.com/news/chinas-jac-to-invest-in-algerian-truck-plant/,,,16-Feb,Anhui Jianghuai Automobile (JAC)AlgeriaAutomotive OEM1031128,,China,Anhui Jianghuai Automobile (JAC),Anhui,,Hefei,Ain Temouchent,Not Specified,Not Specified,,,Automotive OEM,Light trucks & utility vehicles,Transport Equipment,Manufacturing,,1031,Yes,128,No,New,,,,,,230,
2016,Yangtse Dongfeng Motor (Wuhan),,101,Morocco,Automotive,Automotive - EV,,2016-2018,North Africa,Automotive,High,,"This project was completed (but we don't know when, best guess would be a year later (2017) as the motion digest article suggests). Dongfeng.cjyun website talks about a delegation visiting the Dongfeng Motor's KD factory in Morocco and their wechat account also confirms this is the same factory as the original announcement source discusses (motiondigest) because they both talk about 1. small trucks 2. collaborating with foreign multinationals",Completed,Greenfield,101,,,,8/3/2016,,Dongfeng Yangtse,https://mp.weixin.qq.com/s/pLDIcUXpIuHcGcWAwxvfGw https://m-dongfeng.cjyun.org/p/22010.html ,,https://motiondigest.com/2016/08/03/dongfeng-yangtse-to-build-ev-bus-factory-in-morocco/,,https://motiondigest.com/2016/08/03/dongfeng-yangtse-to-build-ev-bus-factory-in-morocco/,,,,,16-Jul,Yangtse Dongfeng Motor (Wuhan)MoroccoAutomotive OEM2000102.09,,China,Yangtse Dongfeng Motor (Wuhan),Hubei,,Wuhan,Tangier-Tetouan,Not Specified,Tangier,,,Automotive OEM,Heavy duty trucks,Transport Equipment,Manufacturing,,2000,No,102.1,No,New,,,,,,245,
2016,China Wu Yi,,100,Kenya,Industry & Trade/Ser,Material Production and Processing,,2016-2018,East Africa,Material Production and Processing,High,,"High, as it includes deal status, an announced date, and an announced date. People.cn reported in 22 August 2016 that the groundbreaking ceremony was held in Nairobi on August 20, 2016. There were differences between the announced amounts in People.cn (reported in USD) and ConstructionKenya (reported in Sh), likely due to the currency difference. Entered the amount reported by People.cn due to its credibility and its use of USD.",Commenced,Greenfield,100,,,,8/22/2016,,China Wu Yi,https://www.constructionkenya.com/3534/china-wu-yi-precast-factory-kenya/; http://ccnews.people.com.cn/n1/2016/0822/c141677-28653759.html,http://ccnews.people.com.cn/n1/2016/0822/c141677-28653759.html,,,http://ccnews.people.com.cn/n1/2016/0822/c141677-28653759.html,,,,,16-Aug,China Wu YiKenyaBuilding & Construction Materials18898.65,,China,Fujian Construction Engineering Group,Fujian,,Fuzhou,Eastern,Not Specified,Athi River,,,Building & Construction Materials,Cement & concrete products,Construction,Manufacturing,,188,Yes,98.7,No,New,,,,,,256,
2016,Megan Group,,10,Egypt,Industry & Trade/Ser,Manufacturing,,2016-2018,North Africa,Manufacturing,High,,"Egypt's SICO Technoloy and China's Megan Group have signed an agreement establishing an electornics facotry in te Borch El Arab Tech Park on Wednesday (May 18, 2016). The factory will produce smartphones among other products. Construction will begin in January 2017 and will be completed in a year and being fully manufacturing by 2018 (Enterprise, May 2016 & June 2016). Daily News Egypt says investments is about $20 million of which there is an equal stake of 50% each between companies.",Announced,Greenfield,10,,Y,50,5/18/2016,,Megan Group,https://www.dailynewsegypt.com/2016/05/24/egypt-sico-china-megan-group-to-locally-manufacture-tablets-and-mobile-phones-with-20m-investments/ https://enterprise.press/stories/2016/05/19/sico-and-chinas-megan-sign-agreement-to-develop-electronics-factory-in-borg-el-arab/,https://www.dailynewsegypt.com/2016/05/24/egypt-sico-china-megan-group-to-locally-manufacture-tablets-and-mobile-phones-with-20m-investments/ https://enterprise.press/stories/2016/05/19/sico-and-chinas-megan-sign-agreement-to-develop-electronics-factory-in-borg-el-arab/,,https://www.dailynewsegypt.com/2016/05/24/egypt-sico-china-megan-group-to-locally-manufacture-tablets-and-mobile-phones-with-20m-investments/,https://enterprise.press/stories/2016/05/19/sico-and-chinas-megan-sign-agreement-to-develop-electronics-factory-in-borg-el-arab/,,https://www.dailynewsegypt.com/2016/05/24/egypt-sico-china-megan-group-to-locally-manufacture-tablets-and-mobile-phones-with-20m-investments/ https://enterprise.press/stories/2016/05/19/sico-and-chinas-megan-sign-agreement-to-develop-electronics-factory-in-borg-el-arab/,https://enterprise.press/stories/2016/06/22/chinas-megan-group-will-build-egp-100-mn-electronics-factory/,,16-May,Megan GroupEgyptConsumer Electronics64127.2,,China,Megan Group,Not Specified,,Not Specified,Al Iskandariyah,Not Specified,Borg El Arab,,,Consumer Electronics,Other (Consumer Electronics),Consumer Goods,Manufacturing,,641,Yes,27.2,Yes,New,,,,,,423,
2016,New Hope Group (NHG),,15.8,Egypt,Agriculture,Livestock,2016,2016-2018,North Africa,Agriculture,High,,"New Hope Group established a new animal feed producing factory, investing $15.8 million. This branch started in August 2016 (using as date of completion) and reached ideal production rates in October 2017 (Turbine, 2018). Additional information about this facility is in the additional sources column. Confidence level: High",Completed,Greenfield,,15.8,,,,8/1/2016,New Hope,https://tribune.com.pk/story/1663137/3-chinas-agribusiness-giant-new-hope-expands-egypt-amid-growing-sino-egyptian-ties https://africa.chinadaily.com.cn/a/201803/19/WS5aaf4e08a3106e7dcc1427d2.html,,https://tribune.com.pk/story/1663137/3-chinas-agribusiness-giant-new-hope-expands-egypt-amid-growing-sino-egyptian-ties https://africa.chinadaily.com.cn/a/201803/19/WS5aaf4e08a3106e7dcc1427d2.html,,,https://tribune.com.pk/story/1663137/3-chinas-agribusiness-giant-new-hope-expands-egypt-amid-growing-sino-egyptian-ties https://africa.chinadaily.com.cn/a/201803/19/WS5aaf4e08a3106e7dcc1427d2.html,https://tribune.com.pk/story/1663137/3-chinas-agribusiness-giant-new-hope-expands-egypt-amid-growing-sino-egyptian-ties https://africa.chinadaily.com.cn/a/201803/19/WS5aaf4e08a3106e7dcc1427d2.html,"https://english.news.cn/20220528/563f695fb4c34ec9b5e3731cae0ba5bc/c.html#:~:text=Hassan,%20who%20works%20for%20a%20local%20poultry%20farm%20to%20deliver",,18-Mar,New Hope Group (NHG)EgyptFood & Beverages8915.8,,China,New Hope Group (NHG),Sichuan,Not Specified,Chengdu,Beheira,Not Specified,Hosh Essa,,,Food & Beverages,Animal food,Agribusiness,Manufacturing,,89,Yes,15.8,No,New,Opened,,,,https://tribune.com.pk/story/1663137/3-chinas-agribusiness-giant-new-hope-expands-egypt-amid-growing-sino-egyptian-ties/,467,
2016,Nanjing Xiezhong Auto-Airconditioner (Group),,15,Morocco,Automotive,Automotive,2019,2016-2018,North Africa,Automotive,High,,"The Africareport.com article suggests the factory was completed: ""Over the past two years, other operators such as Aetocar, Regal, Nanjing Xiezhong and the Sino-American Nexteer have opened factories there."" Completion date is teased out from company report (hkexnews.hk): ""which was due to the commencement of full-scale production of the Morocco Plant since November 2019.""",Completed,Greenfield,15,,,,7/17/2016,11/1/2019,Nanjing Xiezhong,https://www.theafricareport.com/17953/morocco-sees-big-investment-drive-from-auto-part-manufacturers/ https://www.hkexnews.hk/listedco/listconews/sehk/2021/0422/2021042200063.pdf ,https://inventariandochina.wordpress.com/2016/07/17/chinese-group-nanjing-xiezhong-auto-airconditione-to-set-up-plant-in-morocco/,,,https://inventariandochina.wordpress.com/2016/07/17/chinese-group-nanjing-xiezhong-auto-airconditione-to-set-up-plant-in-morocco/,https://www.hkexnews.hk/listedco/listconews/sehk/2021/0422/2021042200063.pdf,,,,16-Jul,Nanjing Xiezhong Auto-Airconditioner (Group)MoroccoAutomotive Components12015,,China,Beijing Automotive Industry Holding,Beijing Municipality,,Beijing,Rabat-Sale-Kenitra,Not Specified,Kenitra,,,Automotive Components,Other motor vehicle parts,Transport Equipment,Manufacturing,,120,No,15,No,New,,,,,,474,
2016,Huawei Technologies,,6,Nigeria,ICT,Workforce Development/Skills,2016,2016-2018,West Africa,ICT,High,,Investment inaugurated,Completed,Greenfield,,6,N,,,10/8/2016,Huawei,https://www.huawei.com/en/news/2016/10/huawei-innovation-experience-center-nigeria,,https://technologytimes.ng/huawei-opens-6million-innovation-center-in-lagos/,,,https://www.huawei.com/en/news/2016/10/huawei-innovation-experience-center-nigeria,https://www.proquest.com/docview/1827486997?parentSessionId=WOaZauUolIJzDWS%2FQfYDqxddCFPl4sarOUrI6Kf8TSY%3D&sourcetype=Wire%20Feeds,,,16-Oct,Huawei TechnologiesNigeriaCommunications236,,China,Huawei Technologies,Guangdong,,Shenzhen,Lagos State,Not Specified,Lagos,,,Communications,Communications equipment,ICT & Electronics,"Sales, Marketing & Support",,23,Yes,6,No,New,,,,,,592,
2016,TCL Multimedia Technology Holdings,,0.72,Egypt,Industry & Trade/Ser,Manufacturing,,2016-2018,North Africa,Manufacturing,High,,"TCL Multimedia Technology Holdings Ltd announced on Thursday (May 19, 2016) its plan of setting up a joint LCD TV factory in Egypt after signing an MOU in Shenzhen, China with ELARABY Group (‚ÄúELARABY‚Äù). The first phase has an investment of $2.4 million and is expected to go into operation in 2017 (China Daily, 2016; PR Newswire, 2016). According to China Daily Africa (2016), Elaraby will pay 70 percent of the project cost (CN stake is 30% of 2.4 million =  $720,000).",Announced,Greenfield,0.72,,Y,30,5/19/2016,,TCL Multimedia Technology Holdings Ltd,https://usa.chinadaily.com.cn/business/2016-05/19/content_25372014.htm https://www.prnewswire.com/news-releases/tcl-forms-strategic-cooperation-with-elaraby-to-set-production-base-in-egypt-with-sales-expanding-to-middle-east-and-africa-300272285.html,https://usa.chinadaily.com.cn/business/2016-05/19/content_25372014.htm https://africa.chinadaily.com.cn/weekly/2016-05/27/content_25488810.htm https://www.prnewswire.com/news-releases/tcl-forms-strategic-cooperation-with-elaraby-to-set-production-base-in-egypt-with-sales-expanding-to-middle-east-and-africa-300272285.html,,https://africa.chinadaily.com.cn/weekly/2016-05/27/content_25488810.htm,https://usa.chinadaily.com.cn/business/2016-05/19/content_25372014.htm https://www.prnewswire.com/news-releases/tcl-forms-strategic-cooperation-with-elaraby-to-set-production-base-in-egypt-with-sales-expanding-to-middle-east-and-africa-300272285.html,,https://usa.chinadaily.com.cn/business/2016-05/19/content_25372014.htm https://www.prnewswire.com/news-releases/tcl-forms-strategic-cooperation-with-elaraby-to-set-production-base-in-egypt-with-sales-expanding-to-middle-east-and-africa-300272285.html,,,16-May,TCL Multimedia Technology HoldingsEgyptConsumer Electronics332.4,,China,TCL,Guangdong,,Huizhou,Not Specified,Not Specified,Not Specified,,,Consumer Electronics,Audio & video equipment,Consumer Goods,Manufacturing,,33,Yes,2.4,No,New,,,,,,636,
2016,Yorkool International,,2.3,Uganda,Industry & Trade/Ser,Manufacturing,2016,2016-2018,East Africa,Manufacturing,High,,"Didn't find announced date.

High because has deal status, completed amount and completed date. On April 12, 2016, ExpoGroup reported that Trade Minister Amelia Kyambadde commissioned a $2.3 million USD (UGX 7.82 billion) mosquito net factory, operated by M/s Sino Africa Medical Devices Company Limited in partnership with Tianjin Yorkool International Co. Ltd., to produce polyester insecticide-treated nets for local consumers.",Completed,Greenfield,,2.3,,,,4/12/2016,Tianjin Yorkool International Co Limited,"https://www.expogr.com/tanzania/general/detail_news.php?newsid=2908&pageid=2#:~:text=82b)%20mosquito%20net%20factory%20with%20an%20annual,International%20Co%20Limited%20manufactures%20polyester%20insecticidal%20treated",,"https://www.expogr.com/tanzania/general/detail_news.php?newsid=2908&pageid=2#:~:text=82b)%20mosquito%20net%20factory%20with%20an%20annual,International%20Co%20Limited%20manufactures%20polyester%20insecticidal%20treated",,,"https://www.expogr.com/tanzania/general/detail_news.php?newsid=2908&pageid=2#:~:text=82b)%20mosquito%20net%20factory%20with%20an%20annual,International%20Co%20Limited%20manufactures%20polyester%20insecticidal%20treated","https://www.expogr.com/tanzania/general/detail_news.php?newsid=2908&pageid=2#:~:text=82b)%20mosquito%20net%20factory%20with%20an%20annual,International%20Co%20Limited%20manufactures%20polyester%20insecticidal%20treated",,,16-Apr,Yorkool InternationalUgandaConsumer Products1152.3,,China,Yorkool International,Tianjin Municipality,,Tianjin,Central,Not Specified,Kampala,,,Consumer Products,"Cosmetics, perfume, personal care & household products",Consumer Goods,Manufacturing,,115,No,2.3,No,New,,,,,,637,
2016,Huawei Technologies,,5,South Africa,ICT,ICT Services,2016,2016-2018,Southern Africa,ICT,High,,"Cannot find announced date. Huawei launced in July 2016 a $5-million Innovation and Experience Centre in Johannesburg ""with a view to extending ICT training and skills development opportunities to graduates"" of South Africa's Department of Telecommunications and Postal Services (DTPS) (ItWeb.africa).",Completed,Greenfield,,5,,,,7/20/2016,Huawei,https://itweb.africa/content/lLn147mjQpYMJ6Aa,,http://en.people.cn/n3/2016/0720/c98649-9088910.html https://itweb.africa/content/lLn147mjQpYMJ6Aa,,,https://itweb.africa/content/lLn147mjQpYMJ6Aa,,,,16-Jul,Huawei TechnologiesSouth AfricaCommunications400.5,,China,Huawei Technologies,Guangdong,,Shenzhen,Gauteng,Not Specified,Johannesburg,,,Communications,Communications equipment,ICT & Electronics,"Design, Development & Testing",,40,No,0.5,No,New,,,,,,654,
2016,Transsion Holdings (Tecno Telecom),,0.81,Egypt,Industry & Trade/Ser,Manufacturing,2023,2016-2018,North Africa,Manufacturing,High,,"China‚Äôs Transsion Holdings plans to establish a factory in Egypt's technology park some time in Aug 2016 to produce smartphones, modern lightning, and home appliances (Amwal Al Ghad, 2016). Silicon Valley for Electronic Industries (SVEi) was inaugurated on October 3 2023. The factory is a joint effort between the Suez Canal Economy Zone (SCZONE) and the China-Egypt TEDA Cooperation Zone, which was founded in 2008 by China's Tianjin TEDA Investment Holding Co (Egypt State Information Services, 2023). With a total investment of 25 million Egyptian Pounds (conversion= 805 528.59 USD), the factory serves as the exclusive manufacturer for all accessories of Transsion Holding (SCZONE, 2023). At the opening ceremony there was also the launching of the Infinix brand production line (Nanyang Technological University, 2023; SIS, 2023). Confidence level: High",Completed,Greenfield,,0.805,,,8/1/2016,10/3/2023,Transsion Holdings,https://www.sis.gov.eg/Story/187114/Egypt-launches-first-factory-for-wearable-mobile-accessories-in-Africa%2c-Middle-East?lang=en-us https://sczone.eg/sczone-celebrates-the-opening-of-the-first-factory-for-wearable-mobile-accessories-in-africa-within-sokhna-industrial-zone/,,https://sczone.eg/sczone-celebrates-the-opening-of-the-first-factory-for-wearable-mobile-accessories-in-africa-within-sokhna-industrial-zone/,,https://en.amwalalghad.com/china-transsions-egypt-planned-electronics-plant-to-produce-17-million-devices-in-4-years/,https://www.sis.gov.eg/Story/187114/Egypt-launches-first-factory-for-wearable-mobile-accessories-in-Africa%2c-Middle-East?lang=en-us https://sczone.eg/sczone-celebrates-the-opening-of-the-first-factory-for-wearable-mobile-accessories-in-africa-within-sokhna-industrial-zone/,https://www.sis.gov.eg/Story/187114/Egypt-launches-first-factory-for-wearable-mobile-accessories-in-Africa%2c-Middle-East?lang=en-us https://sczone.eg/sczone-celebrates-the-opening-of-the-first-factory-for-wearable-mobile-accessories-in-africa-within-sokhna-industrial-zone/,https://www.ntu.edu.sg/cas/news-events/news/details/egypt-factory-to-produce-accessories-for-chinese-smartphone-giant https://en.amwalalghad.com/chinas-transsion-in-new-round-of-talks-on-its-first-egypt-factory/,,18-Jul,Transsion Holdings (Tecno Telecom)EgyptCommunications41010.3,,Hong Kong,Transsion Holdings (Tecno Telecom),Hong Kong,Hong Kong,Hong Kong,Alexandria,Not Specified,Borg El Arab,,,Communications,Communications equipment,ICT & Electronics,Manufacturing,,410,Yes,10.3,Yes,New,Announced,,,,http://en.amwalalghad.com/chinas-transsion-in-new-round-of-talks-on-its-first-egypt-factory/,703,
2016,China Molybdenum Co Ltd,Freeport-McMoRan DRC Holdings Ltd,"2,771.24","Congo, Democratic Republic of the",Metals and Minerals,Metals and Minerals,,2016-2018,Central Africa,Metals and Minerals,High,,Includes Cobalt,Completed,M&A,"2,771.24",,,,11/16/2016,,,,,,,,,,,,16-Nov,China Molybdenum Co LtdCongo (DRC),,China,,,,,,,,,,,,,,,,,,,,,,,,,,2955907040
2016,Jade Industrial Holdings (Pty) Ltd,Wearne Precast (Pty) Ltd-Business,1.37,South Africa,Industry & Trade/Ser,Manufacturing,,2016-2018,Southern Africa,Manufacturing,High,,,Completed,M&A,1.37,,,,9/1/2016,,,,,,,,,,,,16-Sep,Jade Industrial Holdings (Pty) LtdSouth Africa,,Hong Kong,,,,,,,,,,,,,,,,,,,,,,,,,,2984428040
2016,Dewei Investment Group Co Ltd,PG Industries Zimbabwe Ltd,0.5,Zimbabwe,Industry & Trade/Ser,Manufacturing,,2016-2018,Southern Africa,Manufacturing,High,,,Completed,M&A,0.5,,,,7/15/2016,,,,,,,,,,,,16-Jul,Dewei Investment Group Co LtdZimbabwe,,China,,,,,,,,,,,,,,,,,,,,,,,,,,2999560040
2016,Hebei Zhongheng Tianda Platinum Co Ltd,Barplats Mines Ltd,49.92,South Africa,Metals and Minerals,Metals and Minerals,,2016-2018,Southern Africa,Metals and Minerals,High,,Includes Cobalt,Completed,M&A,49.92,,,,7/5/2016,,,,,,,,,,,,16-Jul,Hebei Zhongheng Tianda Platinum Co LtdSouth Africa,,China,,,,,,,,,,,,,,,,,,,,,,,,,,2977685040
2016,Hengtong Optic-Electric International Co Ltd,Aberdare Cables(Pty)Ltd,33.28,South Africa,Industry & Trade/Ser,Renewable Energy Component Manufacturing,,2016-2018,Southern Africa,Renewable Energy Component Manufacturing,High,,,Completed,M&A,33.28,,,,6/16/2016,,,,,,,,,,,,16-Jun,Hengtong Optic-Electric International Co LtdSouth Africa,,China,,,,,,,,,,,,,,,,,,,,,,,,,,2842916040
2016,Sichuan Road & Bridge Mining Investment Development Co Ltd,Asmara Mining Share Co,78.33,Eritrea,Metals and Minerals,Metals and Minerals,,2016-2018,East Africa,Metals and Minerals,High,,Includes Copper,Completed,M&A,78.33,,,,4/26/2016,,,,,,,,,,,,16-Apr,Sichuan Road & Bridge Mining Investment Development Co LtdEritrea,,China,,,,,,,,,,,,,,,,,,,,,,,,,,2818154040
2016,Hutchison Port Holdings Ltd,Alexandria International Container Terminals Co SAE{AICT},,Egypt,Transportation,Ports/Waterways,,2016-2018,North Africa,Transportation,High,,,Completed,M&A,,,,,2/26/2016,,,,,,,,,,,,16-Feb,Hutchison Port Holdings LtdEgypt,,Hong Kong,,,,,,,,,,,,,,,,,,,,,,,,,,2932310040
2016,TBEA SunOasis,,,Egypt,,,,2016-2018,North Africa,,Irrelevant,,"Egypt signed a MOU with Chinese company TBEA SunOasis to build a two-stage (500 MW each) 1GW solar power plant. TBEA SunOasis will be responsible for transferring knowledge, providing engineering consultancy, and co-operating in research and development as part of the country‚Äôs efforts to diversify its energy mix through investing in renewables (Recharge, 2016; Amwal Al Ghad, 2016---see general sources). As researchers said, it sounds more like an EPC contract rather than an investment. The signing ceremony was on July 27, 2016 (PV-Tech, 2016).  Confidence status: Irrelevant",Announced,Greenfield,,,,,7/27/2016,,,https://www.rechargenews.com/solar/egypt-mou-opens-way-to-1gw-of-solar-for-chinas-tbea-sunoasis/1-1-1183077,,,,https://www.pv-tech.org/tbea-to-build-two-500mw-pv-power-plants-in-egypt/,,https://www.rechargenews.com/solar/egypt-mou-opens-way-to-1gw-of-solar-for-chinas-tbea-sunoasis/1-1-1183077,https://www.rechargenews.com/solar/egypt-mou-opens-way-to-1gw-of-solar-for-chinas-tbea-sunoasis/1-1-1183077 https://en.amwalalghad.com/egypt-signs-1000mw-solar-plant-deal-with-chinas-tbea-sunoasis/,,16-Aug,TBEA SunOasisEgyptAlternative/Renewable energy54200.3,,China,Tebian Electric Apparatus (TBEA),Xinjiang,,Changji,Not Specified,Not Specified,Not Specified,,,Alternative/Renewable energy,Solar electric power,Environmental Technology,Electricity,,54,Yes,200.3,Yes,New,,,,,,190,
2016,Blooming Faith Petroleum,,,Nigeria,Energy,Oil and Gas,,2016-2018,West Africa,Energy,Low,,"Update: it appears that the company's delay in commencing this project hinges on the Nigerian government's approval of the company to set up a refinery in the country. This is even when the company promises not to export the refined products.  This deal was announced but with no potential amount. There is also no information regarding the progress of the announcement and since it's been 8years from the time of anouncement, confidence status is unknown as it is not known if this deal is still in the pipeline or has been tossed.",Announced,Greenfield,,,,,7/2/2016,,Blooming Faith Petroleum Limited,https://greenbreporters.com/business/oil-gas/hong-kong-oil-investment-company-coming-to-nigeria-with-huge-refinery.html,,,,https://greenbreporters.com/business/oil-gas/hong-kong-oil-investment-company-coming-to-nigeria-with-huge-refinery.html,,https://www.orientenergyreview.com/oil-and-gas/hong-kong-firm-to-build-200000-barrels-refinery-in-nigeria/,,,16-Jul,"Blooming Faith PetroleumNigeriaCoal, Oil and Natural Gas1461734.3",,Hong Kong,Blooming Faith Global Holdings,Hong Kong,,Hong Kong,Akwa Ibom,Not Specified,Not Specified,,,"Coal, Oil and Natural Gas",Petroleum refineries,Energy,Manufacturing,,146,Yes,"1,734.30",Yes,New,,,,,,661,
2016,China Petroleum Pipeline Bureau (CPP),,"2,390.00",Mozambique,Energy,Oil and Gas,,2016-2018,Southern Africa,Energy,Medium,,"Update: Used the source Nafisat attached in other sources to calculate the estimated announced Chinese investment by taking 30% from $7.98 billion to get $2.39 billion which I have denoted in the announced amount section.

Further Africa reports that the pipeline is scheduled to complete the Mozambique section in 2025 and the South African section in 2026, and that the project will be 70% debt-financed by Chinese and international banks, while the remaining 30% will be equity-financed, part of which will be undertaken by CPPB.",Commenced,Greenfield,2390,,Y,30,3/1/2016,,China Petroleum Pipeline Bureau,https://furtherafrica.com/2021/01/21/the-african-renaissance-pipeline-project-linking-mozambique-with-the-wider-region/,"https://furtherafrica.com/2021/01/21/the-african-renaissance-pipeline-project-linking-mozambique-with-the-wider-region/ 
https://www.engineeringnews.co.za/article/local-company-signs-agreement-to-construct-moz-to-gauteng-gas-pipeline-2016-04-01",,The African Renaissance Pipeline Project: linking Mozambique with the wider region - FurtherAfrica,https://www.engineeringnews.co.za/article/local-company-signs-agreement-to-construct-moz-to-gauteng-gas-pipeline-2016-04-01 ,,The African Renaissance Pipeline Project: linking Mozambique with the wider region - FurtherAfrica,https://www.engineeringnews.co.za/article/local-company-signs-agreement-to-construct-moz-to-gauteng-gas-pipeline-2016-04-01 ; Cooperation Agreement concluded with new partners and the China Petroleum Pipeline Bureau for the construction of the African Renaissance Gas Pipeline in Mozambique - Efora Energy Limited,,16-Mar,China Petroleum Pipeline Bureau (CPP)MozambiqueTransportation30004000,,China,China National Petroleum (CNPC),Beijing Municipality,,Beijing,Not Specified,Not Specified,Not Specified,,,Transportation,Pipeline transportation of natural gas,Energy,"Logistics, Distribution & Transportation",,3000,Yes,"4,000.00",Yes,New,,,,,,110,
2016,Shanghai Safbon Water Service,,200,Egypt,"Water, Sanitation and Waste Management",Waste Management,,2016-2018,North Africa,"Water, Sanitation and Waste Management",Medium,,"Various news outlets reported on Shanghai Safbon Water Service‚Äòs intention to invest USD 1B in four projects in Egypt related to desalination and waste management, one project being a USD 200M recycling plant in Kafr el-Sheikh in early July 2016 (Zawya 2016; ICAfrica 2016---see page 57,58). However, it does not appear that there was a signed agreement and there is no indication that any of these projects ever went forward. Shanghai Safbon Water Service‚Äòs website contains no proof that the company was ever active in Egypt beyond an EPC contract for a wastewater treatment plant. Date announced 01/07/2016 for now. Confidence status: Medium but current status of deal is unknown. Related to Deal ID 179, 180, and 181 (the four projects mentioned in the sources)",Announced,Greenfield,200,,,,9/14/2016,,Shanghai Safbon Water Service Company Limited,https://www.zawya.com/en/business/shanghai-safbon-braces-for-200-mln-recycling-plant-in-egypt-r7j6r7gw https://www.linkedin.com/posts/safbon-water-service-holding-inc.-shanghai_%E5%B7%B4%E5%AE%89%E6%B0%B4%E5%8A%A1%E8%8E%B7%E5%8F%96%E5%9F%83%E5%8F%8Anpc%E5%A4%A7%E5%9E%8B%E7%82%BC%E6%B2%B9%E5%8E%82%E5%90%AB%E6%B2%B9%E5%BA%9F%E6%B0%B4%E5%A4%84%E7%90%86%E9%A1%B9%E7%9B%AEpo-%E9%80%9A%E8%BF%87%E9%95%BF%E8%BE%BE%E4%B8%80%E5%B9%B4%E6%97%B6%E9%97%B4%E7%9A%84%E6%8A%80%E6%9C%AF%E4%BA%A4%E6%B5%81%E5%92%8C%E8%AE%BE%E8%AE%A1%E6%96%B9%E6%A1%88%E5%AF%B9%E6%8E%A5-activity-6839042975977340928-L_4r/?originalSubdomain=cn,https://www.zawya.com/en/business/shanghai-safbon-braces-for-200-mln-recycling-plant-in-egypt-r7j6r7gw,,,,,https://www.zawya.com/en/business/shanghai-safbon-braces-for-200-mln-recycling-plant-in-egypt-r7j6r7gw https://www.linkedin.com/posts/safbon-water-service-holding-inc.-shanghai_%E5%B7%B4%E5%AE%89%E6%B0%B4%E5%8A%A1%E8%8E%B7%E5%8F%96%E5%9F%83%E5%8F%8Anpc%E5%A4%A7%E5%9E%8B%E7%82%BC%E6%B2%B9%E5%8E%82%E5%90%AB%E6%B2%B9%E5%BA%9F%E6%B0%B4%E5%A4%84%E7%90%86%E9%A1%B9%E7%9B%AEpo-%E9%80%9A%E8%BF%87%E9%95%BF%E8%BE%BE%E4%B8%80%E5%B9%B4%E6%97%B6%E9%97%B4%E7%9A%84%E6%8A%80%E6%9C%AF%E4%BA%A4%E6%B5%81%E5%92%8C%E8%AE%BE%E8%AE%A1%E6%96%B9%E6%A1%88%E5%AF%B9%E6%8E%A5-activity-6839042975977340928-L_4r/?originalSubdomain=cn,https://www.icafrica.org/fileadmin/documents/Annual_Reports/IFT_2016_annual_report_final_FRE.pdf https://enterprise.press/stories/2016/06/26/chinese-company-could-invest-usd-1-bn-in-recycling-desalination-plants/#:~:text=Shanghai%20SafBon%20Water%20Service%20could%20invest%20USD%201%20bn%20in,,16-Jun,Shanghai Safbon Water ServiceEgyptBusiness Services227250,,China,Shanghai Safbon Water Service,Shanghai Municipality,,Shanghai,Faiyum,Not Specified,Faiyum,,,Business Services,"Water, sewage & other systems",Environmental Technology,Recycling,,227,Yes,250,Yes,New,,,,,,178,
2016,China Nonferrous Metals Mining (CNMC),,,"Congo, Democratic Republic of the",Metals and Minerals,Metals and Minerals,,2016-2018,Central Africa,Metals and Minerals,Medium,,"In January 2016, an agreement between CNMC and Gecamines was announced. It was a joint venture agreement where CNMC has 51% stake. Marked as medium confidence because the source I found did not have a loan amount to compare with the fdi markets data info, though the first agreement date matches and so do the rest of the details. Might also be better to have a more credible source to verify this information. Also, for the announce date, I put down 1/1/2016 though this may not be accurate as the article only reports January 2016, no specific day. Renamed from Congo (DRC) to Congo, Democratic Republic of the",Announced,Greenfield,,,,51,1/1/2016,,China Nonferrous Metal Mining Group (CNMC),https://www.metalary.com/2016/08/28/gecamines-plans-joint-venture-china-nonferrous-metal-mining-group/,,,https://www.metalary.com/2016/08/28/gecamines-plans-joint-venture-china-nonferrous-metal-mining-group/,https://www.metalary.com/2016/08/28/gecamines-plans-joint-venture-china-nonferrous-metal-mining-group/,,https://www.metalary.com/2016/08/28/gecamines-plans-joint-venture-china-nonferrous-metal-mining-group/,,,16-Jan,"China Nonferrous Metals Mining (CNMC)Congo, Democratic Republic of theMetals342183",,China,China Nonferrous Metals Mining (CNMC),Beijing Municipality,,Beijing,Katanga,Not Specified,Not Specified,,,Metals,Nonferrous metal production & processing,Physical Sciences,Manufacturing,,342,Yes,183,Yes,New,,,,,,195,
2016,Indochine International,,,Ethiopia,Industry & Trade/Ser,Textiles,2016,2016-2018,East Africa,Textiles,Medium,,"Indochine International started operations in Ethiopia's Hwassa Industrial Park (some time around July 26, 2018 when the Apparel Resources news was published). The company will be initially manufacturing non-denim products like trousers with plans on expanding its products and capacity (Apparel Resources, 2018; Reuters, 2017-- see image description). Deal Status: Completed. Unable to research into the specifics of the investment. Added company website to date completed column. According to the history section, in 2016, they mention ""established owned factory in Ethiopia"". This aligns with when the park was first opened (Jan 2016-- see IPDC source).",Completed,Greenfield,,,,,,1/1/2016,Indochine International,https://apparelresources.com/business-news/sourcing/indochine-international-starts-apparel-unit-ethiopia/ https://web.archive.org/web/20240411164322/https://investethiopia.gov.et/wp-content/uploads/2022/11/HIP-Production-Company-Profile-07092017.pdf (see pg. 24),,,,,https://www.indochineintl.com/about https://www.ipdc.gov.et/service/parks/9/,https://apparelresources.com/business-news/sourcing/indochine-international-starts-apparel-unit-ethiopia/,https://www.ipdc.gov.et/media/hawassa_ip_data.pdf,,16-Jan,Indochine InternationalEthiopiaTextiles2182138,,China,Indochine International,Zhejiang,,Hangzhou,Addis Ababa,Not Specified,Addis Ababa,,,Textiles,Clothing & clothing accessories,"Wood, Apparel & Related Products",Manufacturing,,2182,Yes,138,Yes,New,,,,,,227,
2016,BAIC International,,,Algeria,Industry & Trade/Ser,Manufacturing,2018,2016-2018,North Africa,Manufacturing,Medium,,"Update: Announce date found. Updated accordingly and attached source.

Returned to this. Found a source that reports the date the inauguration ceremony was held and updated the date completed cell accordingly.

COME BACK TO THIS EXAMPLE. UNIFINISHED. This project has been completed given the inaguration of the plant in the date indicated",Completed,Greenfield,,,,10,12/19/2016,12/23/2018,Baic Beijing,https://www.dzair-tube.dz/en/baic-launches-operations-in-algeria-introducing-diverse-vehicle-range/,,,https://www.dzair-tube.dz/en/baic-launches-operations-in-algeria-introducing-diverse-vehicle-range/,https://www.baicgroup.com.cn/en/news/22.845.html,https://www.aps.dz/en/regions/27147-yousfi-inaugurates-car-assembly-plant-in-batna,https://www.aps.dz/en/regions/27147-yousfi-inaugurates-car-assembly-plant-in-batna,,,18-Dec,BAIC InternationalAlgeriaAutomotive OEM1007107.8,,China,Beijing Automotive Industry Holding,Beijing Municipality,Not Specified,Beijing,Batna,Not Specified,Batna,,,Automotive OEM,Automobiles,Transport Equipment,Manufacturing,,1007,Yes,107.8,Yes,New,Opened,,"Algeria, Egypt, Saudi Arabia, the United Arab Emirates, Sudan, Tunisia, Morocco and Mauritania","BAIC International, EURL Sariak Auto Handler",https://www.africargus.com/dz/baic-inauguration-usine-batna/,242,
2016,Jushi Group,,,Egypt,Industry & Trade/Ser,Manufacturing,2016,2016-2018,North Africa,Manufacturing,Medium,,"The company website says that on June 18, 2016, Jushi Egypt successfully started up the second 80,000 ton fiberglass production line (phase 2). Total investment for the entire project is 520 million (related to Deal ID 186, 342, 345).",Completed,Greenfield,,,,,,6/18/2016,Jushi Egypt,https://www.jushi.com/en/news/news1-445.html,,,,,https://www.jushi.com/en/news/news1-445.html,https://www.jushi.com/en/news/news1-445.html,https://www.jushi.com/en/business/group-479.html#:~:text=Jushi%20Egyp,,16-Jun,Jushi GroupEgyptCeramics & Glass16058.6,,China,China National Building Material Group Corporation (CNBM),Beijing Municipality,,Beijing,Suez,Not Specified,Not Specified,,,Ceramics & Glass,Glass & glass products,Industrial,Manufacturing,,160,Yes,58.6,Yes,Expansion,,,,,,346,
2016,Liwayway Holdings Company,,,South Africa,Industry & Trade/Ser,Manufacturing,2018,2016-2018,Southern Africa,Manufacturing,Medium,,"Liwayway opened a factory in SA in January 2018, letting the snack food giant tap into the South African market. Cant seem to find a cost of the investment.",Completed,Greenfield,,,,,1/1/2016,1/1/2018,Liwayway Group,https://www.philstar.com/business/2018/04/26/1809362/pinoy-pride-south-africa ,,,,https://www.philstar.com/business/2016/01/10/1541283/oishi-eyes-south-african-market,https://www.philstar.com/business/2018/04/26/1809362/pinoy-pride-south-africa,,,,16-Sep,Liwayway Holdings CompanySouth AfricaFood & Tobacco10633.7,,China,Liwayway Holdings Company,Shanghai Municipality,,Shanghai,Gauteng,Not Specified,Pretoria,,,Food & Tobacco,Snack food,"Food, Beverages & Tobacco",Manufacturing,,106,Yes,33.7,Yes,New,,,,,,401,
2016,Sinotruk (China National Heavy Duty Truck Group) (CNHTC),,,South Africa,Automotive,Automotive,,2016-2018,Southern Africa,Automotive,Medium,,"In March 2016, Sinotruk announced they planned to build a spare parts warehouse in SA as part of five new installments across SA, Nigeria, and the Democratic Republic of Congo. This follows an already big export of finished trucks to the country. Related to ID459 (Congo). No info on invested amount, question if this commitment went through since the ChinaDaily source is the only one I could find which mentions this announcement.",Announced,Greenfield,,,,,3/14/2016,,Sinotruk,https://www.chinadaily.com.cn/business/2016-03/14/content_23849693.htm,,,,https://www.chinadaily.com.cn/business/2016-03/14/content_23849693.htm,,,,,16-Mar,Sinotruk (China National Heavy Duty Truck Group) (CNHTC)South AfricaAutomotive Components6518.2,,China,Sinotruk (China National Heavy Duty Truck Group) (CNHTC),Shandong,,Jinan,Not Specified,Not Specified,Not Specified,,,Automotive Components,Other motor vehicle parts,Transport Equipment,"Logistics, Distribution & Transportation",,65,Yes,18.2,Yes,New,,,,,,458,
2016,ET Solar,,,South Africa,Energy,Renewable Energy Solar,,2016-2018,Southern Africa,Energy,Medium,,"In June 2016, ET Solar announced they had founded a new subsidiary in South Africa, ET Solutions South Africa Pty Ltd. This comes in relation to the company securing bidding for ""130MW package of projects"" (enfsolar.com). Construction on these projects is ""expected to start at the end of the third quarter of 2016"" (pv-tech.org). My guess is that this entry, given that ""headquarters"" is noted under Industry Activity, is about their new subsidiary, and that the projects of which the subsidiary will be responsible for should be a different entry.",Announced,Greenfield,,,,,6/14/2016,,ET Energy,https://www.enfsolar.com/news/11785/et-energy-founds-subsidiary-to-break-new-ground-in-south-africa,,,,https://www.enfsolar.com/news/11785/et-energy-founds-subsidiary-to-break-new-ground-in-south-africa,,,https://www.pv-tech.org/et-energy-establishes-new-subsidiary-to-spur-pv-projects-in-south-africa/,https://www.fuelsandlubes.com/newswire/et-energy-founds-subsidiary-to-break-new-ground-in-south-africa/,16-Jun,ET SolarSouth AfricaElectronic Components4315.8,,China,ET Solar,Jiangsu,,Nanjing,Gauteng,Not Specified,Pretoria,,,Electronic Components,All other electrical equipment & components,Environmental Technology,Headquarters,,43,Yes,15.8,Yes,New,,,,,,468,
2016,China Gezhouba (CGGC),,,Nigeria,Industry & Trade/Ser,Housing Construction,2016,2016-2018,West Africa,Housing Construction,Medium,,The headquarter investment was inaugurated in October 2016 but how much was invested wasn't quoted.,Completed,Greenfield,,,,,,10/25/2016,CGGC International,https://www.chinadaily.com.cn/m/gezhouba/2016-10/30/content_27305947.htm,,,,,https://www.hydroreview.com/business-finance/business/cggc-establishes-north-central-and-west-africa-headquarters-in-nigeria/#gref,https://www.renewableenergyworld.com/storage/cggc-establishes-north-central-and-west-africa-headquarters-in-nigeria/#gref,,,16-Oct,China Gezhouba (CGGC)NigeriaBusiness Services8513.8,,China,China Gezhouba (CGGC),Hubei,,Wuhan,Abuja Federal Capital Territory,Not Specified,Abuja,,,Business Services,Heavy & civil engineering,Construction,Headquarters,,85,Yes,13.8,Yes,New,,,,,,482,
2016,Silk Road International Bank (SIB),,,Djibouti,Financial Sector,Banking Institutions,2017,2016-2018,East Africa,Financial Sector,Medium,,"There seems to be conflicting information about the completion date / opening ceremony for this project. Silk Road Bank says they opened on January 18, 2017, while Xinhua says January 18, 2016. I feel like Xinhua made a typo as the article was published in January 2017, and also because the timeleine of events given in the bank's website makes sense for the completion date to be January 18 2017. The project was first announced back in July 26 2016 and the Bank was jointly set up by Chinese-invested companies, Silk Road E-Merchants, and the Djibouti Government.",Completed,Greenfield,,,,,7/26/2016,1/18/2017,The Silkroad International Bank (SIB),https://www.silkroadibank.com/en/about.html,,,,https://www.silkroadibank.com/en/about.html,"http://www.xinhuanet.com/english/2017-01/18/c_135994459.htm
https://www.silkroadibank.com/en/about.html",http://www.xinhuanet.com/english/2017-01/18/c_135994459.htm,,,17-Apr,Silk Road International Bank (SIB)DjiboutiFinancial Services1811,,China,IZP Technologies,Beijing Municipality,,Beijing,Djibouti,Not Specified,Djibouti,,,Financial Services,Retail banking,Financial Services,Business Services,,18,Yes,11,Yes,New,,,,,,498,
2016,Bank of China,,,Mauritius,Financial Sector,Banking Institutions,2016,2016-2018,East Africa,Financial Sector,Medium,,"On March 18, 2016, the Bank of Mauritius granted a banking license to the Bank of China to operate in the country. I treated this date as the announced date. Shortly after on September 27 2016, Bank of China began operations in Mauritius, meaning this project has been completed. I was not able to find an investment amount for this project. 100% CN deal stake assumed as it is just BoC here.",Completed,Greenfield,,,,100,3/18/2016,9/27/2016,BOC (Mauritius) Limited,https://www.bankofchina.com/mu/en/aboutus/ab1/201703/t20170315_9103682.html,,,https://www.bankofchina.com/mu/en/aboutus/ab1/201703/t20170315_9103682.html,"https://www.bom.mu/media/media-releases/communique-bank-china-mauritius-limited#:~:text=On%2018%20March%202016%2C%20the,effect%20from%2027%20September%202016.",https://www.bankofchina.com/mu/en/aboutus/ab1/201703/t20170315_9103682.html,https://www.bankofchina.com/mu/en/aboutus/ab1/201703/t20170315_9103682.html,,,16-Mar,Bank of ChinaMauritiusFinancial Services1811,,China,Bank of China,Beijing Municipality,,Beijing,Mauritius,Not Specified,Not Specified,,,Financial Services,Corporate & investment banking,Financial Services,Business Services,,18,Yes,11,Yes,New,,,,,,501,
2016,Bank of China,,,Morocco,Financial Sector,Banking Institutions,2016,2016-2018,North Africa,Financial Sector,Medium,,This is BoC opening up a representative office in Morocco. Amount is unknown.,Completed,Greenfield,,,,,,3/15/2016,Bank of China,https://www.businesswire.com/news/home/20160315006029/en/Casablanca-Finance-City-Announces-the-Inauguration-of-the-Bank-of-China%E2%80%99s-Office-in-Casablanca,,,,,,,,,14-Aug,Bank of ChinaMoroccoFinancial Services1811,,China,Bank of China,Beijing Municipality,,Beijing,Casablanca,Not Specified,Casablanca,,,Financial Services,Retail banking,Financial Services,Business Services,,18,Yes,11,Yes,New,,"""Africa is a rising market for Bank of China in its global development,"" said Bank of China president Chen Siqing.",,,,505,
2016,Oppo Electronics,,,Egypt,Industry & Trade/Ser,Manufacturing,,2016-2018,North Africa,Manufacturing,Medium,,"According to SIS.gov (2016), the Minister of Communications and Information Technology, Yasser el Qady, received the CEO of the Chinese OPPO Egypt Company and discussed establishing a factory for manufacturing smart phones in Egypt. Using date of publication as date announced. Didn't find additional information about an MOU/construction asides from sources mentioning various expansion projects including after-sales service centers. CEO of OPPO Egypt says that the company had officially began operations since April 2015 (Amwal AlGhad, 2015 see general sources).",Announced,Greenfield,,,,,7/16/2016,,OPPO Egypt,https://www.sis.gov.eg/Story/103159/IT-minister-discusses-with-Chinese-company-establishing-smart-phones-factory-in-Egypt?lang=en-us,,,,https://www.sis.gov.eg/Story/103159/IT-minister-discusses-with-Chinese-company-establishing-smart-phones-factory-in-Egypt?lang=en-us,,https://www.sis.gov.eg/Story/103159/IT-minister-discusses-with-Chinese-company-establishing-smart-phones-factory-in-Egypt?lang=en-us,https://en.amwalalghad.com/oppo-to-hire-more-egyptian-employees-by-the-end-of-2016/ https://www.dailynewsegypt.com/2017/04/13/oppo-opens-third-official-outlet-egypt/ https://www.dailynewsegypt.com/2017/01/18/oppo-inaugurates-new-sales-centres-egypt/,,16-Jul,Oppo ElectronicsEgyptCommunications4349.4,,China,BBK Electronics,Guangdong,,Dongguan,Not Specified,Not Specified,Not Specified,,,Communications,Communications equipment,ICT & Electronics,Manufacturing,,434,Yes,9.4,Yes,New,,,,,,535,
2016,Perfection Motors,,,Nigeria,Transportation,Other,2016,2016-2018,West Africa,Transportation,Medium,,It appears this investment has been completed but no information on the amount invested and no announcement source.,Completed,Greenfield,,,,,,1/25/2016,Perfection Motors Company Limited,https://nairametrics.com/2016/01/25/chinese-firm-opens-auto-assembly-plant-in-lagos/,,,,,https://nairametrics.com/2016/01/25/chinese-firm-opens-auto-assembly-plant-in-lagos/,https://www.boldbusiness.com/society/chinese-investment-in-africa/,,,15-Aug,Perfection MotorsNigeriaAutomotive OEM86494.5,,Hong Kong,Lee Group,Hong Kong,,Hong Kong,Lagos State,Not Specified,Ikeja,,,Automotive OEM,Heavy duty trucks,Transport Equipment,Manufacturing,,864,Yes,94.5,Yes,New,,,,,,672,
2016,China Overseas Infrastructure Development and Investment Corporation,,,South Africa,Energy,Housing Construction,2017,2016-2018,Southern Africa,Energy,Medium,,"In April 2017, the China Overseas Infrastructure Development and Investment Corporation (COIDIC) inaugurated its Africa headquarters in Johannesburg, South Africa. However, there is no specific investment made by the company in Africa, only that the company's overall design capital is $500 million. So the confidence Status is Medium.",Completed,Greenfield,,,,,9/1/2016,4/26/2017,China Overseas Infrastructure Development and Investment Corporation (COIDIC),https://www.saceta.co.za/a/Sino-SA_Relations/2017/0502/286.html,,,,https://www.saceta.co.za/a/Sino-SA_Relations/2017/0502/286.html,https://www.saceta.co.za/a/Sino-SA_Relations/2017/0502/286.html,,,,17-Apr,China Overseas Infrastructure Development and Investment CorporationSouth AfricaReal Estate525.8,,Hong Kong,China Overseas Infrastructure Development and Investment Corporation,Hong Kong,,Hong Kong,Gauteng,Not Specified,Johannesburg,,,Real Estate,Other (Real Estate),Construction,Headquarters,,52,Yes,5.8,Yes,New,,,,,,714,
2016,Wuxi Jinmao Foreign Trade,,,Ethiopia,Industry & Trade/Ser,Textiles,2016,2016-2018,East Africa,Textiles,Unknown,,"[VBA & TX] According to the Company website 2016, Wuxi Jinmao Foreign Trade established its presence in the Awasa Industrial Park, Ethiopia. Hard to determine from raw data if this deal is the JP Garment Ethiopia PLC (https://hipiaet.com/wp-content/uploads/2022/08/JP-Garment-Ethiopia-Plc-2022.2.pdf | https://www.wuxijinmao-pmj.com/news/jinmao-oversea-branch-company-jp-garment-ethio-73270866.html) or the JP Textile Ethiopia PLC (http://www.jptexet.com/en/index.html). Confidence status: Unknown",Completed,Greenfield,,,,,,1/1/2016,,https://www.wuxijinmao.com/en/globalsupply/40/200.html,,,,,https://www.wuxijinmao.com/en/globalsupply/40/200.html,https://www.wuxijinmao.com/en/globalsupply/40/200.html,http://www.jptexet.com/en/index.html https://hipiaet.com/wp-content/uploads/2022/08/JP-Garment-Ethiopia-Plc-2022.2.pdf https://www.wuxijinmao-pmj.com/news/jinmao-oversea-branch-company-jp-garment-ethio-73270866.html,,17-May,Wuxi Jinmao Foreign TradeEthiopiaTextiles2182138,,China,Wuxi Jinmao Foreign Trade,Jiangsu,,Wuxi,"Southern Nations, Nationalities, and Peoples Region",Not Specified,Awasa,,,Textiles,Clothing & clothing accessories,"Wood, Apparel & Related Products",Manufacturing,,2182,Yes,138,Yes,New,,,,,,226,
2015,International Aero Development,,,Zimbabwe,Transportation,Aviation,,2013-2015,Southern Africa,Transportation,Duplicate,441,"This is an announced investment targeting a few african countries including Zimbabwe. However, the overall investment amount is not mentioned and the current status of investment is not known",Announced,Greenfield,,,,,9/18/2015,,,https://www.defensenews.com/training-sim/2015/10/10/chinese-company-builds-growing-african-presence/,,,,https://www.chinadaily.com.cn/bizchina/2015-09/18/content_21911125.htm,,https://www.chinadaily.com.cn/bizchina/2015-09/18/content_21911125.htm,,,15-Oct,International Aero DevelopmentZimbabweAerospace6622.1,,China,Aviation Industry Corporation of China,Beijing Municipality,,Beijing,Not Specified,Not Specified,Not Specified,,,Aerospace,Aircraft,Transport Equipment,"Logistics, Distribution & Transportation",,66,Yes,22.1,Yes,New,,,,,,442,
2015,Humanwell Healthcare (Group),,20,Ethiopia,Industry & Trade/Ser,Manufacturing,2017,2013-2015,East Africa,Manufacturing,High,,"[VBA & TX] According to Addis Fortune, Humanwell Healthcare will invest 2 billion birr (91.9 million U.S. dollars) to build a pharmaceutical factory in Hageremaraim Kesem district of Amhara State, Ethiopia. First phase cost $20 million and was completed in Dec 2017. Company website says construction began in 2015. Recommend adding additional rows to track construction/completion of future phases of the $91.9 million investment.",Completed,Greenfield,91.9,20,,,1/1/2015,12/1/2017,Humanwell Healthcare (Group) Co.,https://semonegna.com/humanwell-healthcare-inauguration-ethiopia/,,https://semonegna.com/humanwell-healthcare-inauguration-ethiopia/,,http://en.humanwell.com.cn/content.aspx?node=fotpints3 https://www.fiercepharma.com/manufacturing/chinese-drugmaker-expands-africa-91-2m-plant-ethiopia https://africa.chinadaily.com.cn/weekly/2018-09/07/content_36877992.htm,https://semonegna.com/humanwell-healthcare-inauguration-ethiopia/,https://semonegna.com/humanwell-healthcare-inauguration-ethiopia/,,,16-Jun,Humanwell Healthcare (Group)EthiopiaPharmaceuticals87680,,China,Humanwell Healthcare (Group),Hubei,,Wuhan,Amhara,Not Specified,Not Specified,,,Pharmaceuticals,Pharmaceutical preparations,Life sciences,Manufacturing,,876,Yes,80,No,New,,,,,,305,
2015,Jiangsu Yulong Steel Pipe,,50,Nigeria,Industry & Trade/Ser,Manufacturing,2020,2013-2015,West Africa,Manufacturing,High,,deal has been launched and started in phases - phase 1 is the $50million of the contruction of the steel pipes,Completed,Greenfield,50,50,,,6/11/2015,7/22/2020,Yulong Steel Pipe (Lecky) Investment Company,http://www.china-yulong.com/en/nd.jsp?id=41,https://www.reuters.com/article/markets/commodities/jiangsu-yulong-steel-pipe-s-hong-kong-unit-plans-investment-firm-in-nigeria-idUSL3N0YX3A4/,http://www.china-yulong.com/en/nd.jsp?id=41,,https://www.reuters.com/article/markets/commodities/jiangsu-yulong-steel-pipe-s-hong-kong-unit-plans-investment-firm-in-nigeria-idUSL3N0YX3A4/,http://www.china-yulong.com/en/nd.jsp?id=41,http://www.china-yulong.com/en/nd.jsp?id=41,https://archive.businessday.ng/real-sector/article/jiangsu-yulong-steel-begins-preliminary-work-on-400000mt-capacity-plant-in-lfz/,,15-Aug,Jiangsu Yulong Steel PipeNigeriaMetals100050,,China,Jiangsu Yulong Steel Pipe,Jiangsu,,Wuxi,Lagos State,Not Specified,Lekki,,,Metals,Iron & steel mills & ferroalloy,Industrial,Manufacturing,,1000,No,50,No,New,,,,,,366,
2015,International Aero Development,,50,South Africa,Transportation,Aviation,,2013-2015,Southern Africa,Transportation,High,,"AVIC International Aero-Development Corp announced in 2015 the creation of an aviation training center in SA. Given that ""The AVIC aviation training center in South Africa is a 1 billion yuan ($151 million) joint venture with Nanjing University of Aeronautics and Astronautics and Test Flying Academy of South Africa,"" (ChinaDaily, 2015) and no other mention of AVIC's portion of the investment, I put the estimate at $50-million. The center was expected completed by 2020.",Announced,Greenfield,50,,Yes,33,9/18/2015,,AVIC International Aero-Development Corp,https://www.chinadaily.com.cn/bizchina/2015-09/18/content_21911125.htm,https://www.chinadaily.com.cn/bizchina/2015-09/18/content_21911125.htm,,https://www.chinadaily.com.cn/bizchina/2015-09/18/content_21911125.htm,https://www.chinadaily.com.cn/bizchina/2015-09/18/content_21911125.htm,,,,,15-Oct,International Aero DevelopmentSouth AfricaAerospace9435.2,,China,Aviation Industry Corporation of China,Beijing Municipality,,Beijing,Not Specified,Not Specified,Not Specified,,,Aerospace,Aircraft,Transport Equipment,Education & Training,,94,Yes,35.2,Yes,New,,,,,,396,
2015,C&H Garment Company,,25,Senegal,Industry & Trade/Ser,Textiles,2018,2013-2015,West Africa,Textiles,High,,This project has been launched and manufacturing started - but there is no verification of completion amount,Completed,Greenfield,25,25,N,,7/5/2015,8/10/2018,C&H Garment Co.,http://www.bjreview.com/Special_Reports/2018/President_Xi_Visits_Arab_and_African_Countries_Attends_BRICS_Summit/Senegal/201807/t20180724_800136301.html,https://apparelresources.com/business-news/sourcing/ch-garment-to-set-up-apparel-manufacturing-unit-in-senegal/,http://www.bjreview.com/Special_Reports/2018/President_Xi_Visits_Arab_and_African_Countries_Attends_BRICS_Summit/Senegal/201807/t20180724_800136301.html,,https://www.agenceecofin.com/finance/0807-30490-senegal-china-c-h-garment-to-build-textile-factory-in-diamniadio,https://www.youtube.com/watch?v=jAHqOyuGqb8,http://www.bjreview.com/Special_Reports/2018/President_Xi_Visits_Arab_and_African_Countries_Attends_BRICS_Summit/Senegal/201807/t20180724_800136301.html,https://www.unido.org/stories/senegals-new-industrial-park-open-business,Diamniadio park,15-Jul,C&H Garment CompanySenegalTextiles100025,,China,C&H Garment Company,Shanghai Municipality,,Shanghai,Dakar,Not Specified,Not Specified,,,Textiles,Clothing & clothing accessories,"Wood, Apparel & Related Products",Manufacturing,,1000,No,25,No,New,,,,,,427,
2015,Shaoxing Mina Textile,,15,Ethiopia,Industry & Trade/Ser,Textiles,2016,2013-2015,East Africa,Textiles,High,,"[VBA & TX] On March 04, 2015, Shaoxing Mina Textile said it was planning to build a factory in Sebeta, Oromia State, investing $15 million (Yarns and Fiber News, 2015;2 Merkato, 2015; Fiber2Fiber, 2015). Using earliest publication date as date announced.  Note that company is also known as ""Zhejiang Mina Textile Co., Ltd"" across other sources. They indicate that the factory is completed (Xinhua News, 2022; Image Link Global, 2022; Xinhua News, 2023). Completion date may be some time in Nov 2022 based on news publications. ",Completed,Greenfield,15,,,,3/4/2015,10/1/2016,"Zhejiang Mina Textile Co., Ltd.",https://english.news.cn/africa/20221124/deb3f7934996408683a8bd72fa0ece71/c.html https://imagelinkglobal.com/products/ILEA001062348/ https://cc.bingj.com/cache.aspx?q=Mina+Textile+Company+factory+Ethiopia&d=4952295345376798&mkt=en-US&setlang=en-US&w=ubo2sygFYJrMC2koO0HyU-S8MeJO-znb,https://www.yarnsandfibers.com/news/textile-news/chinese-firm-to-invest-over-usd-15-mn-to-expand-its-textile-factory-in-ethiopia/ https://www.2merkato.com/news/alerts/3626-ethiopia-chinese-company-to-construct-textile-factroy https://www.fibre2fashion.com/industry-article/7581/an-attractive-landscape,,,https://www.yarnsandfibers.com/news/textile-news/chinese-firm-to-invest-over-usd-15-mn-to-expand-its-textile-factory-in-ethiopia/ https://www.2merkato.com/news/alerts/3626-ethiopia-chinese-company-to-construct-textile-factroy https://www.fibre2fashion.com/industry-article/7581/an-attractive-landscape,http://www.tbs-china.com/News/209367.html,https://www.yarnsandfibers.com/news/textile-news/chinese-firm-to-invest-over-usd-15-mn-to-expand-its-textile-factory-in-ethiopia/ https://www.2merkato.com/news/alerts/3626-ethiopia-chinese-company-to-construct-textile-factroy https://www.fibre2fashion.com/industry-article/7581/an-attractive-landscape,,,15-Mar,Shaoxing Mina TextileEthiopiaTextiles500015,,China,Shaoxing Mina Textile,Zhejiang,,Shaoxing,Oromia,Not Specified,Not Specified,,,Textiles,Textiles & Textile Mills,"Wood, Apparel & Related Products",Manufacturing,,5000,No,15,No,New,,,,,,475,
2015,Yangtze Optical Fibre and Cable,,11,South Africa,Industry & Trade/Ser,Manufacturing,,2013-2015,Southern Africa,Manufacturing,High,,"In December 2015, Yangtze Optics Africa Cable announced a R150 million (approximately $11 million in late 2015) investment with Mustek Limited to build and operate a optical fibre cable manufacturing plant in South Africa. Construction has since begun and 6 months later, the build and installation phase of the project was complete in November 2016. The source outlines plans for the next phase, so I conclude that the project has not been completed with the information I found.",Commenced,Greenfield,11,,,,12/1/2015,,Yangtze Optics Africa Cable (YOAC),https://www.sanews.gov.za/business/sa-welcomes-r150m-chinese-investment,https://www.sanews.gov.za/business/sa-welcomes-r150m-chinese-investment,,,https://www.sanews.gov.za/business/sa-welcomes-r150m-chinese-investment,,https://www.sanews.gov.za/business/sa-welcomes-r150m-chinese-investment,,,15-Dec,Yangtze Optical Fibre and CableSouth AfricaElectronic Components12910.42,,China,Yangtze Optical Fibre and Cable,Hubei,,Wuhan,KwaZulu-Natal,Not Specified,Durban,,,Electronic Components,Communication & energy wires & cables,ICT & Electronics,Manufacturing,,129,Yes,10.4,No,New,,,,,,518,
2015,Yi Li Da Sa Manufacturing,,10,South Africa,Industry & Trade/Ser,Textiles,2015,2013-2015,Southern Africa,Textiles,High,,"Update: Announcement date could not be found.

On November 11, 2015, the opening ceremony of Yi Li Da Sa's new blanket factory was held, marking the completion of a R150 million (approximately $10 million in 2015) project. Could not find information on the announcement date or amount, just the completed.",Completed,Greenfield,,10,,,,11/11/2015,YI LI DA SA,https://www.citizen.co.za/boksburg-advertiser/news-headlines/2015/12/14/eco-friendly-blanket-factory-in-boksburg-to-create-1000-jobs/,,https://www.citizen.co.za/boksburg-advertiser/news-headlines/2015/12/14/eco-friendly-blanket-factory-in-boksburg-to-create-1000-jobs/,,,https://www.citizen.co.za/boksburg-advertiser/news-headlines/2015/12/14/eco-friendly-blanket-factory-in-boksburg-to-create-1000-jobs/,https://www.citizen.co.za/boksburg-advertiser/news-headlines/2015/12/14/eco-friendly-blanket-factory-in-boksburg-to-create-1000-jobs/,,,15-Dec,Yi Li Da Sa ManufacturingSouth AfricaTextiles100010,,China,Yi Li Da Sa Manufacturing,Not Specified,,Not Specified,Gauteng,Not Specified,Boksburg,,,Textiles,"Furniture, homeware & related products (Textiles)",Consumer Goods,Manufacturing,,1000,No,10,No,New,,,,,,524,
2015,Hainan Zhongchen Biologic Engineering,,10,Tanzania,Agriculture,"Other Agriculture, Fishing and Forestry",,2013-2015,East Africa,Agriculture,High,,"On March 15, 2015, an article reported that Tanzania's Utegi Technical Enterprises and China's Hainan Zhongchen Biological Engineering will begin constructing a $10 million aloe vera factory in Tanzania. Construction was expected to begin within the next six months after this article was published, but cannot find any updates.",Announced,Greenfield,10,,,,3/15/2015,,Hainan Zhongchen Biological Engineering Co,https://www.chinadaily.com.cn/a/201503/20/WS5a2b5313a310eefe3e99fc10.html,https://www.chinadaily.com.cn/a/201503/20/WS5a2b5313a310eefe3e99fc10.html,,,https://allafrica.com/stories/201503160381.html,,https://www.chinadaily.com.cn/a/201503/20/WS5a2b5313a310eefe3e99fc10.html,,,15-Mar,Hainan Zhongchen Biologic EngineeringTanzaniaFood & Tobacco5710,,China,Hainan Zhongchen Biologic Engineering,Hainan,,Haikou,Not Specified,Not Specified,Not Specified,,,Food & Tobacco,Crop production,"Food, Beverages & Tobacco",Manufacturing,,57,Yes,10,No,New,,,,,,525,
2015,Zhejiang Gonow Automobile,,175,Zambia,Automotive,Automotive,,2013-2015,Southern Africa,Automotive,High,,"On Dec 18, 2015, Gonow Zambia Limited signed a lease agreement with Lusaka South Multi-Facility Economic Zone (LS-MFEZ) for 2.5 hectares of land; using as date announced (Gonow Zambia). According to African Review (2013), GONOW is to construct a $3.5 million motor-vehicle assembly plant in Zambia, which aligns closely with raw data (source placed in additional sources column). However, according to the company website among other sources, the total estimated investment is $175 million plant with $4.6 million invested into the initial phase; using as amount announced. Construction has commenced following approval from the Zambia Environment Management Agency (ZEMA) in Sept 2016 (Lusaka Times, Nov & Dec 2016). It will be completed in eight months. ",Commenced,Greenfield,175,,,,12/18/2015,,Gonow Zambia Ltd,http://www.gonowzambia.com/ https://www.lusakatimes.com/2016/11/08/175m-vehicle-assembling-plant-on-course/ https://www.lusakatimes.com/2016/12/28/mwanakatwe-commissions-works-construction-motor-vehicle-assembly-plant/,http://www.gonowzambia.com/,,,http://www.gonowzambia.com/,,http://www.gonowzambia.com/,https://africanreview.com/manufacturing/engineering/gonow-set-to-construct-motor-assembly-plant-in-zambia-1,,12-Jan,Zhejiang Gonow AutomobileZambiaAutomotive OEM5003,,China,GAIG Stock (Guangzhou Automobile),Guangdong,,Guangzhou,Not Specified,Not Specified,Not Specified,,,Automotive OEM,Light trucks & utility vehicles,Transport Equipment,Manufacturing,,500,No,3,No,New,,,,,,621,
2015,Hareon Solar Technology,,0,Mauritius,Energy,Renewable Energy Solar,,2013-2015,East Africa,Energy,High,,"On 28 March 2015, Hareon Solar announced that they will be opening a unit in Mauritius, with the purpose to invest in photovoltaic production. The announcement document reports a registered capital of $1000, which I assume is the investment amount. The document also reports a 100% investment stake by Hareon.",Announced,Greenfield,0.001,,,100,3/28/2015,,"Hareon Solar Mauritius
Private Ltd",http://static.sse.com.cn/disclosure/listedinfo/announcement/c/2015-03-30/600401_20150331_4.pdf,http://static.sse.com.cn/disclosure/listedinfo/announcement/c/2015-03-30/600401_20150331_4.pdf,,http://static.sse.com.cn/disclosure/listedinfo/announcement/c/2015-03-30/600401_20150331_4.pdf,http://static.sse.com.cn/disclosure/listedinfo/announcement/c/2015-03-30/600401_20150331_4.pdf,,http://static.sse.com.cn/disclosure/listedinfo/announcement/c/2015-03-30/600401_20150331_4.pdf,,,15-Mar,Hareon Solar TechnologyMauritiusElectronic Components112.9,,China,Hareon Solar Technology,Jiangsu,,Jiangyin,Mauritius,Not Specified,Not Specified,,,Electronic Components,All other electrical equipment & components,Environmental Technology,"Sales, Marketing & Support",,11,Yes,2.9,Yes,New,,,,,,626,
2015,Macau Legend Development,,275,Cabo Verde,Industry & Trade/Ser,Hospitality and Tourism,,2013-2015,West Africa,Hospitality and Tourism,High,,Delays on the project - Cabo Verdian government in talks with the investing company to reach an agreement on the project due to delays and possibility of transfering project to new investors. Renamed from Cape to Cabo Verde,Suspended,Greenfield,275,,No,,7/23/2015,,Macau Legend,https://www.ggrasia.com/cape-verde-govt-says-in-talks-to-revert-macau-legend-licence/,https://thediplomat.com/2017/04/cabo-verdes-gamble-chinese-island-building-in-the-atlantic/,,,https://www.hotel-online.com/press_releases/release/macau-legend-to-develop-an-integrated-leisure-tourism-and-entertainment/,,,https://qz.com/africa/972605/one-of-macaus-biggest-casinos-is-expanding-into-west-africa,,15-Jul,Macau Legend DevelopmentCabo VerdeLeisure & Entertainment1184277.37,,Macau,Macau Legend Development,Macau,,Macau,Sotavento,Santiago,Praia,,,Leisure & Entertainment,Gambling industries,Tourism,Construction,,1184,Yes,277.4,No,New,,,,,,722,
2015,Yunnan Investment Holding Group Co Ltd,China Africa Sunlight Energy (Pvt) Ltd,,Zimbabwe,Energy,Energy Mining,,2013-2015,Southern Africa,Energy,High,,,Completed,M&A,,,,,12/3/2015,,,,,,,,,,,,15-Dec,Yunnan Investment Holding Group Co LtdZimbabwe,,China,,,,,,,,,,,,,,,,,,,,,,,,,,2886734040
2015,Frontier Services Group Ltd,Transit Freight Coordinators Group,3.82,South Africa,Industry & Trade/Ser,Logistics and Distribution,,2013-2015,Southern Africa,Logistics and Distribution,High,,,Completed,M&A,3.82,,,,11/24/2015,,,,,,,,,,,,15-Nov,Frontier Services Group LtdSouth Africa,,Hong Kong,,,,,,,,,,,,,,,,,,,,,,,,,,2791632040
2015,Hebei Zhongbo Platinum Co Ltd,Eastern Platinum Ltd-PGM Assets,225.11,South Africa,Metals and Minerals,Metals and Minerals,,2013-2015,Southern Africa,Metals and Minerals,High,,,Completed,M&A,225.11,,,,10/31/2015,,,,,,,,,,,,15-Oct,Hebei Zhongbo Platinum Co LtdSouth Africa,,China,,,,,,,,,,,,,,,,,,,,,,,,,,2693614040
2015,Petrosino Ltd,Aminex Petroleum Egypt Ltd,,Egypt,Energy,Oil and Gas,,2013-2015,North Africa,Energy,High,,,Completed,M&A,,,,,8/25/2015,,,,,,,,,,,,15-Aug,Petrosino LtdEgypt,,Hong Kong,,,,,,,,,,,,,,,,,,,,,,,,,,2800803040
2015,1PC Ibid Pty Ltd,Transit Freight Forwarding Pty Ltd,3.83,South Africa,Transportation,Railways,,2013-2015,Southern Africa,Transportation,High,,,Completed,M&A,3.83,,,,8/14/2015,,,,,,,,,,,,15-Aug,1PC Ibid Pty LtdSouth Africa,,Hong Kong,,,,,,,,,,,,,,,,,,,,,,,,,,2791549040
2015,Chongqing Loncin Motor Parts Co Ltd,AMINO Motorcycle Co,3.84,Egypt,Automotive,Automotive,,2013-2015,North Africa,Automotive,High,,,Completed,M&A,3.84,,,,7/25/2015,,,,,,,,,,,,15-Jul,Chongqing Loncin Motor Parts Co LtdEgypt,,China,,,,,,,,,,,,,,,,,,,,,,,,,,2780180040
2015,Heaven-Sent Capital Management Group Co Ltd,Village Main Reef Ltd,52.78,South Africa,Metals and Minerals,Metals and Minerals,,2013-2015,Southern Africa,Metals and Minerals,High,,,Completed,M&A,52.78,,,,6/1/2015,,,,,,,,,,,,15-Jun,Heaven-Sent Capital Management Group Co LtdSouth Africa,,China,,,,,,,,,,,,,,,,,,,,,,,,,,2685377040
2015,Ningbo Construction International,Anglorand Securities Ltd,5.98,South Africa,Financial Sector,Capital Markets,,2013-2015,Southern Africa,Financial Sector,High,,,Completed,M&A,5.98,,,,5/26/2015,,,,,,,,,,,,15-May,Ningbo Construction InternationalSouth Africa,,China,,,,,,,,,,,,,,,,,,,,,,,,,,2756083040
2015,Sino-Africa Resource Holding Ltd,Madagascar Sino-Africa Resources Holdings SAU,,Madagascar,Metals and Minerals,Metals and Minerals,,2013-2015,East Africa,Metals and Minerals,High,,,Completed,M&A,,,,,4/27/2015,,,,,,,,,,,,15-Apr,Sino-Africa Resource Holding LtdMadagascar,,Hong Kong,,,,,,,,,,,,,,,,,,,,,,,,,,2749859040
2015,Shandong Iron & Steel Group Co Ltd,Tonkolili Iron Ore(SL)Ltd,,Sierra Leone,Metals and Minerals,Metals and Minerals,,2013-2015,West Africa,Metals and Minerals,High,,,Completed,M&A,,,,,4/20/2015,,,,,,,,,,,,15-Apr,Shandong Iron & Steel Group Co LtdSierra Leone,,China,,,,,,,,,,,,,,,,,,,,,,,,,,2745356040
2015,Frontier Services Ltd,Cheetah Logistics SARL,0.25,"Congo, Republic of the",Industry & Trade/Ser,Logistics and Distribution,,2013-2015,Central Africa,Logistics and Distribution,High,,,Completed,M&A,0.25,,,,4/15/2015,,,,,,,,,,,,15-Apr,Frontier Services LtdCongo (RC),,Hong Kong,,,,,,,,,,,,,,,,,,,,,,,,,,2736157040
2015,Nest,,,Kenya,Industry & Trade/Ser,,,2013-2015,East Africa,,Irrelevant,,"Medium because we have deal status and announced date. Techpoint mentioned in December 16, 2015 that Nest announced that it had invested in Kenya‚Äôs Ongair ‚Äì a web-based dashboard that enables businesses to engage with their customers on instant messaging platforms like WhatsApp, Messenger, Telegram and WeChat.",Announced,Greenfield,,,,,12/16/2015,,,https://techpoint.africa/2015/12/16/nests-first-investment-in-africa-is-kenyas-ongair/,,,,https://techpoint.africa/2015/12/16/nests-first-investment-in-africa-is-kenyas-ongair/,,https://techpoint.africa/2015/12/16/nests-first-investment-in-africa-is-kenyas-ongair/,,,15-Jul,NestKenyaBusiness Services376.8,,Hong Kong,Nest,Hong Kong,,Hong Kong,Nairobi Area,Not Specified,Nairobi,,,Business Services,Other support services,Professional Services,Business Services,,37,Yes,6.8,Yes,New,,,,,,710,
2015,China Construction Bank,,,South Africa,Financial Sector,Banking Institutions,2015,2013-2015,Southern Africa,Financial Sector,Low,,This is a bank opening which has no amount associated with it typically. Would not appear in the final numbers.,Completed,Greenfield,,,,,,6/8/2015,China Construction Bank (CCB) Corp.,https://www.alamy.com/wang-hongzhang-chairman-of-china-construction-bank-ccb-corp-delivers-a-speech-during-the-ccp12-founding-conference-and-ccp-forum-in-shanghai-chi-image263311238.html https://www.alamy.com/wang-hongzhang-chairman-of-china-construction-bank-ccb-corp-delivers-a-speech-during-the-ccp12-founding-conference-and-ccp-forum-in-shanghai-chi-image263311238.html ,,,,,,,,,15-Sep,China Construction BankSouth AfricaFinancial Services1711,,China,China Construction Bank,Beijing Municipality,,Beijing,Western Cape,Not Specified,Cape Town,,,Financial Services,Corporate & investment banking,Financial Services,Business Services,,17,Yes,11,Yes,New,,,,,,502,
2015,Radisson Hospitality (Rezidor Hotel Group),,,South Sudan,Industry & Trade/Ser,Hospitality and Tourism,2022,2013-2015,East Africa,Hospitality and Tourism,Medium,,"Update: Added announcement date based on an article in other sources.

On May 24, 2022, Radisson Hotel Group announced the opening of their new hotel in Juba, South Sudan. Radisson Group is a subsidiary of a Chinese Hotel group. Details on the investment or the initial announce date could not be found for now.",Completed,Greenfield,,,,,2/12/2015,5/24/2022,Radisson Hotel Group,https://www.radissonhotels.com/en-us/corporate/media/press-releases/radisson-blu-juba,,,,,https://www.radissonhotels.com/en-us/corporate/media/press-releases/radisson-blu-juba,https://www.radissonhotels.com/en-us/corporate/media/press-releases/radisson-blu-juba,https://insights.ehotelier.com/properties/2015/02/12/carlson-rezidor-announces-radisson-blu-hotel-juba-south-sudan/ https://hospitalitydesign.com/news/hotels-resorts/radisson-blu-to-debut-in-south-sudan/ https://www.hoteliermiddleeast.com/business/22957-radisson-blu-to-debut-in-south-sudan-in-2017 https://businesstravellerafrica.co.za/rezidor-to-open-radisson-in-south-sudan/,,22-May,414154,54990,China,Shanghai Jin Jiang International Hotels,,,,,,,,,Hotels & tourism,Accommodation,Tourism,Construction,,202,YES,100.3,YES,New,,,,,,44,
2015,Sinosteel,,,Kenya,Industry & Trade/Ser,Manufacturing,,2013-2015,East Africa,Manufacturing,Medium,,"Medium because lacks announced amount. Capitalfm reported on March 30 2015 a MoU signed between the Kenyan government and the company. On on April 1 2015, AllAfrica reported that Kenya signed an agreement with Sinosteel to develop a steel plant in the East Africa nation.",Announced,Greenfield,,,,,3/30/2015,,Sinosteel,https://web.archive.org/web/20151225051515/http://allafrica.com/stories/201504011324.html,,,,"https://www.capitalfm.co.ke/business/2015/03/chinese-steel-maker-to-open-mega-plant-in-kenya/#:~:text=NAIROBI%2C%20Kenya%2C%20Mar%2030%2D,Kenyan%20government%20and%20the%20company.",,https://web.archive.org/web/20151225051515/http://allafrica.com/stories/201504011324.html,,,15-Mar,SinosteelKenyaMetals342178.9,,China,Sinosteel,Beijing Municipality,,Beijing,Not Specified,Not Specified,Not Specified,,,Metals,Steel products,Industrial,Manufacturing,,342,Yes,178.9,Yes,New,,,,,,205,
2015,Huawei Technologies,,,Morocco,ICT,ICT Services,2015,2013-2015,North Africa,ICT,Medium,,"RP: Could not find announce date. [TX] In June 2015, Huawei established its ""African Francophone"" regional headquarters on the platform of Casablanca Financial City in Morocco (Jeune afrique, 2015). The project has been completed, but no further details such as the investment amount are available.",Completed,Greenfield,,,,,,6/2/2015,Huawei Technologies Casablanca,https://www.jeuneafrique.com/233052/economie-entreprises/le-chinois-huawei-installe-son-siege-regional-a-casablanca-finance-city/,,,,,https://www.jeuneafrique.com/233052/economie-entreprises/le-chinois-huawei-installe-son-siege-regional-a-casablanca-finance-city/,https://www.businesswire.com/news/home/20150602006114/fr/,,,15-Jun,Huawei TechnologiesMoroccoCommunications8036.9,,China,Huawei Technologies,Guangdong,,Shenzhen,Casablanca,Not Specified,Casablanca,,,Communications,Communications equipment,ICT & Electronics,Headquarters,,80,Yes,36.9,Yes,New,,,,,,394,
2015,Yingli Green Energy Europe,,,Ghana,ICT,ICT Infrastructure,,2013-2015,West Africa,ICT,Medium,,"The project was announced in 2015 and started in 2017. However, the specific amount of the project was not disclosed. Yingli Green Energy Holding Co., Ltd. holds a 50% stake in the project.",Completed,Greenfield,,,,50%,9/1/2015,,Yingli Namene West Africa Limited,https://www.enf.com.cn/news/10055/%E8%8B%B1%E5%88%A9%E5%AE%A3%E5%B8%83%E5%90%88%E8%B5%84%E5%85%AC%E5%8F%B8%E5%9C%A8%E8%A5%BF%E9%9D%9E%E5%9C%B0%E5%8C%BA%E5%BC%80%E5%8F%91%E5%A4%A7%E5%9E%8B%E7%94%B5%E7%AB%99%E9%A1%B9%E7%9B%AE,,,,,,https://www.enf.com.cn/news/10055/%E8%8B%B1%E5%88%A9%E5%AE%A3%E5%B8%83%E5%90%88%E8%B5%84%E5%85%AC%E5%8F%B8%E5%9C%A8%E8%A5%BF%E9%9D%9E%E5%9C%B0%E5%8C%BA%E5%BC%80%E5%8F%91%E5%A4%A7%E5%9E%8B%E7%94%B5%E7%AB%99%E9%A1%B9%E7%9B%AE,,,15-Sep,Yingli Green Energy EuropeGhanaAlternative/Renewable energy6530.8,,China,Yingli Green Energy Holding Company Limited (Yingli),Hebei,,Baoding,Greater Accra Region,Not Specified,Accra,,,Alternative/Renewable energy,Solar electric power,Environmental Technology,Headquarters,,65,Yes,30.8,Yes,New,,,,,,412,
2015,Hisense,,,South Africa,Industry & Trade/Ser,Manufacturing,,2013-2015,Southern Africa,Manufacturing,Medium,,Hisense announced new headquarters outside of Cape Town in June 2015. Cannot locate cost of investment,Announced,Greenfield,,,,,6/4/2015,,Hisense,https://www.itweb.co.za/article/hisense-strengthens-south-african-investment-with-new-offices/nkLgB17eXZGv59N4,,,,https://memeburn.com/2015/06/hisense-opens-new-headquarters-in-cape-town-strengthens-ties-in-sa/?utm_source=feedburner&utm_medium=feed&utm_campaign=Feed%3A+memeburncom+%28memeburn%29,,,,,15-Jun,HisenseSouth AfricaConsumer Electronics9922.2,,China,Hisense,Shandong,,Qingdao,Western Cape,Not Specified,Cape Town,,,Consumer Electronics,Other (Consumer Electronics),Consumer Goods,Headquarters,,99,Yes,22.2,Yes,New,,,,,,435,
2015,International Aero Development,,,"Congo, Republic of the",Transportation,Aviation,,2013-2015,Central Africa,Transportation,Medium,,"An article reports a Chinese aviation firm plans to develop an aviation training center, two regional marketing offices, two maintenance and support centers, and three spare-parts warehouses to promote sales and maintenance for Chinese-made aircraft in multiple countries in Africa. Two maintenance and product support offices in Congo and Tanzania was announced to be built. An exact investment amount could not be found. Also unsure on when the exact announcement date was but it seems to be around October 10 2015. No evidence suggests they have commenced. Additionally, this seems related to deal id 460. I will just mark 460 as a duplicate as it is unclear how the raw fdi market distinguished between these two (they provided different amounts, presumably for different sections of this project). I will treat this as the overall project and therefore list deal id 460 as a duplicate of this one. Also, was not able to assign a sector but it belongs to the Military and Defense sector. Renamed from Republic of the Congo to Congo, Republic of the",Announced,Greenfield,,,,,10/10/2015,,International Aero Development Corp. (IADC),https://www.defensenews.com/training-sim/2015/10/10/chinese-company-builds-growing-african-presence/,,,,https://www.defensenews.com/training-sim/2015/10/10/chinese-company-builds-growing-african-presence/,,https://www.defensenews.com/training-sim/2015/10/10/chinese-company-builds-growing-african-presence/,,,15-Oct,"International Aero DevelopmentCongo, Republic of theAerospace6622.1",,China,Aviation Industry Corporation of China,Beijing Municipality,,Beijing,Not Specified,Not Specified,Not Specified,,,Aerospace,Aircraft,Transport Equipment,"Logistics, Distribution & Transportation",,66,Yes,22.1,Yes,New,,,,,,441,
2015,China Road And Bridge Corporation (CRBC),,,Kenya,Industry & Trade/Ser,Other Transportation,,2013-2015,East Africa,Other Transportation,Medium,,"Medium because lacks announced amount. China Daily reported in May 2015 that CRBC had been working on building a talent pool for the operation of the railway, training drivers and technical and maintenance personnel, indicating the deal status to be commenced.",Commenced,Greenfield,,,,,5/29/2015,,China Road and Bridge Corporation,https://america.cgtn.com/2015/09/18/chinese-corporation-helps-to-build-critical-railway-in-kenya; https://www.business-humanrights.org/en/latest-news/kenya-china-backed-standard-gauge-railway/,,,,https://chinadaily.com.cn/a/201505/29/WS5a2b52b8a310eefe3e99fbd4.html,,https://chinadaily.com.cn/a/201505/29/WS5a2b52b8a310eefe3e99fbd4.html,,,15-Jul,China Road And Bridge Corporation (CRBC)KenyaBusiness Services3914.6,,China,China Communications Construction Company,Beijing Municipality,,Beijing,Coast,Not Specified,Not Specified,,,Business Services,Heavy & civil engineering,Construction,Education & Training,,39,Yes,14.6,Yes,New,,,,,,478,
2015,China Eximbank,,,Morocco,Financial Sector,Banking Institutions,2015,2013-2015,North Africa,Financial Sector,Medium,,This is CHEXIM opening up a representative office in Morocco. Amount is unknown.,Completed,Greenfield,,,,,,6/1/2015,China Exim Bank,https://www.moroccoworldnews.com/2015/06/159865/exim-bank-of-china-opens-representative-office-in-morocco,,,,,https://www.moroccoworldnews.com/2015/06/159865/exim-bank-of-china-opens-representative-office-in-morocco,,,,15-May,China EximbankMoroccoFinancial Services1811,,China,China Eximbank,Beijing Municipality,,Beijing,Rabat-Sale-Zemmour-Zaer,Not Specified,Rabat,,,Financial Services,Retail banking,Financial Services,Business Services,,18,Yes,11,Yes,New,,,,,,503,
2015,Suntech Power Holdings,,,South Africa,Industry & Trade/Ser,Logistics and Distribution,2015,2013-2015,Southern Africa,Logistics and Distribution,Medium,,"Update: Unclear on the announcement date, but the source I attached to the deal status tab indicates that Suntech established a full time presence in South Africa in 2014. Probably some time that year or early 2015 was when Suntech started planning for this warehouse.

On March 23, 2015, Suntech announced the opening of their new warehouse in Cape Town, South Africa. It will initially store 500kW of modules, but later, in 2015, they announced that it will be expanded to 1MW. The warehouse aims to increase its sales capacity and facilitate trade.",Completed,Greenfield,,,,,,3/23/2015,"Wuxi Suntech Power Co., Ltd.",https://www.prnewswire.com/news-releases/suntech-opens-warehouse-in-cape-town-300053572.html,,,,,https://www.prnewswire.com/news-releases/suntech-opens-warehouse-in-cape-town-300053572.html,https://www.prnewswire.com/news-releases/suntech-opens-warehouse-in-cape-town-300053572.html,,,15-Mar,Suntech Power HoldingsSouth AfricaElectronic Components5810.8,,China,Suntech Power Holdings,Jiangsu,,Wuxi,Western Cape,Not Specified,Cape Town,,,Electronic Components,All other electrical equipment & components,Environmental Technology,"Logistics, Distribution & Transportation",,58,Yes,10.8,Yes,New,,,,,,514,
2015,China Classification Society (CCS),,,South Africa,Industry & Trade/Ser,Logistics and Distribution,2015,2013-2015,Southern Africa,Logistics and Distribution,Medium,,"Update: The announcement date could not be found after further investigation.

On September 4, 2015, China Classification Society opened a branch in Cape Town, South Africa, and is expected to enhance shipping, shipbuilding and trade networks across countries in Africa. I was not able to find an amount for this project or much other details.",Completed,Greenfield,,,,,,9/4/2015,China Classification Society,https://www.gov.za/news/media-statements/mec-albert-fritz-launches-china-classification-society-offices-07-sep-2015,,,,,https://seafarersrights.org/china-classification-society-forms-branch-in-south-africa/,https://www.gov.za/news/media-statements/mec-albert-fritz-launches-china-classification-society-offices-07-sep-2015,,,15-Sep,China Classification Society (CCS)South AfricaBusiness Services166.8,,China,China Classification Society (CCS),Beijing Municipality,,Beijing,Western Cape,Not Specified,Cape Town,,,Business Services,"Professional, scientific & technical services",Transport Equipment,Business Services,,16,Yes,6.8,Yes,New,,,,,,585,
2015,Hikvision Digital Technology,,,South Africa,Industry & Trade/Ser,Manufacturing,2015,2013-2015,Southern Africa,Manufacturing,Medium,,"Filled in announcement date with completion date given this is an office with seemingly no investment in constructing actual physical property. Hikvision opened a new office in Johannesburg, November 4, 2015, under local subsidiary Hikvision South Africa (Pty) Ltd. According to thei annual report from 2015, they invested RMB 1,578,650m into their subsidiary. No mention in report of cost of office. Though, from what i can gather, their SA branch was established in 2015, could be linked.",Completed,Greenfield,,,,,11/4/2015,11/4/2015,Hikvision,https://www.hikvision.com/africa/newsroom/latest-news/2015/hikvision-facility-in-south-africa-now-open/,,,,https://www.hikvision.com/africa/newsroom/latest-news/2015/hikvision-facility-in-south-africa-now-open/,https://www.hikvision.com/africa/newsroom/latest-news/2015/hikvision-facility-in-south-africa-now-open/,,https://www.hikvision.com/content/dam/hikvision/en/brochures/hikvision-financial-report/Hikvision%202015%20Annual%20Report.pdf,,15-Nov,Hikvision Digital TechnologySouth AfricaElectronic Components112.9,,China,Hikvision Digital Technology,Zhejiang,,Hangzhou,Gauteng,Not Specified,Johannesburg,,,Electronic Components,Audio & video equipment,ICT & Electronics,"Sales, Marketing & Support",,11,Yes,2.9,Yes,New,,,,,,625,
2015,Indofood CBP Sukses Makmur,,,Ethiopia,Industry & Trade/Ser,Material Production and Processing,2015,2013-2015,East Africa,Material Production and Processing,Medium,,"Indofood International started trading its products in Ethiopia since ealry 2005 and began to construct a factory in late 2013. It became fully operational by mid-2015 (Kaldera News, 2019). First Pacific Group holds an economic interest of approximately 50.1% of PT Indofood Sukses Makmur Tbk (Value Walk, 2021; First Pacific, 2024; First Pacific, March 2024). Investment amount and date announced is unknown.",Completed,Greenfield,,,,50.1,,1/1/2015,Indofood Ethiopia,"https://www.kalderanews.com/2019/04/09/seeing-is-believing-indofood-produksi-80-juta-indomie-setahun-untuk-warga-ethiopia/#:~:text=Saat%20ini,%20PT%20Indofood%20memproduksi%2080%20juta%20indomie%20setahun. https://www.world-grain.com/articles/5270-indofood-plans-to-build-noodle-factory-in-morocco",,,https://www.firstpacific.com/media/normal/16950_Indofood%20FY23%20results%20press%20release.pdf https://www.valuewalk.com/indofood-sukses-makmur/ https://www.firstpacific.com/investments/?company=Indofood,,"https://www.kalderanews.com/2019/04/09/seeing-is-believing-indofood-produksi-80-juta-indomie-setahun-untuk-warga-ethiopia/#:~:text=Saat%20ini,%20PT%20Indofood%20memproduksi%2080%20juta%20indomie%20setahun.","https://www.kalderanews.com/2019/04/09/seeing-is-believing-indofood-produksi-80-juta-indomie-setahun-untuk-warga-ethiopia/#:~:text=Saat%20ini,%20PT%20Indofood%20memproduksi%2080%20juta%20indomie%20setahun.",https://www.thejakartapost.com/news/2015/04/04/indofood-open-noodle-factory-morocco-sixth-africa.html,,13-Dec,Indofood CBP Sukses MakmurEthiopiaFood & Tobacco42975,,Hong Kong,First Pacific,Hong Kong,,Hong Kong,Not Specified,Not Specified,Not Specified,,,Food & Tobacco,Snack food,"Food, Beverages & Tobacco",Manufacturing,,429,Yes,75,Yes,New,,,,,,673,
2015,Transsion Holdings (Tecno Telecom),,,Kenya,ICT,Manufacturing,2015,2013-2015,East Africa,ICT,Medium,,"Only one source available. Didn't find announced date.

Medium because has deal status and completed date. The only available source from Techweez describes this as a handset shipment project, whereas FDI Markets data classifies the investment in the ""Computer & Peripheral Equipment"" sector.",Completed,Greenfield,,,,,,6/2/2015,Transsion Holdings Ltd,https://techweez.com/2015/06/02/tecno-sales-africa/,,https://techweez.com/2015/06/02/tecno-sales-africa/,,,https://techweez.com/2015/06/02/tecno-sales-africa/,https://techweez.com/2015/06/02/tecno-sales-africa/,,,15-Jun,Transsion Holdings (Tecno Telecom)KenyaBusiness Machines & Equipment55868.6,,Hong Kong,Transsion Holdings (Tecno Telecom),Hong Kong,,Hong Kong,Nairobi Area,Not Specified,Nairobi,,,Business Machines & Equipment,Computer & peripheral equipment,ICT & Electronics,Manufacturing,,558,Yes,68.6,Yes,New,,,,,,676,
2014,Zhenfa New Energy Science and Technology,,250,Zimbabwe,Energy,Renewable Energy Solar,,2013-2015,Southern Africa,Energy,High,,"Since 2014 when the deal was announced, no further information about the current status of the deal",Announced,Greenfield,250,,,,3/1/2014,,Zhenfa New Science and Technology,https://www.hoganlovells.com/-/media/hogan-lovells/pdf/africa-microsite/10112_f0_africa-newsletter-january-2015_nl_e.pdf,https://www.hoganlovells.com/-/media/hogan-lovells/pdf/africa-microsite/10112_f0_africa-newsletter-january-2015_nl_e.pdf,,,https://www.hoganlovells.com/-/media/hogan-lovells/pdf/africa-microsite/10112_f0_africa-newsletter-january-2015_nl_e.pdf,,https://www.hoganlovells.com/-/media/hogan-lovells/pdf/africa-microsite/10112_f0_africa-newsletter-january-2015_nl_e.pdf,,,14-Mar,Zhenfa New Energy Science and TechnologyZimbabweAlternative/Renewable energy55250,,China,Zhenfa New Energy Science and Technology,Jiangsu,,Wuxi,Not Specified,Not Specified,Not Specified,,,Alternative/Renewable energy,Solar electric power,Environmental Technology,Electricity,,55,Yes,250,No,New,,,,,,182,
2014,Jushi Group,,233,Egypt,Industry & Trade/Ser,Manufacturing,2014,2013-2015,North Africa,Manufacturing,High,,"Jushi Egypt completed a fiberglass production base some time in January 2012 and had a total investment of $521 million. The first phase of the project accounts for USD 223 million of investment. It started full operation on April 23rd, 2014. The second phase was put into operation in July 2016 (see Deal ID 346), and the construction for the third phase was completed in June 2017. The construction for the whole project was completed in advance within 5 years, rather than the original 8-10 years (China Jushi, 2019).  Related to Deal ID: 342, 345 and 346",Completed,Greenfield,,233,,,,4/23/2014,Jushi Egypt,https://www.jushi.com/en/business/group-479.html#:~:text=Jushi%20Egyp http://www.chinadaily.com.cn/a/201410/03/WS5a2a4750a3101a51ddf901de.html https://www.ecns.cn/business/2016/02-15/199011.shtml,,https://www.jushi.com/en/business/group-479.html#:~:text=Jushi%20Egyp,,,https://www.jushi.com/en/business/group-479.html#:~:text=Jushi%20Egyp https://www.ecns.cn/business/2016/02-15/199011.shtml,http://www.chinadaily.com.cn/a/201410/03/WS5a2a4750a3101a51ddf901de.html https://www.ecns.cn/business/2016/02-15/199011.shtml,,,11-Aug,Jushi GroupEgyptCeramics & Glass600223,,China,China Fiberglass,Beijing Municipality,,Beijing,Not Specified,Not Specified,Not Specified,,,Ceramics & Glass,Glass & glass products,Construction,Manufacturing,,600,Yes,223,No,New,,,,,,186,
2014,Hebei Iron and Steel,,"2,295.00",South Africa,Industry & Trade/Ser,Material Production and Processing,,2013-2015,Southern Africa,Material Production and Processing,High,,"This is an MOU signed 9/11/2014 between SA Industrial Development Corporation (IDC) and China‚Äôs Hebei Iron & Steel Group (HBIS) for a new new low-cost iron and steel facility. Coming in two phases, estimated at $2.7-billion and $1.8-billion respectively. It looks like Hebei will also partner with IDC to conduct a feasibility study for a greenfield steel plant. Further research has fund that Hebei will ahve ""51% stake in the joint venture"" (SteelOrbis.com). Total amount of investment comes to $4.5-billion, 51% is $2.295-billion. Construction of phase one scheduled for 2017, and phase 2 2019. Cannot find updated status on construction on IDC nor HBIS websites. ",Announced,Greenfield,2295,,Y,51,9/11/2014,,Hebei Iron & Steel Group (HBIS),https://www.idc.co.za/idc-china-sign-iron-and-steel-deal/, https://www.idc.co.za/idc-china-sign-iron-and-steel-deal/ ,,https://www.steelorbis.com/steel-news/latest-news/hebei-steel-group-to-establish-large-steel-project-in-south-africa-845541.htm  https://www.fahamu.org/ep_articles/chinas-hebei-iron-steel-to-build-plant-in-south-africa/ ,https://www.idc.co.za/idc-china-sign-iron-and-steel-deal/,,https://www.idc.co.za/idc-china-sign-iron-and-steel-deal/ https://www.fahamu.org/ep_articles/chinas-hebei-iron-steel-to-build-plant-in-south-africa/  ,https://www.pinsentmasons.com/out-law/news/south-africa-agrees-steel-plant-study-project-with-china,,14-Sep,Hebei Iron and SteelSouth AfricaMetals242119.4,,China,Hebei Iron and Steel,Hebei,,Shijiazhuang,Not Specified,Not Specified,Not Specified,,,Metals,Steel products,Physical Sciences,Manufacturing,,242,Yes,119.4,Yes,New,,,,,,235,
2014,StarTimes Media,,77,Kenya,ICT,ICT Services,,2013-2015,East Africa,ICT,High,,"High because we have deal status, announced date and announced amount. StarTimes Media posted on Facebook on 19 July 2014 that it held a ground breaking ceremony for the Group‚Äôs Africa Headquarters and Dubbing Center for Film and Broadcast Television in Kenya on 14 July 2014. The reported amount is Kshs 6.9 billion, converted to USD based on the exchange rate in July 2014.",Commenced,Greenfield,77,,,,7/19/2014,,StarTimes Media,https://www.facebook.com/startimeskenya/posts/startimes-media-unveils-kshs-69-billion-investment-in-kenyadigital-pay-televisio/712733795441236/,https://www.facebook.com/startimeskenya/posts/startimes-media-unveils-kshs-69-billion-investment-in-kenyadigital-pay-televisio/712733795441236/,,,https://www.facebook.com/startimeskenya/posts/startimes-media-unveils-kshs-69-billion-investment-in-kenyadigital-pay-televisio/712733795441236/,,https://www.facebook.com/startimeskenya/posts/startimes-media-unveils-kshs-69-billion-investment-in-kenyadigital-pay-televisio/712733795441236/,,,14-Jul,StarTimes MediaKenyaCommunications37180,,China,StarTimes Media,Beijing Municipality,,Beijing,Nairobi Area,Not Specified,Nairobi,,,Communications,Radio & TV broadcasting,Creative Industries,Headquarters,,371,Yes,80,No,New,,"""The Kenyan subscribers have equally shown an insatiable appetite for affordable digital television service. It has seen increased uptake of our service which has gone a long way in giving us confidence to set up our Africa operations in the country,"" said Pang Xinxing, president.",,,,306,
2014,C&H Garment Company,,10,Rwanda,Industry & Trade/Ser,Textiles,2015,2013-2015,East Africa,Textiles,High,,This investment was ublished to have been completed and launched in 2015 but the specific date and amount completed were not stated,Completed,Greenfield,10,,N,,7/18/2014,12/31/2015,C&H Garments LTD Rwanda,https://africachinareporting.com/chinese-garment-manufacturer-empowering-rwandan-youth-with-factory-skills/,https://venturesafrica.com/rwanda-gets-10m-investment-from-chinese-garment-maker/,,,https://www.yarnsandfibers.com/news/textile-news/rwa-ch-chinese-garment-company-signs-a-new-textile-trade-deal/,"https://africa.isp.msu.edu/files/1516/3625/1577/WP_18_Eom_CH_Garments.pdf#:~:text=In%202015%2C%20C%26H%20Garments%2C%20a%20Chinese%20garment%20firm%20with%20previous,in%20technology%20transfer%20and%20training.",https://africachinareporting.com/chinese-garment-manufacturer-empowering-rwandan-youth-with-factory-skills/,,Kigali,14-Jul,C&H Garment CompanyRwandaTextiles20013.3,,China,C&H Garment Company,Shanghai Municipality,,Shanghai,Kigali Rurale,Not Specified,Kigali,,,Textiles,Clothing & clothing accessories,"Wood, Apparel & Related Products",Manufacturing,,200,No,13.3,Yes,New,,"Helen Hai, founder, said ""We believe that Rwanda can offer a strong and disciplined workforce that will ensure we develop a successful business exporting garments to both Europe and the US.""",,,,485,
2014,JinkoSolar,,7.4,South Africa,Energy,Renewable Energy Solar,2014,2013-2015,Southern Africa,Energy,High,,"Update: Announcement date could not be found.

In the week of August 8, 2014, JinkoSolar unveiled its $7.4 million solar energy module manufacturing plant in Cape Town, South Africa.",Completed,Greenfield,,7.4,,,,8/8/2014,"JinkoSolar Holding Co., Ltd.",https://jinkosolar.us/press/jinkosolar-opens-solar-module-factory-in-cape-town-south-africa/,,https://www.pv-magazine.com/2014/08/08/jinkosolar-opens-120-mw-south-african-pv-module-factory_100015998/,,,https://www.pv-magazine.com/2014/08/08/jinkosolar-opens-120-mw-south-african-pv-module-factory_100015998/,https://jinkosolar.us/press/jinkosolar-opens-solar-module-factory-in-cape-town-south-africa/,,,14-Aug,JinkoSolarSouth AfricaElectronic Components937.52,,China,JinkoSolar,Jiangxi,,Shangrao,Western Cape,Not Specified,Cape Town,,,Electronic Components,All other electrical equipment & components,Environmental Technology,Manufacturing,,93,Yes,7.5,No,New,,,,,,550,
2014,Hareon Solar Technology,,22.01,South Africa,Energy,Renewable Energy Solar,,2013-2015,Southern Africa,Energy,High,,"Hareon Solar announced June 2014 they had agreed to a JV South African AMED Energy CC to to set up a photovoltaics (PVs) plant in Johannesburg. Haeron holds 40% stake. Chinese source states total JV investment of R1,000. I assume listed in millions. 1000 ZAR-South Africa [South African rand / R]=55.02 USD-United States [US dollar / $] | 400 ZAR-South Africa [South African rand / R]=22.01 USD-United States [US dollar / $]",Announced,Greenfield,22.01,,Yes,40,6/27/2014,,Hareon Solar Technology Co,https://renewablesnow.com/news/hareon-solar-agrees-formation-of-solar-jv-in-s-africa-427949/,http://static.sse.com.cn/disclosure/listedinfo/announcement/c/2014-06-25/600401_20140626_2.pdf ,,https://renewablesnow.com/news/hareon-solar-agrees-formation-of-solar-jv-in-s-africa-427949/ http://static.sse.com.cn/disclosure/listedinfo/announcement/c/2014-06-25/600401_20140626_2.pdf ,https://renewablesnow.com/news/hareon-solar-agrees-formation-of-solar-jv-in-s-africa-427949/,,,http://static.sse.com.cn/disclosure/listedinfo/announcement/c/2014-06-25/600401_20140626_3.pdf https://www.reuters.com/article/markets/commodities/hareon-solar-plans-private-placement-jv-in-africa-and-subsidiaries-in-chinese-p-idUSL4N0P62GT/ ,,14-Jun,Hareon Solar TechnologySouth AfricaElectronic Components112.9,,China,Hareon Solar Technology,Jiangsu,,Jiangyin,Gauteng,Not Specified,Johannesburg,,,Electronic Components,All other electrical equipment & components,Environmental Technology,"Sales, Marketing & Support",,11,Yes,2.9,Yes,New,,,,,,628,
2014,Weetabix Food Company,,2.05,Kenya,Industry & Trade/Ser,Food and Beverage,,2013-2015,East Africa,Food and Beverage,High,,"High because has deal status, annouunced amount, and announced date. According to Chinese source 163.com, CNBC reported in August 2014 that Bright Food‚Äôs subsidiary, Weetabix, planned to invest 13.68 million RMB (approximately 2.04 million USD at the time) to expand production capacity in the Kenyan market.",Announced,Greenfield,2.05,,,,8/27/2014,,Weetabix,https://www.163.com/money/article/A4L9NPCN00253B0H.html,https://www.163.com/money/article/A4L9NPCN00253B0H.html,,,https://www.163.com/money/article/A4L9NPCN00253B0H.html,,https://www.163.com/money/article/A4L9NPCN00253B0H.html,,,14-Mar,Weetabix Food CompanyKenyaFood & Tobacco132.26,,China,Bright Food,Shanghai Municipality,,Shanghai,Nairobi Area,Not Specified,Nairobi,,,Food & Tobacco,Grains & oilseed,"Food, Beverages & Tobacco",Manufacturing,,13,Yes,2.3,No,Expansion,,"Giles Turrell, chief executive officer, Bright Food, said: ""We are investing in Nairobi mainly for the Kenyan market because we believe in the growth opportunity"".",,,,638,
2014,William Wu,Swartland Winery (Pty) Ltd,,South Africa,Agriculture,"Agricultural markets, commercialization and agri-business",,2013-2015,Southern Africa,Agriculture,High,,,Completed,M&A,,,,,12/19/2014,,,,,,,,,,,,14-Dec,William WuSouth Africa,,China,,,,,,,,,,,,,,,,,,,,,,,,,,2710194040
2014,Jincheng Mining Co Ltd,La Compagnie Miniere de Musonoie Global SAS,70.74,"Congo, Democratic Republic of the",Energy,Energy Mining,,2013-2015,Central Africa,Energy,High,,,Completed,M&A,70.74,,,,12/3/2014,,,,,,,,,,,,14-Dec,Jincheng Mining Co LtdCongo (DRC),,China,,,,,,,,,,,,,,,,,,,,,,,,,,2703793040
2014,Shangri-La Asia Ltd,Le Touessrok Hotel Ltd,,Mauritius,Industry & Trade/Ser,Hospitality and Tourism,,2013-2015,East Africa,Hospitality and Tourism,High,,,Completed,M&A,,,,,8/4/2014,,,,,,,,,,,,14-Aug,Shangri-La Asia LtdMauritius,,Hong Kong,,,,,,,,,,,,,,,,,,,,,,,,,,2700553040
2014,Frontier Services Ltd,Phoenix Aviation Ltd,14,Nigeria,Transportation,Aviation,,2013-2015,West Africa,Transportation,High,,,Completed,M&A,14,,,,7/29/2014,,,,,,,,,,,,14-Jul,Frontier Services LtdNigeria,,Hong Kong,,,,,,,,,,,,,,,,,,,,,,,,,,2643472040
2014,Investor Group,Undisclosed Bauxite Mining Co,120.76,Guinea,Metals and Minerals,Metals and Minerals,,2013-2015,West Africa,Metals and Minerals,High,,,Completed,M&A,120.76,,,,6/3/2014,,,,,,,,,,,,14-Jun,Investor GroupGuinea,,China,,,,,,,,,,,,,,,,,,,,,,,,,,2650492040
2014,Investor Group,Societe des Bois de Lastourville Transbois,24.67,Gabon,Agriculture,Forestry,,2013-2015,Central Africa,Agriculture,High,,,Completed,M&A,24.67,,,,5/23/2014,,,,,,,,,,,,14-May,Investor GroupGabon,,China,,,,,,,,,,,,,,,,,,,,,,,,,,2636912040
2014,China National Uranium Co Ltd,Langer Heinrich Uranium(Pty) Ltd-The Langer Heinrich Mine,189.86,Namibia,Energy,Energy Mining,,2013-2015,Southern Africa,Energy,High,,,Completed,M&A,189.86,,,,1/20/2014,,,,,,,,,,,,14-Jan,China National Uranium Co LtdNamibia,,China,,,,,,,,,,,,,,,,,,,,,,,,,,2533523040
2014,Addax Petroleum,,,Gabon,Energy,Oil and Gas,2024,2013-2015,Central Africa,Energy,Irrelevant,,"Addax Petroleum Corp won a 10-year contract in 2014 to produce oil in three fields in Gabon. The contract covers three fields: Tsiengui, Obangue and Autour. No specific amount was disclosed. The Confidence Status is Medium",Completed,Greenfield,,,,,1/14/2014,1/14/2024,,https://www.chinadaily.com.cn/business/2014-01/22/content_17249794.htm,,,,https://www.chinadaily.com.cn/business/2014-01/22/content_17249794.htm,https://www.chinadaily.com.cn/business/2014-01/22/content_17249794.htm,,,,14-Jun,"Addax PetroleumGabonCoal, Oil and Natural Gas9422.2",,China,China Petroleum and Chemical (Sinopec),Beijing Municipality,,Beijing,Ogooue-Maritime,Not Specified,Port-Gentil,,,"Coal, Oil and Natural Gas",Oil & gas extraction,Energy,Education & Training,,94,Yes,22.2,Yes,New,,,,,,438,
2014,Aviation Industry Corporation of China,,200,Kenya,Industry & Trade/Ser,Housing Construction,,2013-2015,East Africa,Housing Construction,Low,,"Low confidence. Although we have the deal status, completed amount, and completion date, there is insufficient information to confirm that the sources refer to the same project, as there is a large discrepancy between the announced amount in the source I found and the figure in the RAW FDI Markets data. According to Capital FM on October 9, 2014, AVIC was expected to invest over Sh17.8 billion ($200 million) to establish its Africa headquarters in Nairobi, Kenya. This project is possibly relevant to Deal 194.",Announced,Greenfield,200,,,,10/9/2014,,Aviation Industry Corporation of China (AVIC),https://www.skyscrapercity.com/threads/nairobi-avic-international-africa-176m-43-fl-141m-35-fl-93-81m-x-4-28-24-fl-x-4-u-c.1827593/,https://www.skyscrapercity.com/threads/nairobi-avic-international-africa-176m-43-fl-141m-35-fl-93-81m-x-4-28-24-fl-x-4-u-c.1827593/,,,https://www.skyscrapercity.com/threads/nairobi-avic-international-africa-176m-43-fl-141m-35-fl-93-81m-x-4-28-24-fl-x-4-u-c.1827593/,,https://www.skyscrapercity.com/threads/nairobi-avic-international-africa-176m-43-fl-141m-35-fl-93-81m-x-4-28-24-fl-x-4-u-c.1827593/,,,15-Oct,Aviation Industry Corporation of ChinaKenyaReal Estate28139.27,,China,Aviation Industry Corporation of China,Beijing Municipality,,Beijing,Nairobi Area,Not Specified,Nairobi,,,Real Estate,Residential building construction,Construction,Construction,,281,Yes,39.3,No,New,,,,,,387,
2014,Jiangsu Lianfa Textile,,500,Ethiopia,Industry & Trade/Ser,Textiles,,2013-2015,East Africa,Textiles,Medium,,"[VBA & TX] Jiangsu Lianfa Textile Co. Ltd announced it has finalized a pre-investment assessment to build a USD 500 million textile factory in Ethiopia (AllAfrica, 2014; YarnsandFibers, 2014).  In 2018, Dentons provided legal services to Jiangsu Lianfa Textile Co., Ltd. for its investment in the construction of a textile production base in Ethiopia. The project is set to be completed in two phases (Dentons, 2018). Basing announcement date  from earliest publication. Confidence status: Unknown due to the lack of recent information/updates. Changing status to Medium based on DM comment ""For the projects were the status = unknown but we know other details like dates or amounts, those can actually have a medium confidence. We could use those entries to analyze the quantity and types projects that never materialized""",Announced,Greenfield,500,,,,9/3/2014,,Giangsu Lianfa Textile Company Limited,https://www.yarnsandfibers.com/news/textile-news/chinese-company-to-build-huge-textile-factory-in-ethiopia-with-investment-over-usd500/ https://allafrica.com/stories/201409080960.html,https://www.yarnsandfibers.com/news/textile-news/chinese-company-to-build-huge-textile-factory-in-ethiopia-with-investment-over-usd500/ https://allafrica.com/stories/201409080960.html,,,https://www.yarnsandfibers.com/news/textile-news/chinese-company-to-build-huge-textile-factory-in-ethiopia-with-investment-over-usd500/,,https://www.yarnsandfibers.com/news/textile-news/chinese-company-to-build-huge-textile-factory-in-ethiopia-with-investment-over-usd500/ ,http://www.lianfa.cn/en/gywm.aspx,,14-Sep,Jiangsu Lianfa TextileEthiopiaTextiles3000500,,China,Jiangsu Lianfa Textile,Jiangsu,,Nantong,Addis Ababa,Not Specified,Addis Ababa,,,Textiles,Textiles & Textile Mills,"Wood, Apparel & Related Products",Manufacturing,,3000,Yes,500,No,New,,,,,,151,
2014,AAE-1 Consortium,,,Egypt,ICT,ICT Infrastructure,2017,2013-2015,North Africa,ICT,Medium,,"Asia-Africa-Europe 1 (AAE-1) is a 25,000km submarine cable connecting South East Asia to Europe via Egypt. It connects Hong Kong, Vietnam, Cambodia, Malaysia, Singapore, Thailand, India, Pakistan, Oman, UAE, Qatar, Yemen, Djibouti, Saudi Arabia, Egypt, Greece, Italy and France. The AAE-1 consortium (made up of 19 members) signed the construction and maintenance agreement in Hong Kong on January 27,2014, and launcehd the AAE-1 cable system for commercial service in June 2017. There has been additional upgrade in 2020, and 2022 (AAE-1, 2016; Submarine Networks, 2022). China Unicom, who initiated the project alongside Telecom Egypt, announced on June 25, 2013 the construction of AAE-1 submarine cable system on the China Unicom International Parterns Meeting in Shanghai.  The investments expeted to be around $600 million, but given that this isn't for sure, this is not included in the announced/completed amount cells (Submarine Network, 2013).",Completed,Greenfield,,,,,1/27/2014,6/1/2017,AAE-1 consortium,https://www.submarinenetworks.com/en/systems/asia-europe-africa/aae-1/,,,,https://www.submarinenetworks.com/en/systems/asia-europe-africa/aae-1/,https://www.submarinenetworks.com/en/systems/asia-europe-africa/aae-1/,https://www.submarinenetworks.com/en/systems/asia-europe-africa/aae-1/,https://www.aaeone.com/aaeportal/ https://www.submarinenetworks.com/en/systems/asia-europe-africa/aae-1/china-unicom-unveils-aae-1-cable,,13-Jun,AAE-1 ConsortiumEgyptCommunications6492.3,,China,AAE-1 Consortium,Beijing Municipality,,Beijing,Not Specified,Not Specified,Not Specified,,,Communications,Wired telecommunication carriers,ICT & Electronics,ICT & Internet Infrastructure,,64,Yes,92.3,Yes,New,,,,,,299,
2014,CSR E-Loco Supply,,,South Africa,Industry & Trade/Ser,Manufacturing,,2013-2015,Southern Africa,Manufacturing,Medium,,"Announced on July 1, 2014, CSR E-Loco Supply (Pty) Ltd planned on building a locomotive factory in SA within the following year. No info found on amount, nor whether this factory came into fruition. However, other articles on related topics makes it sound like the company has maintain presence in SA since. ",Announced,Greenfield,,,,,7/1/2014,,CSR E-Loco Supply (Pty) Ltd,https://www.chinadaily.com.cn/business/2014-07/01/content_17628069.htm,,,,https://www.chinadaily.com.cn/business/2014-07/01/content_17628069.htm,,,https://www.statecapture.org.za/site/files/documents/159/04.7._0057-0369-0001_(Vol_VII)_(Appendices).pdf p.45(57) https://www.chinadaily.com.cn/world/2014-06/27/content_17620585.htm,,14-Jul,CSR E-Loco SupplySouth AfricaNon-Automotive Transport OEM34860.6,,China,China South Locomotive & Rolling Stock Corporation (CSR),Beijing Municipality,,Beijing,Not Specified,Not Specified,Not Specified,,,Non-Automotive Transport OEM,Railroad rolling stock,Transport Equipment,Manufacturing,,348,Yes,60.6,Yes,New,,,,,,335,
2014,China National Offshore Oil Corporation (CNOOC),,,Uganda,Energy,Oil and Gas,,2013-2015,East Africa,Energy,Medium,,"Medum because has deal status and announced date. The Africa Report mentioned in Feburary, 2014 that Uganda issued a production licence at the Kingfisher Field operated by CNOOC. According to the report, CNOOC had commenced the development of the field, which is expected to take a period of four years before production can commence.",Commenced,Greenfield,,,,,2/6/2014,,CNOOC Uganda Limited,https://www.theafricareport.com/4794/uganda-government-signs-agreements-with-oil-companies/,,,,https://www.theafricareport.com/4794/uganda-government-signs-agreements-with-oil-companies/,,https://www.theafricareport.com/4794/uganda-government-signs-agreements-with-oil-companies/,,,14-Jul,"China National Offshore Oil Corporation (CNOOC)UgandaCoal, Oil and Natural Gas5422.2",,China,China National Offshore Oil Corporation (CNOOC),Beijing Municipality,,Beijing,Western,Not Specified,Not Specified,,,"Coal, Oil and Natural Gas",Oil & gas extraction,Energy,"Sales, Marketing & Support",,54,Yes,22.2,Yes,New,,,,,,437,
2014,JA Solar,,,South Africa,Energy,Renewable Energy Solar,,2013-2015,Southern Africa,Energy,Medium,,"JA Solar announced in January 2014 that they had agreed on a JV with Powerway Renewable Energy Co to build a 150-MW solar module production facility in Port Elizabeth, South Africa. Completion and production was expected to be commenced in the second quarter of that year. However, investement amount is unclear, and all news sources concerning this plant all date back to 2014, creating uncertainty on the completion.",Announced,Greenfield,,,,,1/22/2014,,"JA Solar Holdings Co., Ltd.",https://pes.eu.com/press-releases/ja-solar-and-powerway-establish-solar-module-manufacturing-facility-in-south-africa/,,,,https://pes.eu.com/press-releases/ja-solar-and-powerway-establish-solar-module-manufacturing-facility-in-south-africa/,,,https://www.engineeringnews.co.za/article/ja-solar-strategy-in-africa-2014-01-21 https://renewablesnow.com/news/ja-solar-powerway-to-build-150-mw-module-plant-in-s-africa-400581/ ,https://www.glasstec-online.com/en/Media_News/JA_Solar_and_Powerway_Establish_Solar_Module_Manufacturing_Facility_in_South_Africa,14-Jan,JA SolarSouth AfricaElectronic Components20016.1,,China,JA Solar,Shanghai Municipality,,Shanghai,Eastern Cape,Not Specified,Port Elizabeth,,,Electronic Components,All other electrical equipment & components,Environmental Technology,Manufacturing,,200,No,16.1,Yes,New,,,,,,466,
2014,Trina Solar Limited,,,South Africa,Industry & Trade/Ser,Logistics and Distribution,2014,2013-2015,Southern Africa,Logistics and Distribution,Medium,,"Update: Could not find an announcement date for this project. However I found a source that I attached in general/other sources that indicates that Trina Solar has been operating in South Africa for three years, so it is likely that if there was an announcement for this project, it could have happened within this time frame.

On October 23, 2014, Trina Solar announced the opening of their new warehouse in South Africa. The warehouse aims to facilitate trade.",Completed,Greenfield,,,,,,10/23/2014,Trina Solar,https://www.enfsolar.com/news/7535/trina-solar-opens-first-warehouse-in-south-africa,,,,,https://www.enfsolar.com/news/7535/trina-solar-opens-first-warehouse-in-south-africa,https://www.enfsolar.com/news/7535/trina-solar-opens-first-warehouse-in-south-africa,https://www.solardaily.com/reports/Trina_Solar_opens_new_warehouse_in_South_Africa_999.html,,14-Oct,Trina Solar LimitedSouth AfricaElectronic Components5810.8,,China,Trina Solar Limited,Jiangsu,,Changzhou,Gauteng,Not Specified,Pretoria,,,Electronic Components,All other electrical equipment & components,Environmental Technology,"Logistics, Distribution & Transportation",,58,Yes,10.8,Yes,New,,"Ben Hill, the company's head for Europe and Africa said ""With a local warehouse and distribution centre, our team will be able to provide faster deliveries"".",,,,515,
2014,Rayal Porcelain Roof and Floor Tile Manufacturing,,,South Africa,Industry & Trade/Ser,Manufacturing,,2013-2015,Southern Africa,Manufacturing,Unknown,,"Rayal Industrial announced in 2014 that they aimed to triple workforce by 2016. However, no news on this investment since. Marking it as unknown. In the same press release, through South African Government News Agency, they stated that since operation start in 2009, the company has invested R320-million in South Africa. However, this is over the course of 5 years and no specifications on what is allocated for production expansion by 2016.",Announced,Greenfield,,,,,1/29/2014,,,https://www.sanews.gov.za/business/chinese-company-increase-its-operations-sa,,,,https://www.sanews.gov.za/business/chinese-company-increase-its-operations-sa,,,https://brandsouthafrica.com/22045/investing/chinese-310114/,,14-Jan,Rayal Porcelain Roof and Floor Tile ManufacturingSouth AfricaBuilding & Construction Materials900471.5,,China,Rayal Porcelain Roof and Floor Tile Manufacturing,Not Specified,,Not Specified,Not Specified,Not Specified,Not Specified,,,Building & Construction Materials,Cement & concrete products,Construction,Manufacturing,,900,No,471.5,Yes,Expansion,,,,,,154,
2014,Hubei Dali Bus,,100,Ghana,Transportation,,,2013-2015,West Africa,Transportation,Unknown,,"The project was intended to be contracted in 2014, but there is no clear information that it has been implemented.",Unknown,Greenfield,100,,,,9/1/2014,,,https://www.ghanaweb.com/GhanaHomePage/business/Chinese-Bus-Company-to-build-100m-plant-in-Ghana-325494,https://www.ghanaweb.com/GhanaHomePage/business/Chinese-Bus-Company-to-build-100m-plant-in-Ghana-325494,,,https://www.ghanaweb.com/GhanaHomePage/business/Chinese-Bus-Company-to-build-100m-plant-in-Ghana-325494,,https://www.ghanaweb.com/GhanaHomePage/business/Chinese-Bus-Company-to-build-100m-plant-in-Ghana-325494,,,14-Sep,Hubei Dali BusGhanaAutomotive OEM736100,,China,Hubei Dali Bus,Hubei,,Suizhou,Not Specified,Not Specified,Not Specified,,,Automotive OEM,Heavy duty trucks,Transport Equipment,Manufacturing,,736,Yes,100,No,New,,,,,,252,
2013,Jidong Development Group,,178.88,South Africa,Industry & Trade/Ser,Material Production and Processing,2016,2013-2015,Southern Africa,Material Production and Processing,High,,"Seems to be ZA.067 in CLA Internal ""others"" tab. Mamba Cement Company (majority owned by Chinese Jidong Development Group) was provided with a syndicated loan of R1.1-billion from multiple groups, including BoC, to construct a cement production plant. The total cost of the investment project was R1.8-billion in 2013, 1800 ZAR-South Africa [South African rand / R]=178.88 USD-United States [US dollar / $]. Announced in 2013, completed in 2016. It is clear that the plant was constructed as their website lists production output statistics.",Completed,Greenfield,,178.88,,,3/25/2013,1/1/2016,Jidong Development Group,"https://www.iol.co.za/business-report/economy/mamba-cement-to-build-new-plant-in-limpopo-1687749  https://www.wiphold.com/mamba-cement-investment/#:~:text=Mamba%20Cement%20%E2%80%93%20Wiphold,cement%20market%20in%20South%20Africa ",https://www.iol.co.za/business-report/economy/mamba-cement-to-build-new-plant-in-limpopo-1687749 ,"https://www.wiphold.com/mamba-cement-investment/#:~:text=Mamba%20Cement%20%E2%80%93%20Wiphold,cement%20market%20in%20South%20Africa ",,https://china.aiddata.org/projects/58714/  https://www.bankofchina.com/aboutboc/bi1/201304/t20130408_2220327.html?keywords ,"https://mambacement.com/wp-content/uploads/2016/11/Mamba-Cement-Products-1.pdf  https://www.wiphold.com/mamba-cement-investment/#:~:text=Mamba%20Cement%20%E2%80%93%20Wiphold,cement%20market%20in%20South%20Africa https://china.aiddata.org/projects/58714/  ",,https://www.bankofchina.com/aboutboc/bi1/201304/t20130408_2220327.html?keywords,https://www.kwevoel.co.za/2015/03/25/fierce-competition-to-be-expected-with-entrance-of-mamba-cement-to-market/ https://www.iol.co.za/business-report/economy/mamba-cement-to-build-new-plant-in-limpopo-1687749 ,10-May,Jidong Development GroupSouth AfricaBuilding & Construction Materials227119.08,,China,Jidong Development Group,Hebei,,Tangshan,Limpopo,Not Specified,Not Specified,,,Building & Construction Materials,Cement & concrete products,Construction,Manufacturing,,227,Yes,119.1,No,New,,,,,,238,
2013,China FAW Group (First Automotive Works),,61,Algeria,Industry & Trade/Ser,Manufacturing,,2013-2015,North Africa,Manufacturing,High,,"On November 10, 2023, an article reported the signing of a $61 million deal between China FAW Group and Algeria's Acrofina, to build an automative assembly plant in Algeria. The project is carried out by a joint venture where China FAW has a 49% stake while Acrofina has 51%.",Announced,Greenfield,61,,,49,11/10/2013,,FAW,https://www.moroccoworldnews.com/2013/11/111774/chinas-faw-signs-deal-to-build-vehicles-in-algeria,https://www.moroccoworldnews.com/2013/11/111774/chinas-faw-signs-deal-to-build-vehicles-in-algeria,,https://www.moroccoworldnews.com/2013/11/111774/chinas-faw-signs-deal-to-build-vehicles-in-algeria,https://www.moroccoworldnews.com/2013/11/111774/chinas-faw-signs-deal-to-build-vehicles-in-algeria,,https://carnewschina.com/2013/11/15/first-auto-works-to-build-assembly-plant-in-algeria/,,,13-Nov,China FAW Group (First Automotive Works)AlgeriaAutomotive OEM46963.8,,China,China FAW Group (First Automotive Works),Jilin,,Changchun,Not Specified,Not Specified,Not Specified,,,Automotive OEM,Automobiles,Transport Equipment,Manufacturing,,469,Yes,63.8,No,New,,,,,,331,
2013,MagIndustries,,"1,270.00","Congo, Republic of the",Metals and Minerals,Metals and Minerals,,2013-2015,Central Africa,Metals and Minerals,High,,"Found an article that reports on the progress of this project being carried out by MagIndustries. The project is a potash mining project expected to generate 1.2 million tonnes per year. The article also reports a timeline of the project and I used March 18 2013 as the announce date of this project since it was the first item on the timeline. The inauguration ceremony took place on July 15 2023 and I was not able to find further evidence indicating completion. The article also mentions an announced capital expenditure of $1.270 billion. Renamed from Republic of the Congo to Congo, Republic of the",Cancelled,Greenfield,1270,,,,3/18/2013,,MagIndustries Corp. (MAA.TO),https://finance.yahoo.com/news/magindustries-reports-progress-1-2-200518457.html?guccounter=1&guce_referrer=aHR0cHM6Ly93d3cuZ29vZ2xlLmNvbS8&guce_referrer_sig=AQAAACyJyIqafLV2c7LZ3jLyIKqkbPHkM1hb1RRqYURGmy_7fdtugHBdgLLlMoLIGvHH11tznZ5yZ6iObkE-5BGPusEkt26xOUP5TpGwr5nfOWmDKbRyJBw4S4nvPAHMEjMccpFUvFWTckTesZB59QpxPJ2LoTW7zih3olB9dmVP651E,https://finance.yahoo.com/news/magindustries-reports-progress-1-2-200518457.html?guccounter=1&guce_referrer=aHR0cHM6Ly93d3cuZ29vZ2xlLmNvbS8&guce_referrer_sig=AQAAACyJyIqafLV2c7LZ3jLyIKqkbPHkM1hb1RRqYURGmy_7fdtugHBdgLLlMoLIGvHH11tznZ5yZ6iObkE-5BGPusEkt26xOUP5TpGwr5nfOWmDKbRyJBw4S4nvPAHMEjMccpFUvFWTckTesZB59QpxPJ2LoTW7zih3olB9dmVP651E,,,https://finance.yahoo.com/news/magindustries-reports-progress-1-2-200518457.html?guccounter=1&guce_referrer=aHR0cHM6Ly93d3cuZ29vZ2xlLmNvbS8&guce_referrer_sig=AQAAACyJyIqafLV2c7LZ3jLyIKqkbPHkM1hb1RRqYURGmy_7fdtugHBdgLLlMoLIGvHH11tznZ5yZ6iObkE-5BGPusEkt26xOUP5TpGwr5nfOWmDKbRyJBw4S4nvPAHMEjMccpFUvFWTckTesZB59QpxPJ2LoTW7zih3olB9dmVP651E,,https://finance.yahoo.com/news/magindustries-reports-progress-1-2-200518457.html?guccounter=1&guce_referrer=aHR0cHM6Ly93d3cuZ29vZ2xlLmNvbS8&guce_referrer_sig=AQAAACyJyIqafLV2c7LZ3jLyIKqkbPHkM1hb1RRqYURGmy_7fdtugHBdgLLlMoLIGvHH11tznZ5yZ6iObkE-5BGPusEkt26xOUP5TpGwr5nfOWmDKbRyJBw4S4nvPAHMEjMccpFUvFWTckTesZB59QpxPJ2LoTW7zih3olB9dmVP651E,https://www.miningreview.com/top-stories/magindustries-seeks-us-1-billion-from-chinese-for-congo-potash/ ; https://financialpost.com/commodities/mining/magindustries-reveals-evidence-that-company-paid-major-bribes-in-republic-of-congo ;  https://www.reuters.com/article/legal/government/tsx-eyes-delisting-magindustries-over-actions-in-congo-republic-idUSL1N0Z31J3/,,13-Jul,"MagIndustriesCongo, Republic of theMinerals38355.6",,China,Evergreen Holding Group,Zhejiang,,Ningbo,Not Specified,Not Specified,Not Specified,,,Minerals,Nonmetallic mineral mining & quarrying,"Food, Beverages & Tobacco",Extraction,,383,Yes,55.6,Yes,New,,,,,,353,
2013,Humanwell Healthcare (Group),,41,Mali,Industry & Trade/Ser,Manufacturing,2015,2013-2015,West Africa,Manufacturing,High,,"It appears the investment was announced in 2013 and completed in 2015, with manufacturing of drugs fully started in 2015. hence, i have changed the year from 2018 to 2013.",Completed,Greenfield,50,41,,,1/1/2013,1/1/2015,Humanwell (Africa) Pharmaceutical S.A.,http://m.mofcom.gov.cn/article/beltandroad/ml/enindex.shtml,http://www.focac.org/eng/zfgx_4/jmhz/202304/t20230428_11068173.htm,http://www.chinafrica.cn/Business/201806/t20180629_800134034.html,,http://www.focac.org/eng/zfgx_4/jmhz/202304/t20230428_11068173.htm,http://www.chinafrica.cn/Business/201806/t20180629_800134034.html,http://www.focac.org/eng/zfgx_4/jmhz/202304/t20230428_11068173.htm,,,2013,Humanwell Healthcare (Group)MaliPharmaceuticals24354.02,,China,Humanwell Healthcare (Group),Hubei,Not Specified,Wuhan,Bamako Capital District,Not Specified,Sanankoroba,,,Pharmaceuticals,Pharmaceutical preparations,Life sciences,Manufacturing,,243,No,54,No,New,Opened,,Africa,,https://www.maliweb.net/economie/industries/cooperation-medicale-sino-malienne-ibk-inaugure-lusine-de-produits-pharmaceutiques-de-humanwell-pharma-afrique-2757305.html,358,
2013,AAE-1 Consortium,,600,Djibouti,ICT,ICT Infrastructure,,2013-2015,East Africa,ICT,High,,"On June 25, 2013, a consortium of around 19 companies in several different countries announced a project to deploy the AAE-1 submarine cable system that will connect 12 countries including Djibouti. Evidence suggests the cable has already landed in Djibouti, though it is unclear when exactly. The overall project was announced to cost $600 million, unsure of the Djibouti-specific investment. However there is a source by the French Development Agency that reports they planned to provide a loan of $25 million to Djibouti to fund the AAE-1 cable deployment, but not sure how much was invested.",Completed,Greenfield,600,,,,6/25/2013,,Asia-Africa-Europe (AAE-1),http://www.djiboutidatacenter.com/en/post/asia-africa-europe-aae-1-and-sea-me-we5-submarine-fiber-optic-cables-land-in-djibouti-2,https://www.submarinenetworks.com/en/systems/asia-europe-africa/aae-1/china-unicom-unveils-aae-1-cable,,,https://www.submarinenetworks.com/en/systems/asia-europe-africa/aae-1/china-unicom-unveils-aae-1-cable,,https://www.submarinenetworks.com/en/systems/asia-europe-africa/aae-1/china-unicom-unveils-aae-1-cable,"http://opticalcloudinfra.com/index.php/2015/10/05/one-example-of-subsea-cable-system-terminating-in-data-centers/
https://www.afd.fr/en/carte-des-projets/assisting-telecom-operators-financing-aae1-and-smw5-submarine-cables",,13-Jun,AAE-1 ConsortiumDjiboutiCommunications3246.15,,China,AAE-1 Consortium,Beijing Municipality,,Beijing,Djibouti,Not Specified,Djibouti,,,Communications,Wired telecommunication carriers,ICT & Electronics,ICT & Internet Infrastructure,,32,Yes,46.2,Yes,New,,,,,,373,
2013,Hisense,,35.23,South Africa,Industry & Trade/Ser,Manufacturing,2013,2013-2015,Southern Africa,Manufacturing,High,,Cannot find announced date. Hisense opened their factory in Atlantis SA in 2013. 350 ZAR-South Africa [South African rand / R]=35.23 USD-United States [US dollar / $]. The tech giant produces TVs and appliances.,Completed,Greenfield,,35.23,,,,6/6/2013,Hisense,https://www.chinadaily.com.cn/world/2013mandela/2013-07/02/content_17157179_2.htm,,"https://www.sagoodnews.co.za/hisense-opens-high-tech-manufacturing-facility-in-western-cape/#:~:text=Atlantis%20is%20a%20town%20of,General%20Manager%20of%20Hisense%20SA. https://www.gov.za/news/speeches/keynote-address-economic-development-minister-ebrahim-patel-official-opening-hisense ",,,https://www.chinadaily.com.cn/world/2013mandela/2013-07/02/content_17157179_2.htm,,"https://hisense.co.za/hisense-atlantis-factory-celebrates-11-years-of-growth-and-community-empowerment/#:~:text=Categories:%20Blog-,Hisense%20Atlantis%20Factory%20Celebrates%2011%20Years%20of%20Growth%20and%20Community,with%20honourable%20Friends%20of%20Hisense. https://www.prnewswire.com/news-releases/hisense-south-africa-celebrates-the-10th-anniversary-of-its-atlantis-factory-on-tuesday-06-june-2023-301844917.html",,13-Jun,HisenseSouth AfricaConsumer Electronics30035.12,,China,Hisense,Shandong,,Qingdao,Western Cape,Not Specified,Cape Town,,,Consumer Electronics,Other (Consumer Electronics),Consumer Goods,Manufacturing,,300,No,35.1,No,New,,,,,,398,
2013,China Guodian Corporation,,343,South Africa,Energy,Renewable Energy Wind,2017,2013-2015,Southern Africa,Energy,High,,"Listed here as China Guodian Group, but it looks like their subsidiary, Longyuan Power made a bid for two wind power projects in South Africa in October 2013. The installation was completed in 2017, at a total investment of $343-million.",Completed,Greenfield,,343,,,10/30/2013,1/1/2017,China Longyuan Power Group Corporation Ltd.,http://en.people.cn/n3/2023/0822/c90000-20061533.html,,http://en.people.cn/n3/2023/0822/c90000-20061533.html,,https://www.evwind.es/2013/10/30/37149/37149,http://en.people.cn/n3/2023/0822/c90000-20061533.html,,https://www.chinadaily.com.cn/business/2013-08/20/content_16907035.htm,,13-Aug,"China Guodian CorporationSouth AfricaIndustrial Machinery, Equipment & Tools40124.4",,China,China Guodian Corporation,Beijing Municipality,,Beijing,Not Specified,Not Specified,Not Specified,,,"Industrial Machinery, Equipment & Tools",General purpose machinery,Environmental Technology,Manufacturing,,401,Yes,24.4,Yes,New,,,,,,428,
2013,Tewoo Group Co Ltd,Tonkolili Iron Ore(SL)Ltd- Tonkolili Iron ore Project,312.22,Sierra Leone,Metals and Minerals,Metals and Minerals,,2013-2015,West Africa,Metals and Minerals,High,,,Completed,M&A,312.22,,,,12/31/2013,,,,,,,,,,,,13-Dec,Tewoo Group Co LtdSierra Leone,,China,,,,,,,,,,,,,,,,,,,,,,,,,,2570737040
2013,China National Gold Group Corp,Soremi Investments Ltd,,"Congo, Republic of the",Metals and Minerals,Metals and Minerals,,2013-2015,Central Africa,Metals and Minerals,High,,,Completed,M&A,,,,,12/18/2013,,,,,,,,,,,,13-Dec,China National Gold Group CorpCongo (RC),,China,,,,,,,,,,,,,,,,,,,,,,,,,,2639439040
2013,Qixing Kaichuang Investment Management Co Ltd,Galabyte(Proprietary)Ltd,62.73,South Africa,Metals and Minerals,Metals and Minerals,,2013-2015,Southern Africa,Metals and Minerals,High,,,Completed,M&A,62.73,,,,11/23/2013,,,,,,,,,,,,13-Nov,Qixing Kaichuang Investment Management Co LtdSouth Africa,,China,,,,,,,,,,,,,,,,,,,,,,,,,,2587580040
2013,Sinopec International Petroleum Exploration & Production Corp,Apache Corp-Egypt Oil & Gas Business,"2,949.99",Egypt,Energy,Oil and Gas,,2013-2015,North Africa,Energy,High,,,Completed,M&A,"2,949.99",,,,11/14/2013,,,,,,,,,,,,13-Nov,Sinopec International Petroleum Exploration & Production CorpEgypt,,China,,,,,,,,,,,,,,,,,,,,,,,,,,2562052040
2013,Jinchuan Group International Resources Co Ltd,Jin Rui Mining Investment Ltd,,South Africa,Metals and Minerals,Metals and Minerals,,2013-2015,Southern Africa,Metals and Minerals,High,,Includes Cobalt,Completed,M&A,,,,,11/14/2013,,,,,,,,,,,,13-Nov,Jinchuan Group International Resources Co LtdSouth Africa,,Hong Kong,,,,,,,,,,,,,,,,,,,,,,,,,,2561499040
2013,Shanghai Puly Real Estate Development Co Ltd,AECI Ltd- property asset,,South Africa,Industry & Trade/Ser,Housing Construction,,2013-2015,Southern Africa,Housing Construction,High,,,Completed,M&A,,,,,11/4/2013,,,,,,,,,,,,13-Nov,Shanghai Puly Real Estate Development Co LtdSouth Africa,,China,,,,,,,,,,,,,,,,,,,,,,,,,,2795350040
2013,Guangdong Yihua Timber Industry Co Ltd,Societe Anonyme Hua-Jia de l'Industrie des Bois,38.15,Gabon,Agriculture,Forestry,,2013-2015,Central Africa,Agriculture,High,,,Completed,M&A,38.15,,,,8/29/2013,,,,,,,,,,,,13-Aug,Guangdong Yihua Timber Industry Co LtdGabon,,China,,,,,,,,,,,,,,,,,,,,,,,,,,2421952040
2013,Guangdong Yihua Timber Industry Co Ltd,Exploitation Forestiere Export du Gabon,,Gabon,Agriculture,Forestry,,2013-2015,Central Africa,Agriculture,High,,,Completed,M&A,,,,,8/29/2013,,,,,,,,,,,,13-Aug,Guangdong Yihua Timber Industry Co LtdGabon,,China,,,,,,,,,,,,,,,,,,,,,,,,,,2421991040
2013,Guangdong Yihua Timber Industry Co Ltd,Industrie Forestiere Export Gabon,,Gabon,Agriculture,Forestry,,2013-2015,Central Africa,Agriculture,High,,,Completed,M&A,,,,,8/29/2013,,,,,,,,,,,,13-Aug,Guangdong Yihua Timber Industry Co LtdGabon,,China,,,,,,,,,,,,,,,,,,,,,,,,,,2422073040
2013,Guangdong Yihua Timber Industry Co Ltd,Societe Export Negoce Du Bois,,Gabon,Industry & Trade/Ser,Logistics and Distribution,,2013-2015,Central Africa,Logistics and Distribution,High,,,Completed,M&A,,,,,8/29/2013,,,,,,,,,,,,13-Aug,Guangdong Yihua Timber Industry Co LtdGabon,,China,,,,,,,,,,,,,,,,,,,,,,,,,,2422078040
2013,Hoifu Mineral Resources Holdings Ltd,Zhen Hua Co Ltd,,Kenya,Metals and Minerals,Metals and Minerals,,2013-2015,East Africa,Metals and Minerals,High,,,Completed,M&A,,,,,8/26/2013,,,,,,,,,,,,13-Aug,Hoifu Mineral Resources Holdings LtdKenya,,Hong Kong,,,,,,,,,,,,,,,,,,,,,,,,,,2552535040
2013,PetroChina Co Ltd,Mozambique Rovuma Venture Spa,"4,209.96",Mozambique,Energy,Oil and Gas,,2013-2015,Southern Africa,Energy,High,,,Completed,M&A,"4,209.96",,,,7/26/2013,,,,,,,,,,,,13-Jul,PetroChina Co LtdMozambique,,China,,,,,,,,,,,,,,,,,,,,,,,,,,2504934040
2013,Hong Kong Gangzhong Investment Co Ltd,Madagascar Sino-Africa Resources Holdings SAU,12,Madagascar,Metals and Minerals,Metals and Minerals,,2013-2015,East Africa,Metals and Minerals,High,,,Completed,M&A,12,,,,6/3/2013,,,,,,,,,,,,13-Jun,Hong Kong Gangzhong Investment Co LtdMadagascar,,Hong Kong,,,,,,,,,,,,,,,,,,,,,,,,,,2486567040
2013,ForgetMeNot Software Ltd,ForgetMeNot Africa Ltd,0.25,South Africa,ICT,ICT Services,,2013-2015,Southern Africa,ICT,High,,,Completed,M&A,0.25,,,,2/15/2013,,,,,,,,,,,,13-Feb,ForgetMeNot Software LtdSouth Africa,,Hong Kong,,,,,,,,,,,,,,,,,,,,,,,,,,2444913040
2013,Element Resources International Ltd,African Resources(Zambia)Ltd,1.99,Zambia,Metals and Minerals,Metals and Minerals,,2013-2015,Southern Africa,Metals and Minerals,High,,,Completed,M&A,1.99,,,,2/6/2013,,,,,,,,,,,,13-Feb,Element Resources International LtdZambia,,Hong Kong,,,,,,,,,,,,,,,,,,,,,,,,,,2494130040
2013,Haohua Energy International (Hong Kong) Co Ltd,Mooiplaats Mining Ltd,99.46,South Africa,Energy,Energy Mining,,2013-2015,Southern Africa,Energy,High,,,Completed,M&A,99.46,,,,2/1/2013,,,,,,,,,,,,13-Feb,Haohua Energy International (Hong Kong) Co LtdSouth Africa,,China,,,,,,,,,,,,,,,,,,,,,,,,,,2460727040
2013,Baotou Bei Ben Heavy-Duty Truck,,,Ethiopia,Automotive,Automotive,2013,2013-2015,East Africa,Automotive,Low,,"[VBA & TX] According to China Trucks (2013), BeiBen Heavy Duty Truck set up vehicle assembly line factories in South Africa and Ethiopia in 2013. Lack of additional sources/information therefore, confidence status: Low.",Completed,Greenfield,,,,,,1/1/2013,"China National Heavy-duty Truck Group Co., Ltd.",http://www.zhka.com/zixun/news/2013/0123/1235.html https://www.chinatrucks.com/news/2017/1201/article_7589.html,,,,,http://www.zhka.com/zixun/news/2013/0123/1235.html https://www.chinatrucks.com/news/2017/1201/article_7589.html,http://www.zhka.com/zixun/news/2013/0123/1235.html https://www.chinatrucks.com/news/2017/1201/article_7589.html,,,12-Oct,Baotou Bei Ben Heavy-Duty TruckEthiopiaAutomotive OEM86494.5,,China,Baotou Bei Ben Heavy-Duty Truck,Inner Mongolia,,Baotou,Not Specified,Not Specified,Not Specified,,,Automotive OEM,Heavy duty trucks,Transport Equipment,Manufacturing,,864,Yes,94.5,Yes,New,,,,,,267,
2013,Cellon,,,Ghana,ICT,ICT Infrastructure,,2013-2015,West Africa,ICT,Low,,"Cellon Group of Company, planned to establish an assembling plant in Ghana in 2013, but no more information about investment amount and the project status. So the confidence status is low",Announced,Greenfield,,,,,11/7/2013,,Cellon Group of Company,https://www.ghanabusinessnews.com/2013/11/07/chinese-phone-maker-to-set-up-assembling-plant-in-ghana/,,,,https://www.ghanabusinessnews.com/2013/11/07/chinese-phone-maker-to-set-up-assembling-plant-in-ghana/,,,,,13-Nov,CellonGhanaCommunications4349.4,,China,Cellon,Guangdong,,Shenzhen,Not Specified,Not Specified,Not Specified,,,Communications,Communications equipment,ICT & Electronics,Manufacturing,,434,Yes,9.4,Yes,New,,"Dave Dai, chairman said Ghana was chosen for the project because it is a preferred destination as far as enabling business environment is concerned on the continent.",,,,536,
2013,Beiqi Foton Motor,,,Uganda,Industry & Trade/Ser,Manufacturing,,2013-2015,East Africa,Manufacturing,Medium,,"Medium because had deal status and announced date. Voanews reported on June 24, 2013, that Foton had plans to build Uganda's first auto manufacturing plant.",Announced,Greenfield,,,,,6/24/2013,,Foton,https://www.voanews.com/a/chinese-factory-tries-to-sell-trucks-to-wary-ugandans/1688199.html,,,,https://www.voanews.com/a/chinese-factory-tries-to-sell-trucks-to-wary-ugandans/1688199.html,,https://www.voanews.com/a/chinese-factory-tries-to-sell-trucks-to-wary-ugandans/1688199.html,,,13-Jun,Beiqi Foton MotorUgandaAutomotive OEM86494.5,,China,Beiqi Foton Motor,Beijing Municipality,,Beijing,Not Specified,Not Specified,Not Specified,,,Automotive OEM,Light trucks & utility vehicles,Transport Equipment,Manufacturing,,864,Yes,94.5,Yes,New,,,,,,266,
2013,Muyang Group,,,Egypt,Agriculture,Livestock,2013,2013-2015,North Africa,Agriculture,Medium,,"In March 2013, Muyang Co Ltd, with China-Africa Development Fund established Muyang Egypt in the China-Egypt Suex Economic and Trade Cooperation Zone. Together, they invested $74 million. The first phase of the project went into operation in December 2015. The company is initially concetating on making silos that reduce the risk of food wastage during stroage and transporation (ECNS. cn, 2016; China Daily 2016). ",Completed,Greenfield,,,,,,3/1/2013,Muyang Co Ltd,https://global.chinadaily.com.cn/world///////2016xivisitmiddleeast/2016-01/20/content_23166019.htm http://www.china.org.cn/business/2016-02/16/content_37797929.htm,,,,,https://global.chinadaily.com.cn/world///////2016xivisitmiddleeast/2016-01/20/content_23166019.htm http://www.china.org.cn/business/2016-02/16/content_37797929.htm,https://global.chinadaily.com.cn/world///////2016xivisitmiddleeast/2016-01/20/content_23166019.htm,https://www.chinadaily.com.cn/business//2015-05/26/content_20816916.htm,,16-Jan,"Muyang GroupEgyptIndustrial Machinery, Equipment & Tools40148.2",,China,Muyang Group,Jiangsu,,Yangzhou,Suez,Not Specified,Not Specified,,,"Industrial Machinery, Equipment & Tools",Food product machinery,"Food, Beverages & Tobacco",Manufacturing,,401,Yes,48.2,Yes,New,,,,,,371,
2013,Poly GCL Petroleum Investment,,,Ethiopia,Energy,Public Administration - Energy and Extractives,2014,2013-2015,East Africa,Energy,Medium,,"[VBA & TX] On November 8 2014, Poly GCL Petroleum Investment Co., Ltd. inaugurated an office in the Ethiopian capital (Allafrica, 2014). Marking deal status as completed; exact amount of opening the office is unknown. On November 16 2013, the Ethiopian government reached a ""confidential"" petroleum exploration and development agreement in Addis Ababa with Poly GCL Petroleum Investment to develop natural gas in the Ogaden Basin in southeastern Ethiopia (Fortune, 2013; All Africa, 2014). According to China Daily (2014), the first phase of the larger project is worth $4 billion, which includes the exploration and construction of the pipeline, a plant to produce LNG and a special loading and unloading terminal (see additional sources column). Would need to add an additional row related to this.",Completed,Greenfield,,,,,11/16/2013,11/9/2014,Poly GCL Petroleum Investment Limited,https://www.2merkato.com/news/alerts/3394-chinese-petroleum-firm-opened-office-in-ethiopia,,,,https://web.archive.org/web/20160923144707/https://allafrica.com/stories/201410061131.html https://www.2merkato.com/news/alerts/3394-chinese-petroleum-firm-opened-office-in-ethiopia,https://www.2merkato.com/news/alerts/3394-chinese-petroleum-firm-opened-office-in-ethiopia,https://web.archive.org/web/20160923144707/https://allafrica.com/stories/201410061131.html https://www.2merkato.com/news/alerts/3394-chinese-petroleum-firm-opened-office-in-ethiopia,https://www.chinadaily.com.cn/world//2014-10/10/content_18719038.htm,,14-Nov,"Poly GCL Petroleum InvestmentEthiopiaCoal, Oil and Natural Gas5422.2",,China,China Poly,Beijing Municipality,,Beijing,Addis Ababa,Not Specified,Addis Ababa,,,"Coal, Oil and Natural Gas",Oil & gas extraction,Energy,"Sales, Marketing & Support",,54,Yes,22.2,Yes,New,,,,,,436,
2013,China Shipping Container Lines (CSCL),,,South Africa,Transportation,Ports/Waterways,2013,2013-2015,Southern Africa,Transportation,Medium,,"Filled in announcement date with completion date given this is an office with seemingly no investment in constructing actual physical property. China Shipping Container Lines opened a new office in Johannesburg, SA in april 2013. Does not look like the cost amount is publicly disclosed.",Completed,Greenfield,,,,,4/16/2013,4/16/2013,China Shipping Container Lines,https://www.joc.com/article/china-shipping-opens-office-in-south-africa-5197102 ,,,,"https://www.joc.com/article/china-shipping-opens-office-in-south-africa-5197102 https://www.chineseshipping.com.cn/en/news/newsinfo.jsp?id=321315#:~:text=China%20Shipping%20Opens%20Office%20in%20South%20Africa.,Africa%20and%20provides%20opportunities%20of%20trading%20and ",https://www.joc.com/article/china-shipping-opens-office-in-south-africa-5197102,,,https://lines.coscoshipping.com/home/Contact/global/countryList/more/Africa/South%20Africa/JOHANNESBURG/50000000000000074,12-Dec,China Shipping Container Lines (CSCL)South AfricaTransportation1015.3,,China,China Shipping,Shanghai Municipality,,Shanghai,Not Specified,Not Specified,Not Specified,,,Transportation,Water transportation,"Transportation, Warehousing & Storage","Sales, Marketing & Support",,10,Yes,15.3,Yes,New,,,,,,470,
2013,Sino-Ethiopia Associate (Africa),,,Ethiopia,Health,Health Facilities and Construction,2013,2013-2015,East Africa,Health,Medium,,"[VBA &TX] The Sino-Ethiopia Associate PLC inaugurated the expansion project of their capusule manufacturing plant. The Ministry of Industry made annouced this on Facebook on Dec 18, 2013. 2Merkato (2013) had an earlier publishing date (Dec 16, 2013); using as date announced. Total cost to build was 100 million birr (Conversion comes to around $5,234,324.55). The company was first established in March 2001 as a joint venture between two Chinese Companies (China Associate Group & Dandong JINWAN Group) and an Ethiopian Company, ZAF Pharmaceuticals PLC according to the company website (see additional sources column).",Completed,Greenfield,,,,,,12/16/2013,Sino-Ethiopia Associate (Africa) PLC,https://www.2merkato.com/news/alerts/2754-sino-ethiopia-associate-inaugurated-expansion-project https://www.facebook.com/www.moi.gov.et/posts/a-new-capsule-manufacturing-plant-can-satisfy-all-the-countrys-needsa-new-capsul/263532227133474/,,https://www.2merkato.com/news/alerts/2754-sino-ethiopia-associate-inaugurated-expansion-project,,,https://www.2merkato.com/news/alerts/2754-sino-ethiopia-associate-inaugurated-expansion-project https://www.facebook.com/www.moi.gov.et/posts/a-new-capsule-manufacturing-plant-can-satisfy-all-the-countrys-needsa-new-capsul/263532227133474/,https://www.2merkato.com/news/alerts/2754-sino-ethiopia-associate-inaugurated-expansion-project,https://web.archive.org/web/20240619182702/https://sinoethiop.com/?q=content/about-us,,13-Dec,Sino-Ethiopia Associate (Africa)EthiopiaPlastics475.23,,China,Dandong Jinwan,Liaoning,,Dandong,Addis Ababa,Not Specified,Addis Ababa,,,Plastics,Plastics packaging materials & unlaminated film & sheets,Life sciences,Manufacturing,,47,Yes,5.2,No,New,,,,,,595,
2013,ReneSola,,,South Africa,Energy,Renewable Energy Solar,2014,2013-2015,Southern Africa,Energy,Medium,,"ReneSola Ltd. launched ReneSola South Africa Pty Ltd and a local sales office in Johannesburg, January 2014, in order to expand global coverage. The purpose is to locally operate sales and marketing. Annual report 2015 only mentions dates of incorperation and commencement, with no mention of investment cost.",Completed,Greenfield,,,,,7/6/2013,1/23/2014,ReneSola Ltd,https://renewablesnow.com/news/renesola-opens-office-in-s-africa-400833/,,,,https://www.annualreports.com/HostedData/AnnualReportArchive/r/NYSE_SOL_2015.pdf,https://renewablesnow.com/news/renesola-opens-office-in-s-africa-400833/,,"https://www.africa-energy.com/news-centre/article/renesola-south-africa-launched#:~:text=ReneSola%20South%20Africa%20launched.%20Issue%20270%20%2D,ReneSola%20Ltd%20announced%20on%2023%20January%20the https://www.powerinfotoday.com/asia/renesola-ltd-announces-first-quarter-2014-results/ ",,14-Jan,ReneSolaSouth AfricaElectronic Components112.9,,China,ReneSola,Zhejiang,,Jiashan,Western Cape,Not Specified,Cape Town,,,Electronic Components,All other electrical equipment & components,Environmental Technology,"Sales, Marketing & Support",,11,Yes,2.9,Yes,New,,"""South Africa has shown tremendous potential for utility scale, commercial, and residential solar photovoltaic projects,"" said Qasim Abrahams, general manager, ReneSola South Africa.",,,,629,
2013,Hotel Link Solutions,,,Uganda,Industry & Trade/Ser,Other,2013,2013-2015,East Africa,Other,Medium,,"Medium because has deal status and completion date. PRweb reported on August 9, 2013 that Hotel Link Solutions opened a new office in Kampala, Uganda.",Completed,Greenfield,,,,,,8/9/2013,Hotel Link Solutions,https://www.prweb.com/releases/hotel_link_solutions_opens_new_office_in_kampala_uganda/prweb11005786.htm,,,,,https://www.prweb.com/releases/hotel_link_solutions_opens_new_office_in_kampala_uganda/prweb11005786.htm, https://www.prweb.com/releases/hotel_link_solutions_opens_new_office_in_kampala_uganda/prweb11005786.htm,,,13-Aug,Hotel Link SolutionsUgandaSoftware & IT services4913.8,,Hong Kong,Hotel Link Solutions,Hong Kong,,Hong Kong,Central,Not Specified,Kampala,,,Software & IT services,Internet publishing & broadcasting & web search,Creative Industries,Business Services,,49,Yes,13.8,Yes,New,,,,,,695,
2013,QNet,,,Rwanda,Industry & Trade/Ser,Other,2013,2013-2015,East Africa,Other,Medium,,"QNEt is set to open a local affiliate, QNET East Africa Ltd in Rwanda. The company launched its e-Commerce platform on October 02, 2013 (The New Times, 2013). Investment amount is uncertain. ",Completed,Greenfield,,,,,,10/2/2013,QNET East Africa Ltd,"https://web.archive.org/web/20220516105632/ https://www.qnet.co.th/support/ (search QNET East Africa)  https://www.newtimes.co.rw/article/98608/e-commerce-platform-opens-in-rwanda#:~:text=With%20a%20strong%20portfolio%20of%20exclusive%20lifestyle%20products, https://techmoran.com/2013/12/17/qnet-new-kid-on-the-block-for-rwandas-e-commerce/#:~:text=Rwanda%E2%80%99s%20e-commerce%20has%20grown%20at%20a%20high%20rate%20over%20the",,,,,"https://www.newtimes.co.rw/article/98608/e-commerce-platform-opens-in-rwanda#:~:text=With%20a%20strong%20portfolio%20of%20exclusive%20lifestyle%20products, https://techmoran.com/2013/12/17/qnet-new-kid-on-the-block-for-rwandas-e-commerce/#:~:text=Rwanda%E2%80%99s%20e-commerce%20has%20grown%20at%20a%20high%20rate%20over%20the","https://www.newtimes.co.rw/article/98608/e-commerce-platform-opens-in-rwanda#:~:text=With%20a%20strong%20portfolio%20of%20exclusive%20lifestyle%20products, https://techmoran.com/2013/12/17/qnet-new-kid-on-the-block-for-rwandas-e-commerce/#:~:text=Rwanda%E2%80%99s%20e-commerce%20has%20grown%20at%20a%20high%20rate%20over%20the",https://www.qnet.net/ https://techmoran.com/2013/12/17/qnet-new-kid-on-the-block-for-rwandas-e-commerce/#:~:text=Rwanda%E2%80%99s%20e-commerce%20has%20grown%20at%20a%20high%20rate%20over%20the,,13-Oct,QNetRwandaConsumer Products184.4,,Hong Kong,QI International,Hong Kong,,Hong Kong,Kigali Rurale,Not Specified,Kigali,,,Consumer Products,Nonstore retailers,Consumer Goods,"Sales, Marketing & Support",,18,Yes,4.4,Yes,New,,"QNET Project Manager Lordever Digan, We chose to establish our first African office in Rwanda because the country offers a business-friendly environment, sound infrastructure, and reliable IT platform. I have been very impressed with the entrepreneurial spirit of the people here, and I can see a bright future for QNET in Rwanda and east Africa.""",,,,717,
2013,Huawei Technologies,,,South Africa,ICT,ICT Infrastructure,,2013-2015,Southern Africa,ICT,Unknown,,"According to Huawei's annual report in 2013, Huawei helped Eskom, South Africa's largest power company, build a high-speed and reliable power data network. However, there was no specific investment amount, and there were no subsequent reports on the project.",Unknown,Greenfield,,,,,3/1/2013,,,https://www.huawei.com/ucmf/groups/public/documents/attachments/hw_u_323372.pdf,,,,https://www.huawei.com/ucmf/groups/public/documents/attachments/hw_u_323372.pdf,,,,,13-Mar,Huawei TechnologiesSouth AfricaCommunications65710.5,,China,Huawei Technologies,Guangdong,,Shenzhen,Not Specified,Not Specified,Not Specified,,,Communications,Communications equipment,ICT & Electronics,Customer Contact Centre,,657,Yes,10.5,Yes,New,,"""The creation of this call centre is a result of Huawei's growth in the South African market. Having our own local call centre now enables users to receive direct feedback from Huawei on any queries they may have. This reduces the amount of time in which queries are processed"" said Larking Huang, general manager of Huawei Device in South Africa.",,,,517,
2012,China Machine-Building International,,100,Uganda,Industry & Trade/Ser,Manufacturing,,2010-2012,East Africa,Manufacturing,High,,"High because has deal status, announced amount, announced date. New Vision reported on Sep. 24, 2012, CMIC pledged to establish a 100 million USD iron ore mining and integreated steel plant in Mbarara district. New Vision stated the plant was expected to be fully operational in 18 months, but currently no source about this project's completion could be found.",Announced,Greenfield,100,,,,9/24/2012,,China Machine Building International Coporation (CMIC),https://www.newvision.co.ug/news/1307265/china-build-ususd100m-steel-plant-mbarara,https://www.newvision.co.ug/news/1307573/china-build-steel-plant-mbarara,,,https://www.newvision.co.ug/news/1307265/china-build-ususd100m-steel-plant-mbarara,,https://www.newvision.co.ug/news/1307265/china-build-ususd100m-steel-plant-mbarara,,,12-Sep,China Machine-Building InternationalUgandaMetals915100,,China,China National Machinery Industry,Beijing Municipality,,Beijing,Western,Not Specified,Mbarara,,,Metals,Steel products,Physical Sciences,Manufacturing,,915,Yes,100,No,New,,,,,,253,
2012,BXC Ghana,,30,Ghana,Energy,Renewable Energy Solar,2016,2010-2012,West Africa,Energy,High,,The project was invested by Beijing Xiaochen Company with 30 million US dollars. It started in 2012 and was completed in 2016.,Completed,Greenfield,30,,,,1/1/2012,4/15/2016,Beijing Xiaocheng Company (BXC),"https://www.pv-tech.org/new-solar-farm-launches-20mw-into-ghanas-national-grid/#:~:text=BXC%20originally%20invested%20US%2430,by%20Luan%20Ye%2C%20project%20manager.%20;%20https://www.pv-tech.org/new-solar-farm-launches-20mw-into-ghanas-national-grid/#:~:text=BXC%20originally%20invested%20US%2430,by%20Luan%20Ye%2C%20project%20manager.%20;%20http://usa.chinadaily.com.cn/business/2016-04/14/content_24530012.htm","https://www.pv-tech.org/new-solar-farm-launches-20mw-into-ghanas-national-grid/#:~:text=BXC%20originally%20invested%20US%2430,by%20Luan%20Ye%2C%20project%20manager.%20;%20https://www.pv-tech.org/new-solar-farm-launches-20mw-into-ghanas-national-grid/#:~:text=BXC%20originally%20invested%20US%2430,by%20Luan%20Ye%2C%20project%20manager.%20;%20http://usa.chinadaily.com.cn/business/2016-04/14/content_24530012.htm",,,"https://www.pv-tech.org/new-solar-farm-launches-20mw-into-ghanas-national-grid/#:~:text=BXC%20originally%20invested%20US%2430,by%20Luan%20Ye%2C%20project%20manager.%20;%20https://www.pv-tech.org/new-solar-farm-launches-20mw-into-ghanas-national-grid/#:~:text=BXC%20originally%20invested%20US%2430,by%20Luan%20Ye%2C%20project%20manager.%20;%20http://usa.chinadaily.com.cn/business/2016-04/14/content_24530012.htm","https://www.pv-tech.org/new-solar-farm-launches-20mw-into-ghanas-national-grid/#:~:text=BXC%20originally%20invested%20US%2430,by%20Luan%20Ye%2C%20project%20manager.%20;%20https://www.pv-tech.org/new-solar-farm-launches-20mw-into-ghanas-national-grid/#:~:text=BXC%20originally%20invested%20US%2430,by%20Luan%20Ye%2C%20project%20manager.%20;%20http://usa.chinadaily.com.cn/business/2016-04/14/content_24530012.htm",https://www.chinca.org/sjtcoc/info/54438,,,16-Feb,BXC GhanaGhanaAlternative/Renewable energy830,,China,Beijing Fuxing Xiaocheng Electronic Technology Stock,Beijing Municipality,,Beijing,Central Region,Not Specified,Not Specified,,,Alternative/Renewable energy,Solar electric power,Environmental Technology,Electricity,,8,Yes,30,No,New,,,,,,417,
2012,Beijing Automobile Works (BAW),,11.32,South Africa,Automotive,Automotive,2012,2010-2012,Southern Africa,Automotive,High,,"Cannot find announced date. Beijing Automobile Works SA, a JV between Beijing Automobile Works and South Africa‚Äôs Industrial Development Corporation, opened in 2012 a minibus taxi assembly factory in SA at an investmetn of R196-million. Since this is a JV, and BAW holds 51% of BAW SA, i have put amount stake as %11.32-million. 196 ZAR-South Africa [South African rand / R]=22.19 USD-United States [US dollar / $] ",Completed,Greenfield,,11.32,Y,51,,11/14/2012,Beijing Automobile Works SA,https://brandsouthafrica.com/103874/uncategorised/automotive-141112/,,https://brandsouthafrica.com/103874/uncategorised/automotive-141112/,https://brandsouthafrica.com/103874/uncategorised/automotive-141112/,,https://brandsouthafrica.com/103874/uncategorised/automotive-141112/,,https://www.chinadaily.com.cn/business/2012-11/28/content_15968352.htm,,12-Nov,Beijing Automobile Works (BAW)South AfricaAutomotive OEM46922.24,,China,Beijing Automotive Industry Holding,Beijing Municipality,,Beijing,Gauteng,Not Specified,Springs,,,Automotive OEM,Automobiles,Transport Equipment,Manufacturing,,469,No,22.2,No,New,,,,,,434,
2012,Powerway Renewable Energy,,1.25,South Africa,Industry & Trade/Ser,Manufacturing,,2010-2012,Southern Africa,Manufacturing,High,,"Powerway announced in January 24, 2012, that they plan to invest approximately $1.25 million into establishing production facilities in South Africa. They intended to build six production bases in six months to produce a variety of their products such as mounting structures for solar farms. No update on this project could be found so far.",Announced,Greenfield,1.25,,,,1/24/2012,,Powerway,https://www.pv-magazine.com/2012/01/24/powerway-invests-in-south-african-production-facilities_10005547/,https://www.pv-magazine.com/2012/01/24/powerway-invests-in-south-african-production-facilities_10005547/,,,https://www.pv-magazine.com/2012/01/24/powerway-invests-in-south-african-production-facilities_10005547/,,https://www.pv-magazine.com/2012/01/24/powerway-invests-in-south-african-production-facilities_10005547/,,,12-Jan,Powerway Renewable EnergySouth AfricaMetals947,,China,Powerway Renewable Energy,Guangdong,,Foshan,Northern Cape,Not Specified,Kimberley,,,Metals,Other fabricated metal products,Environmental Technology,Education & Training,,94,Yes,7,Yes,New,,,,,,576,
2012,INESA Electron (Group) Co Ltd,SVA Electronics(PTY)Ltd,0.78,South Africa,Industry & Trade/Ser,Manufacturing,,2010-2012,Southern Africa,Manufacturing,High,,,Completed,M&A,0.78,,,,12/27/2012,,,,,,,,,,,,12-Dec,INESA Electron (Group) Co LtdSouth Africa,,China,,,,,,,,,,,,,,,,,,,,,,,,,,2481425040
2012,Xinan Group(Hong Kong)Co Ltd,Golden Sunshine Mining Co Ltd,16.01,Ghana,Metals and Minerals,Metals and Minerals,,2010-2012,West Africa,Metals and Minerals,High,,,Completed,M&A,16.01,,,,11/6/2012,,,,,,,,,,,,12-Nov,Xinan Group(Hong Kong)Co LtdGhana,,Hong Kong,,,,,,,,,,,,,,,,,,,,,,,,,,2465384040
2012,China Shanghai SFECO,Chalice Gold Mines Ltd-Zara Gold Project,80,Eritrea,Metals and Minerals,Metals and Minerals,,2010-2012,East Africa,Metals and Minerals,High,,,Completed,M&A,80,,,,9/4/2012,,,,,,,,,,,,12-Sep,China Shanghai SFECOEritrea,,China,,,,,,,,,,,,,,,,,,,,,,,,,,2383374040
2012,PCCW Global Ltd,Vodacom Business Africa Group (Pty) Ltd-Gateway Carrier Services,26.42,South Africa,ICT,ICT Infrastructure,,2010-2012,Southern Africa,ICT,High,,,Completed,M&A,26.42,,,,8/31/2012,,,,,,,,,,,,12-Aug,PCCW Global LtdSouth Africa,,Hong Kong,,,,,,,,,,,,,,,,,,,,,,,,,,2423145040
2012,Sino Harbour Development Ltd,Raptobyte(Pty)Ltd,,South Africa,Industry & Trade/Ser,Housing Construction,,2010-2012,Southern Africa,Housing Construction,High,,,Completed,M&A,,,,,8/10/2012,,,,,,,,,,,,12-Aug,Sino Harbour Development LtdSouth Africa,,China,,,,,,,,,,,,,,,,,,,,,,,,,,2441484040
2012,Shandong Iron & Steel Group Co Ltd,Tonkolili Iron Ore(SL)Ltd,808.08,Sierra Leone,Metals and Minerals,Metals and Minerals,,2010-2012,West Africa,Metals and Minerals,High,,,Completed,M&A,808.08,,,,4/3/2012,,,,,,,,,,,,12-Apr,Shandong Iron & Steel Group Co LtdSierra Leone,,China,,,,,,,,,,,,,,,,,,,,,,,,,,2201654040
2012,Shandong Iron & Steel Group Co Ltd,Tonkolili Iron Ore(SL)Ltd,505.05,Sierra Leone,Metals and Minerals,Metals and Minerals,,2010-2012,West Africa,Metals and Minerals,High,,,Completed,M&A,505.05,,,,4/3/2012,,,,,,,,,,,,12-Apr,Shandong Iron & Steel Group Co LtdSierra Leone,,China,,,,,,,,,,,,,,,,,,,,,,,,,,2201662040
2012,Shandong Iron & Steel Group Co Ltd,Tonkolili Iron Ore(SL)Ltd,202.02,Sierra Leone,Metals and Minerals,Metals and Minerals,,2010-2012,West Africa,Metals and Minerals,High,,,Completed,M&A,202.02,,,,4/3/2012,,,,,,,,,,,,12-Apr,Shandong Iron & Steel Group Co LtdSierra Leone,,China,,,,,,,,,,,,,,,,,,,,,,,,,,2201671040
2012,China Fishery Group Ltd,Charmaco Investments Number Four(Proprietary)Ltd,,Namibia,Agriculture,Fisheries,,2010-2012,Southern Africa,Agriculture,High,,,Completed,M&A,,,,,3/5/2012,,,,,,,,,,,,12-Mar,China Fishery Group LtdNamibia,,Hong Kong,,,,,,,,,,,,,,,,,,,,,,,,,,2394392040
2012,Investor Group,Tullow Oil PLC-Exploration Areas,"2,896.78",Uganda,Energy,Oil and Gas,,2010-2012,East Africa,Energy,High,,,Completed,M&A,"2,896.78",,,,2/21/2012,,,,,,,,,,,,12-Feb,Investor GroupUganda,,China,,,,,,,,,,,,,,,,,,,,,,,,,,2150999040
2012,Kudumane Investment Holding Ltd,Dirleton Minerals & Energy (Pty)Ltd,,South Africa,Metals and Minerals,Metals and Minerals,,2010-2012,Southern Africa,Metals and Minerals,High,,Manganese,Completed,M&A,,,,,2/6/2012,,,,,,,,,,,,12-Feb,Kudumane Investment Holding LtdSouth Africa,,Hong Kong,,,,,,,,,,,,,,,,,,,,,,,,,,2400185040
2012,Shantui Construction Machinery,,,Kenya,Industry & Trade/Ser,,2012,2010-2012,East Africa,,Low,,"Confidence is low because no sources explicitly mention the announcement of this project. Instead, I only found an article referencing Shantui‚Äôs machinery shipments to Kenya, so additional information may be needed to confirm. No amount was found. According to a Chinese source, 3600.net, Shantui's bulldozers, loaders, road machinery, and other equipment were reportedly dispatched in batches to a Kenyan peacekeeping zone for UN peacekeeping missions as of September 20, 2012.",Completed,Greenfield,,,,,,9/20/2012,Â±±Êé®ËøõÂá∫Âè£ÂÖ¨Âè∏,http://www.6300.net/info/detail_69656.html,,,,,http://www.6300.net/info/detail_69656.html,http://www.6300.net/info/detail_69656.html,,,12-Jan,"Shantui Construction MachineryKenyaIndustrial Machinery, Equipment & Tools172.9",,China,Shantui Construction Machinery,Shandong,,Jining,Nairobi Area,Not Specified,Nairobi,,,"Industrial Machinery, Equipment & Tools","Agriculture, construction, & mining machinery",Construction,"Sales, Marketing & Support",,17,Yes,2.9,Yes,New,,,,,,630,
2012,Baotou Bei Ben Heavy-Duty Truck,,,South Africa,Automotive,Automotive,2012,2010-2012,Southern Africa,Automotive,Medium,,Cannot find announced date. Baotou Bei Ben Heavy-Duty Truck set up production line in South Africa in 2012. Exact date unknown. Cannot find investmetn amount.,Completed,Greenfield,,,,,,1/1/2012,BeiBen Heavy Duty Truck,https://dbpedia.org/page/BeiBen_Truck%20 https://www.chinatrucks.com/news/2013/0125/article_4351.html,,,,,https://dbpedia.org/page/BeiBen_Truck%20 https://www.chinatrucks.com/news/2013/0125/article_4351.html ,,https://www.beiben-trucks.com/beiben-truck-continues-to-set-up-assembly-lines-in-south-africa_n34,,12-Jun,Baotou Bei Ben Heavy-Duty TruckSouth AfricaAutomotive OEM42395.7,,China,Baotou Bei Ben Heavy-Duty Truck,Inner Mongolia,,Baotou,Not Specified,Not Specified,Not Specified,,,Automotive OEM,Heavy duty trucks,Transport Equipment,Manufacturing,,423,Yes,95.7,Yes,New,,,,,,260,
2012,Huawei Technologies,,,Egypt,ICT,ICT Services,2012,2010-2012,North Africa,ICT,Medium,,"On November 20, 2012, Huawei launched its Egypt Network Operation Center (NOC) in Smart Village. The network operation center is dedicated to the operation and management of telecommunication networks, and the provision of professional services to operators in the Northern African region (Telecom Ramblings, 2012). Given the insufficient information provided in the raw data, this seems to be a potential. No investment amount was found.",Completed,Greenfield,,,,,,11/20/2012,Huawei,https://newswire.telecomramblings.com/2012/11/huawei-launches-network-operation-center-in-cairo/,,,,,https://newswire.telecomramblings.com/2012/11/huawei-launches-network-operation-center-in-cairo/,https://newswire.telecomramblings.com/2012/11/huawei-launches-network-operation-center-in-cairo/,,,12-Nov,Huawei TechnologiesEgyptCommunications22428.4,,China,Huawei Technologies,Guangdong,,Shenzhen,Al Qahirah,Not Specified,Cairo,,,Communications,Communications equipment,ICT & Electronics,Shared Services Centre,,224,Yes,28.4,Yes,New,,,,,,420,
2012,Bank of China,,,Angola,Financial Sector,Banking Institutions,,2010-2012,Southern Africa,Financial Sector,Medium,,"Update: Changed status to Announced, as no concrete evidence can be found for the completion or commencement of this project.

This is related to deal ID 506. In December 2012 (not certain of the specific day, i just denoted 12/01/2012 in the date announced cell), the Bank of China received authorization to open a representative office in Luanda. Not sure when it was completed but it can be assumed to be complete as deal ID 497 implies this office was replaced by the BoC branch.",Announced,Greenfield,,,,,12/1/2012,,Bank of China,https://www.bankofchina.com/ao/en/aboutus/ab1/201807/t20180725_13057850.html,,,,https://clubofmozambique.com/news/bank-of-chinas-arrival-in-angola-creates-positive-expectations/,,https://www.bankofchina.com/ao/en/aboutus/ab1/201807/t20180725_13057850.html,,,12-Dec,Bank of ChinaAngolaFinancial Services911,,China,Bank of China,Beijing Municipality,,Beijing,Luanda,Not Specified,Luanda,,,Financial Services,Retail banking,Financial Services,Business Services,,9,Yes,11,Yes,New,,,,,,506,
2012,Bank of China,,,Kenya,Financial Sector,Banking Institutions,,2010-2012,East Africa,Financial Sector,Medium,,"Medium because lacks announced amount. BOC website announced on July 3 2012 that, BOC's application to set up a representative office in Nairobi, Kenya, was approved by the Central Bank of Kenya. Perceive this deal status as commenced.",Commenced,Greenfield,,,,,7/6/2012,,‰∏≠ÂõΩÈì∂Ë°å,https://www.boc.cn/aboutboc/ab8/201207/t20120706_1888655.html,,,,https://www.boc.cn/aboutboc/ab8/201207/t20120706_1888655.htmlÔºõ https://www.qianzhan.com/indynews/detail/242/20120704-14dfd9b7594cb41f.html,,https://www.boc.cn/aboutboc/ab8/201207/t20120706_1888655.html,,,12-Jul,Bank of ChinaKenyaFinancial Services1811,,China,Bank of China,Beijing Municipality,,Beijing,Not Specified,Not Specified,Not Specified,,,Financial Services,Retail banking,Financial Services,Business Services,,18,Yes,11,Yes,New,,,,,,507,
2012,China Central Television (CCTV),,,Angola,ICT,ICT Infrastructure,,2010-2012,Southern Africa,ICT,Medium,,Only found one article that mentions CCTV intending to open a delegation in Angola in 2012. No other information could be found.,Announced,Greenfield,,,,,1/20/2012,,Chinese Central Television (CCTV) ,https://allafrica.com/stories/201201201070.html,,,,https://allafrica.com/stories/201201201070.html,,,,,12-Jan,China Central Television (CCTV)AngolaCommunications167.5,,China,China Central Television (CCTV),Beijing Municipality,,Beijing,Not Specified,Not Specified,Not Specified,,,Communications,Radio & TV broadcasting,Creative Industries,"Sales, Marketing & Support",,16,Yes,7.5,Yes,New,,,,,,562,
2012,Fenchem Biotek,,,South Africa,Industry & Trade/Ser,Food and Beverage,,2010-2012,Southern Africa,Food and Beverage,Medium,,"On February 13, 2012, Fenchem Biotek announced that they will expand into the South African market by establishing an office, including a warehouse to guarantee fast delivery of their food ingredients to customers. In the same year, it appears that the office has been established according to their website. Could not find an exact completion date and it would not make sense to put down 01/01/2012 as that is before the announcement date. Will leave the completed date section blank for now. Unsure how much was invested into this project.",Completed,Greenfield,,,,,2/13/2012,,Fenchem,https://www.foodingredientsfirst.com/news/Fenchem-is-Expanding-into-South-African-Market.html,,,,https://www.foodingredientsfirst.com/news/Fenchem-is-Expanding-into-South-African-Market.html,https://www.fenchem.com/about-us,https://www.foodingredientsfirst.com/news/Fenchem-is-Expanding-into-South-African-Market.html,,,12-Feb,Fenchem BiotekSouth AfricaChemicals146.2,,China,Fenchem Biotek,Jiangsu,,Nanjing,Gauteng,Not Specified,Johannesburg,,,Chemicals,"Paints, coatings, additives & adhesives","Food, Beverages & Tobacco","Sales, Marketing & Support",,14,Yes,6.2,Yes,New,,,,,,588,
2012,Shantui Equipment Southern Africa,,,South Africa,Industry & Trade/Ser,Manufacturing,,2010-2012,Southern Africa,Manufacturing,Medium,,"WorldHighways.com wrote in March 2012 that several construction machines companies were eye expansion into the African/South African market, including Shantui. This primarely include exporting bulldozers and other machines for sale. I was not able to locate any further information than that. From the news page on the company's official website, we know that they have a presence in the SA market as of 2024, however, their news post does not go back further than February 2020. Hesitant to even call this an announcement.",Announced,Greenfield,,,,,3/1/2012,,Shantui,https://www.worldhighways.com/wh2/feature/china-looking-export-construction-machines,,,,https://www.worldhighways.com/news/shantui-keen-grow-both-organically-and-acquisition,,,https://www.worldhighways.com/news/shantui-keen-grow-both-organically-and-acquisition,,12-Mar,"Shantui Equipment Southern AfricaSouth AfricaIndustrial Machinery, Equipment & Tools275",,China,Shantui Construction Machinery,Shandong,,Jining,Mpumalanga,Not Specified,Middelburg,,,"Industrial Machinery, Equipment & Tools","Agriculture, construction, & mining machinery",Construction,Maintenance & Servicing,,27,Yes,5,Yes,New,,,,,,603,
2012,Shantui Construction Machinery,,,Ghana,Industry & Trade/Ser,Manufacturing,2012,2010-2012,West Africa,Manufacturing,Medium,,"China's Shandong Shantui Construction Machinery Import & Export Co., Ltd. opened a subsidiary in Ghana in 2012. According to reports, the company has invested a total of US$4 million in Ghana, but it did not specify how much it invested in the subsidiary project, nor did it specify the specific amount of investment.",Completed,Greenfield,,,,,,9/7/2012,Shantui West Africa,https://www.chinadaily.com.cn/world/2012-09/07/content_15742445.htm,,https://fr.apanews.net/business/inauguration-a-ndjamena-dune-usine-de-production-de-farine/,,,https://www.chinadaily.com.cn/world/2012-09/07/content_15742445.htm,,,,12-Jan,"Shantui Construction MachineryGhanaIndustrial Machinery, Equipment & Tools275",,China,Shantui Construction Machinery,Shandong,,Jining,Not Specified,Not Specified,Not Specified,,,"Industrial Machinery, Equipment & Tools","Agriculture, construction, & mining machinery",Construction,Maintenance & Servicing,,27,Yes,5,Yes,New,,,,,,604,
2012,Hisense,,,South Africa,Industry & Trade/Ser,Manufacturing,2012,2010-2012,Southern Africa,Manufacturing,Medium,,"Filled in announcement date with completion date given this is a launch of a product line that had no physical construction needed other than production of goods. I believe this to be a launch of new product lines by Hisense SA. Washingmachines and mobile communication devices. Any information broader than that is hard to locate. What the investment cost is for a new product line is hard to say. With this new product line, however, sales growth stood at 50% from 2010 to 2012 consecutively.",Completed,Greenfield,,,,,12/1/2012,12/1/2012,Hisense,https://hisense.co.za/company/,,,,https://hisense.co.za/company/,https://hisense.co.za/company/,,https://www.hirschs.co.za/hisense?srsltid=AfmBOorG0G01VFg_k_i71iFt0jOs3_blvjRY5KIV6cIilWs9T-Cxgmff https://www.prnewswire.co.uk/news-releases/china-africa-development-fund-hisense-opens-new-industrial-park-in-south-africa-210730861.html ,,12-Dec,HisenseSouth AfricaConsumer Electronics203.9,,China,Hisense,Shandong,,Qingdao,Western Cape,Not Specified,Mossel Bay,,,Consumer Electronics,Household appliances,Consumer Goods,"Sales, Marketing & Support",,20,Yes,3.9,Yes,New,,,,,,615,
2012,CNMC International Trade South Africa,,,South Africa,Metals and Minerals,Metals and Minerals,2012,2010-2012,Southern Africa,Metals and Minerals,Medium,,The Muliashi copper mine project owned by China Nonferrous Metals Group in Zambia is expected to start production at the end of February 2012 after sufficient copper ore is stored. So the Confidence Status is Medium.,Completed,Greenfield,,,,,,2/3/2012,,https://www.spglobal.com/commodityinsights/en/market-insights/latest-news/metals/020612-zambias-muliashi-copper-project-to-be-commissioned-end-feb,,,,,https://www.spglobal.com/commodityinsights/en/market-insights/latest-news/metals/020612-zambias-muliashi-copper-project-to-be-commissioned-end-feb,,,,12-Oct,CNMC International Trade South AfricaSouth AfricaMetals92.8,,China,China Nonferrous Metals Mining (CNMC),Beijing Municipality,,Beijing,Gauteng,Not Specified,Johannesburg,,,Metals,"Copper, nickel, lead, & zinc mining",Physical Sciences,"Sales, Marketing & Support",,9,Yes,2.8,Yes,New,,,,,,634,
2012,Powerway Renewable Energy,,1.25,South Africa,Industry & Trade/Ser,Renewable Energy Component Manufacturing,,2010-2012,Southern Africa,Renewable Energy Component Manufacturing,Medium,,"In 2012 the company announced that it would manufacture its Powerfit, PowerScrew and PowerTracker products in South Africa. In total it intends to establish six production sites in Kimberley, De Ar and Upington. The investment is about $1.25million, partly self-funded and partly bank loan, is expected to be completed within six months. So the Confidence Status is Medium",Announced,Greenfield,1.25,,,,1/24/2012,,Powerway Renewable Energy,https://www.eco-business.com/news/powerway-invests-in-south-african-production-facilities/,https://www.eco-business.com/news/powerway-invests-in-south-african-production-facilities/,,,https://www.eco-business.com/news/powerway-invests-in-south-african-production-facilities/,,,,,12-Jan,Powerway Renewable EnergySouth AfricaMetals3330.02,,China,Powerway Renewable Energy,Guangdong,,Foshan,Northern Cape,Not Specified,Upington,,,Metals,Steel products,Environmental Technology,Manufacturing,,333,Yes,0,Yes,New,,"Mr. Benson Wu, chief executive officer of Powerway Renewable Energy said ""the Northern Cape Province will be concentration of PV solar farms in its wide semi-desert spread areas as the result of the first round release of PV power plant tender, the vast vacant land and long lasting daily sunshine with strong irradiation which cast the best sources of green solar energy for this beautiful country. Powerway is pleased and very proud to be given the opportunity to participate in the new solar boom of this wonderful emerging market, and is ready to invest in technology transfer to contribute to the local economy, especially to boost and bloom the African community.""",,,,656,
2012,Dingsheng International Investment,,500,Mozambique,Industry & Trade/Ser,Free Trade Zones and Industrial Parks,,2010-2012,Southern Africa,Free Trade Zones and Industrial Parks,Medium,,"Update: Found a source that reports the special economic zone was created by decree on June 6 2012, so I treated this as the announcement date.

One source reports that $260 million out of the total announced $500 million has already been invested by Dingsheng International Investments, on the construction and provision of infrastructure like roads, power/water supplies, warehouses, and more.",Commenced,Greenfield,500,,,,6/6/2012,,Dingsheng International Investments,https://macaudailytimes.com.mo/mozambique-chinese-company-invests-usd260-million-sez.html,https://macaudailytimes.com.mo/mozambique-chinese-company-invests-usd260-million-sez.html,,,,,https://macaudailytimes.com.mo/mozambique-chinese-company-invests-usd260-million-sez.html,https://apiex.gov.mz/manga-mungassa-special-economic-zone,,12-Dec,Dingsheng International InvestmentMozambiqueReal Estate3000500,,Hong Kong,Dingsheng International Investment,Hong Kong,,Hong Kong,Sofala,Not Specified,Beira,,,Real Estate,Commercial & institutional building construction,Construction,Construction,,3000,Yes,500,No,New,,,,,,662,
2011,China FAW Group (First Automotive Works),,56.19,South Africa,Automotive,Automotive,2014,2010-2012,Southern Africa,Automotive,High,,"Setting announced date as November, 2011 as this is the earliest mention of the project I was able to find. The article provided talks about a production revamp but there actually was an initial investment made by the FAW company and China-Africa Development Fund to build an auto plant in South Africa. There is a talk of a second phase/expansion in the fleetwatch article, however, have not found anything yet on it: ""A possible second phase of the project"". Amount was converted: 600 ZAR-South Africa [South African rand / R]=56.19 USD-United States [US dollar / $]        ",Completed,Greenfield,,56.19,,,11/22/2011,7/25/2014,China FAW Group Corporation,https://www.fawpretoria.co.za/31-plant-production https://www.chinatrucks.com/news/2019/0508/article_8636.html,,https://www.chinatrucks.com/news/2019/0508/article_8636.html https://fleetwatch.co.za/fleetwatch-2014/faw-opens-coega-manufacturing-plant/ https://m.chinatrucks.com/news/5584.html ,,https://www.bus-ex.com/article/coega-idz,https://fleetwatch.co.za/fleetwatch-2014/faw-opens-coega-manufacturing-plant/,,,,19-May,China FAW Group (First Automotive Works)South AfricaAutomotive OEM585114.8,,China,China FAW Group (First Automotive Works),Jilin,Not Specified,Changchun,Eastern Cape,Not Specified,Port Elizabeth,Coega Industrial Development Zone,,Automotive OEM,Automobiles,Transport Equipment,Manufacturing,,585,Yes,114.8,Yes,Expansion,Announced,,South Africa and southern Africa,,http://www.chinatrucks.com/html/news/2019/0508/article_8636.html,240,
2011,Africa Great Wall Cement,,78,Mozambique,Industry & Trade/Ser,Material Production and Processing,,2010-2012,Southern Africa,Material Production and Processing,High,,"On October 4, an unofficial article reported that a new cement plant, developed by Africa Great Wall Cement Manufacturer, a Chinese company, will be built starting June 2012. The budget for the project is $78 million. It has been estimated to be complete late 2012 or early 2013, but I was not able to find updated information on this project. I was also not able to find any official sources.",Announced,Greenfield,78,,,,10/4/2011,,Africa Great Wall Cement Manufacturer,https://www.globalcement.com/news/item/549-500000t-yr-plant-planned-for-mozambique,https://www.globalcement.com/news/item/549-500000t-yr-plant-planned-for-mozambique,,,https://www.globalcement.com/news/item/549-500000t-yr-plant-planned-for-mozambique,,https://www.globalcement.com/news/item/549-500000t-yr-plant-planned-for-mozambique,,,11-Oct,Africa Great Wall CementMozambiqueBuilding & Construction Materials14278,,China,Africa Great Wall Cement,Shandong,,Jinan,Maputo,Not Specified,Not Specified,,,Building & Construction Materials,Cement & concrete products,Construction,Manufacturing,,142,Yes,78,No,New,,,,,,308,
2011,Henan Tongli Cement,,77.57,Mozambique,Industry & Trade/Ser,Material Production and Processing,,2010-2012,Southern Africa,Material Production and Processing,High,,"Update: Removed the incorrect value in the estimated cell.

On September 23, 2011, an unofficial article reported that Henan Tongli Cement plans to set up two joint ventures with two partners in Mozambique. Unsure which of the two joint ventures is being referred to here by the raw fdi data, but I assume its the one with the investment of $77.57 million since that is closer to the one in the raw data. I estimated the CN investment based on the fact that they have an 80% stake in the venture.",Announced,Greenfield,77.57,,,80,9/23/2011,,Henan Tongli Cement,https://www.cemnet.com/News/story/127786/tongli-cement-ventures-into-mozambique.html,https://www.cemnet.com/News/story/127786/tongli-cement-ventures-into-mozambique.html,,https://www.cemnet.com/News/story/127786/tongli-cement-ventures-into-mozambique.html,https://www.cemnet.com/News/story/127786/tongli-cement-ventures-into-mozambique.html,,https://www.cemnet.com/News/story/127786/tongli-cement-ventures-into-mozambique.html,,,11-Jun,Henan Tongli CementMozambiqueBuilding & Construction Materials34275.6,,China,Henan Tongli Cement,Henan,,Zhengzhou,Not Specified,Not Specified,Not Specified,,,Building & Construction Materials,Cement & concrete products,Construction,Manufacturing,,342,Yes,75.6,Yes,New,,,,,,310,
2011,FAW South Africa,,100,South Africa,Automotive,Automotive,2014,2010-2012,Southern Africa,Automotive,High,,"First Automobile Works (FAW) annouced a $100-million investment in a car plant at the Coega Industrial Development Zone outside Port Elizabeth in the Eastern Cape province in 2011. Construction began in early 2012. From Deal ID 240, we know that the plant was done by at least 2014.",Completed,Greenfield,,100,,,11/30/2011,7/25/2014,First Automotive Works (FAW),https://fleetwatch.co.za/fleetwatch-2014/faw-opens-coega-manufacturing-plant/ https://brandsouthafrica.com/104982/news-facts/fawcoega-301111/,https://brandsouthafrica.com/104982/news-facts/fawcoega-301111/,,,https://brandsouthafrica.com/104982/news-facts/fawcoega-301111/ ,https://fleetwatch.co.za/fleetwatch-2014/faw-opens-coega-manufacturing-plant/ ,,https://brandsouthafrica.com/104724/international/coega-010312/,,11-Sep,FAW South AfricaSouth AfricaAutomotive OEM45056.06,,China,China FAW Group (First Automotive Works),Jilin,,Changchun,Eastern Cape,Not Specified,Not Specified,,,Automotive OEM,Heavy duty trucks,Transport Equipment,Manufacturing,,450,No,56.1,No,New,,,,,,352,
2011,Beiqi Foton Motor,,2.18,Kenya,Automotive,Automotive,2012,2010-2012,East Africa,Automotive,High,,"High because has deal status, announced amount and announced&completed date. A Chinese source yicai reported on Nov. 21 2011 that the company intended to invest 2.18 million USD to establish Foton Motor Kenya Co., LTD. CCTV reported in March 2012 that the Kenya Sales Company of China Beiqi Foton Automobile Co., Ltd. was officially established in Nairobi on March 26, marking the project‚Äôs completion.",Completed,Greenfield,2.18,,,,11/21/2011,3/29/2012,Beiqi Foton Motors,http://news.cntv.cn/20120329/113824.shtml,https://www.yicai.com/news/1216093.html,,,https://www.yicai.com/news/1216093.html,http://news.cntv.cn/20120329/113824.shtml,https://www.yicai.com/news/1216093.html,https://www.reuters.com/article/business/autos-transportation/kenyan-factories-to-assemble-chinese-cars-trucks-idUSL6E7IL11K/Ôºõ https://usa.chinadaily.com.cn/business/2011-08/12/content_13099329.htm,,11-Nov,Beiqi Foton MotorKenyaAutomotive Components202.18,,China,Beiqi Foton Motor,Beijing Municipality,,Beijing,Not Specified,Not Specified,Not Specified,,,Automotive Components,Other motor vehicle parts,Transport Equipment,"Sales, Marketing & Support",,20,Yes,2.2,No,New,,,,,,639,
2011,Transsion Holdings (Tecno Telecom),,,Ethiopia,ICT,ICT Infrastructure,2011,2010-2012,East Africa,ICT,High,,"In 2011, Transsion Holdings became the first mobile manufacturer ever to setup a factory in Africa, when it launched a factory in Addis Ababa, Ethiopia (TechPoint, 2018; Xinhua Net, 2018; PEDaily, 2018).",Completed,Greenfield,,,,,,1/1/2011,Transsion Holdings,https://news.pedaily.cn/201809/435711.shtml https://techpoint.africa/2018/02/15/transsion-holdings-brief-history/ http://www.xinhuanet.com/english/2018-11/21/c_137622555.htm,,,,,https://news.pedaily.cn/201809/435711.shtml https://techpoint.africa/2018/02/15/transsion-holdings-brief-history/ http://www.xinhuanet.com/english/2018-11/21/c_137622555.htm,,https://www.transsion.com/about?lang=en&code=about.about.company https://en.wikipedia.org/wiki/Transsion,,12-Jul,Transsion Holdings (Tecno Telecom)EthiopiaCommunications31523.1,,Hong Kong,Transsion Holdings (Tecno Telecom),Hong Kong,,Hong Kong,Not Specified,Not Specified,Not Specified,,,Communications,Communications equipment,ICT & Electronics,Manufacturing,,315,No,23.1,Yes,New,,,,,,689,
2011,Jinchuan Group Co Ltd,Metorex Ltd,"1,328.89",South Africa,Metals and Minerals,Metals and Minerals,,2010-2012,Southern Africa,Metals and Minerals,High,,Copper/Cobalt,Completed,M&A,"1,328.89",,,,12/28/2011,,,,,,,,,,,,11-Dec,Jinchuan Group Co LtdSouth Africa,,China,,,,,,,,,,,,,,,,,,,,,,,,,,2325932040
2011,China Investment Corp,Shanduka Group (Pty) Ltd,244.53,South Africa,Financial Sector,Capital Markets,,2010-2012,Southern Africa,Financial Sector,High,,,Completed,M&A,244.53,,,,12/22/2011,,,,,,,,,,,,11-Dec,China Investment CorpSouth Africa,,China,,,,,,,,,,,,,,,,,,,,,,,,,,2374257040
2011,Wing Hing International (Holdings)Ltd,Taung Gold Ltd,847.91,South Africa,Metals and Minerals,Metals and Minerals,,2010-2012,Southern Africa,Metals and Minerals,High,,,Completed,M&A,847.91,,,,9/8/2011,,,,,,,,,,,,11-Sep,Wing Hing International (Holdings)LtdSouth Africa,,Hong Kong,,,,,,,,,,,,,,,,,,,,,,,,,,2301125040
2011,Investor Group,Wesizwe Platinum Ltd,869.42,South Africa,Metals and Minerals,Metals and Minerals,,2010-2012,Southern Africa,Metals and Minerals,High,,,Completed,M&A,869.42,,,,5/5/2011,,,,,,,,,,,,11-May,Investor GroupSouth Africa,,China,,,,,,,,,,,,,,,,,,,,,,,,,,2186191040
2011,Noble Resources South Africa,,,South Africa,Agriculture,Crops,,2010-2012,Southern Africa,Agriculture,Irrelevant,,"In 2011, China held a 15% stake in the company, and in the same year the company planned to establish an oilseed crushing plant in Mpumalanga Province, South Africa in a joint venture with Altius Investment Holdings. However, there were no follow-up reports. So the confidence Status is Low.",Announced,Greenfield,,,,15,6/9/2011,,,https://theedgemalaysia.com/node/143688,,,https://zh.wikipedia.org/wiki/%E4%BE%86%E5%AF%B6%E9%9B%86%E5%9C%98,,https://theedgemalaysia.com/node/143688,,,,11-Jul,Noble Resources South AfricaSouth AfricaFood & Tobacco15026.2,,Hong Kong,Noble Group Limited,Hong Kong,,Hong Kong,Mpumalanga,Not Specified,Not Specified,,,Food & Tobacco,Grains & oilseed,"Food, Beverages & Tobacco",Manufacturing,,150,No,26.2,Yes,New,,,,,,688,
2011,Tianjin FAW Automobile,,,Ethiopia,Automotive,Automotive,2011,2010-2012,East Africa,Automotive,Low,,"[VBA & TX] Tianjin FAW Automobile opened an assembly plant in Ethiopia in December 2011. However, no more specific information including the investment amount was available. (Automotive News China, 2012)",Completed,Greenfield,,,,,,12/1/2011,Tianjin FAW Xiali Automobile Co.,https://www.autonews.com/china/faw-opens-assembly-plant-ethiopia/,,,,,https://www.autonews.com/china/faw-opens-assembly-plant-ethiopia/,https://www.autonews.com/china/faw-opens-assembly-plant-ethiopia/,,,11-Dec,Tianjin FAW AutomobileEthiopiaAutomotive OEM86494.5,,China,China FAW Group (First Automotive Works),Jilin,,Changchun,Oromia,Not Specified,Adama,,,Automotive OEM,Automobiles,Transport Equipment,Manufacturing,,864,Yes,94.5,Yes,New,,,,,,268,
2011,ZTE,,,"Congo, Democratic Republic of the",Energy,Renewable Energy Solar,,2010-2012,Central Africa,Energy,Low,,"Could only find one source that states ZTE is planning to build a solar panel factory in Congo. Note that this is taking place in the Republic of Congo not the Democratic Republic of Congo. Could not find investment amount and the announce date is just the date the article was published as I could not find anything else. I assume the CN deal stake is 100% as it is just an investment by ZTE and mentions no other party. Renamed from Congo (DRC) to Congo, Democratic Republic of the",Announced,Greenfield,,,,100,3/15/2011,,,http://cg.mofcom.gov.cn/article/jmxw/201103/20110307448382.shtml,,,http://cg.mofcom.gov.cn/article/jmxw/201103/20110307448382.shtml,http://cg.mofcom.gov.cn/article/jmxw/201103/20110307448382.shtml,,http://cg.mofcom.gov.cn/article/jmxw/201103/20110307448382.shtml,,,11-Mar,"ZTECongo, Democratic Republic of theElectronic Components15711.8",,China,ZTE,Guangdong,,Shenzhen,Cuvette,Oyo,Not Specified,,,Electronic Components,All other electrical equipment & components,Environmental Technology,Manufacturing,,157,Yes,11.8,Yes,New,,,,,,494,
2011,Industrial and Commercial Bank of China (ICBC),,,South Africa,Financial Sector,Banking Institutions,2011,2010-2012,Southern Africa,Financial Sector,Low,,This is a bank opening which has no amount associated with it typically. Would not appear in the final numbers.,Completed,Greenfield,,,,,,11/29/2011,Industrial and Commercial Bank of China,https://brandsouthafrica.com/104991/news-facts/cpticbc-291111/,,,,,,,,,11-Nov,Industrial and Commercial Bank of China (ICBC)South AfricaFinancial Services1711,,China,Industrial and Commercial Bank of China (ICBC),Beijing Municipality,,Beijing,Western Cape,Not Specified,Cape Town,,,Financial Services,Retail banking,Financial Services,Business Services,,17,Yes,11,Yes,New,,"""Being an important gateway of Africa to the world and a member of the BRICS, South Africa is recognised as a model of the fast-growing economies in Africa. ICBC's decision to open a representative office in South Africa reflects the strong belief we have in Africa, as well as the importance of the China-Africa strategic partnership,"" said chairman Jiang Jianqing.",,,,509,
2011,Hasan International,,400,Ghana,Industry & Trade/Ser,Manufacturing,,2010-2012,West Africa,Manufacturing,Low,,"Hasan Ghana to invest four billion dollars in Sekondi Freezone in 2011, but there is no further information about the subsequent progress of the project. So the Deal Status is left as Announced, the Confidence Status is Low.",Announced,Greenfield,400,,,,2/19/2011,,Hasan Ghana Investment Limited,https://www.businessghana.com/site/news/business/128755/Hasan-Ghana-to-invest-four-billion-dollars-in-Sekondi-Freezone,https://www.businessghana.com/site/news/business/128755/Hasan-Ghana-to-invest-four-billion-dollars-in-Sekondi-Freezone,,,https://www.businessghana.com/site/news/business/128755/Hasan-Ghana-to-invest-four-billion-dollars-in-Sekondi-Freezone,,,,,11-Feb,Hasan InternationalGhanaMetals30004000,,Hong Kong,Hasan International,Hong Kong,,Hong Kong,Western Region,Not Specified,Sekondi-Takoradi,,,Metals,Alumina & aluminium production and processing,Physical Sciences,Manufacturing,,3000,Yes,"4,000.00",No,New,,,,,,660,
2011,Higer Bus,,,Zambia,Automotive,Automotive,,2010-2012,Southern Africa,Automotive,Medium,,"According to Lusaka Times (2011), Higher Bus plans to establish an assembly plant in Zambia; using publication year for date announced. However, haven't found additional information to verify this",Announced,Greenfield,,,,,1/1/2011,,Higer,https://www.lusakatimes.com/2011/05/07/china-auto-firm-establish-assembly-plant-zambia/,,,,https://www.lusakatimes.com/2011/05/07/china-auto-firm-establish-assembly-plant-zambia/,,https://www.lusakatimes.com/2011/05/07/china-auto-firm-establish-assembly-plant-zambia/,,,11-May,Higer BusZambiaAutomotive OEM86494.5,,China,Xiamen King Long Motor Group,Fujian,,Xiamen,Not Specified,Not Specified,Not Specified,,,Automotive OEM,Heavy duty trucks,Transport Equipment,Manufacturing,,864,Yes,94.5,Yes,New,,,,,,270,
2011,Beiqi Foton Motor,,14,Kenya,Automotive,Automotive,,2010-2012,East Africa,Automotive,Medium,,"Medium confidence because we have the deal status, announced amount, and announcement date; however, there is a relatively large discrepancy between the announced amount and the RAW FDI Markets data. Sina reported in April 2011 that Foton Motor East Africa production base groundbreaking ceremony was held in Kenya's capital Nairobi.",Commenced,Greenfield,14,,,,4/11/2011,,Beiqi Foton Motor Company,https://news.sina.com.cn/o/2011-04-05/013022237301.shtml,https://www.constructionkenya.com/2000/china-foton-kenya-plant/,,,https://www.constructionkenya.com/2000/china-foton-kenya-plant/,,https://www.constructionkenya.com/2000/china-foton-kenya-plant/,,,11-Apr,Beiqi Foton MotorKenyaAutomotive OEM50068,,China,Beiqi Foton Motor,Beijing Municipality,,Beijing,Nairobi Area,Not Specified,Nairobi,,,Automotive OEM,Automobiles,Transport Equipment,Manufacturing,,500,No,68,Yes,New,,,,,,322,
2011,New Hope Group (NHG),,,South Africa,Agriculture,"Agricultural Extension, Research, and Other Support Activities",,2010-2012,Southern Africa,Agriculture,Medium,,"Looks like New Hope Group were looking to expand their market to SA in the fall of 2011. In an article from farmlandgrab.org, it is mentioned that according to the company's most recent annual report, the Group was as of Nvoemebr 2011 looking at establishing  a plant in Johannesburg in the near future. However, i cannot seem to locate any mention of SA in their repports. Another article from the same news source confirmed these intentions in January 2012 and by China Daily in November 2012. However, little more is found on the project.",Announced,Greenfield,,,,,11/16/2011,,New Hope Group,https://www.farmlandgrab.org/post/19927-new-hope-and-marubeni-join-for-overseas-expansion,,,,https://www.farmlandgrab.org/post/19617-china-s-new-hope-to-set-up-overseas-investment-fund https://www.chinadaily.com.cn/business/2012-11/29/content_15970641.htm ,,,https://www.allaboutfeed.net/animal-feed/feed-processing/new-hope-and-marubeni-join-for-overseas-expansion/,,11-Nov,New Hope Group (NHG)South AfricaFood & Tobacco12834.7,,China,New Hope Group (NHG),Sichuan,,Chengdu,Gauteng,Not Specified,Johannesburg,,,Food & Tobacco,Animal food,"Food, Beverages & Tobacco",Manufacturing,,128,Yes,34.7,Yes,New,,,,,,399,
2011,The China-Africa Development Fund (CADFund),,,Ghana,Financial Sector,Banking Institutions,2011,2010-2012,West Africa,Financial Sector,Medium,,"China-Africa Development Fund opens Ghana office in 2011, but no information about invest amount, so the confidence status is medium",Completed,Greenfield,,,,,,11/12/2011,China-Africa Development Fund (CADFund),https://www.ghanabusinessnews.com/2011/11/12/china-africa-development-fund-opens-ghana-office/,,,,,https://www.ghanabusinessnews.com/2011/11/12/china-africa-development-fund-opens-ghana-office/,,,,11-Nov,The China-Africa Development Fund (CADFund)GhanaFinancial Services1811,,China,The China-Africa Development Fund (CADFund),Beijing Municipality,,Beijing,Greater Accra Region,Not Specified,Accra,,,Financial Services,Corporate & investment banking,Financial Services,Business Services,,18,Yes,11,Yes,New,,,,,,508,
2011,Huawei Symantec Technologies,,,South Africa,ICT,ICT Services,2011,2010-2012,Southern Africa,ICT,Medium,,"In February 2011, Huawei Symantec opened an office in South Africa. The company is a joint venture between US software security company Symantec (steak 49%) and Chinese hardware manufacturer Huawei (steak  51%).",Completed,Greenfield,,,,51%,,2/12/2011,Huawei Symantec,https://www.timeslive.co.za/news/sci-tech/2011-02-25-huawei-symantec-opens-sa-office/,,,https://www.marketscreener.com/quote/stock/GEN-DIGITAL-INC-4907/news/Huawei-Technologies-Co-Ltd-completed-the-acquisition-of-49-stake-in-Huawei-Symantec-Technologies-39411207/,,https://www.timeslive.co.za/news/sci-tech/2011-02-25-huawei-symantec-opens-sa-office/,https://www.securitysa.com/news.aspx?pklnewsid=38451,,,11-Feb,Huawei Symantec TechnologiesSouth AfricaSoftware & IT services105.8,,China,Huawei Symantec Technologies,Sichuan,,Chengdu,Gauteng,Not Specified,Johannesburg,,,Software & IT services,"Software publishers, except video games",ICT & Electronics,"Sales, Marketing & Support",,10,Yes,5.8,Yes,New,,"""The South African economy is enjoying tremendous growth, in particular, medium and large corporations in the telecom, finance, manufacturing, government, and resources sectors "" says Edmont Rao, regional director, sub-sahara region, Huawei Symantec.",,,,593,
2011,Guangxi Liugong Machinery,,,South Africa,Industry & Trade/Ser,Manufacturing,2011,2010-2012,Southern Africa,Manufacturing,Medium,,"Cannot find announced date. LiuGong opened its new headquarters in Johannesburg in December, 2011. It is estimated that the headquarters would generate R200 million per annum. Cost of investment into the new building is not publicly disclosed.",Completed,Greenfield,,,,,,12/5/2011,LiuGong,https://cisp.cachefly.net/assets/articles/attachments/36731_liugong.pdf,,,,,https://cisp.cachefly.net/assets/articles/attachments/36731_liugong.pdf,,,,10-Dec,"Guangxi Liugong MachinerySouth AfricaIndustrial Machinery, Equipment & Tools254.7",,China,Guangxi Liugong Machinery,Guangxi,,Liuzhou,Gauteng,Not Specified,Johannesburg,,,"Industrial Machinery, Equipment & Tools","Agriculture, construction, & mining machinery",Construction,Headquarters,,25,Yes,4.7,No,New,,,,,,610,
2011,Pacific Basin,,,South Africa,Industry & Trade/Ser,Business Services,2011,2010-2012,Southern Africa,Business Services,Medium,,"Pacific Basin Shipping has opened a new office in Durban, South Africa, Seatrade Asia reported online. However, no specific investment amount was given. So the Confidencce Status is Medium.",Completed,Greenfield,,,,,,12/2/2011,Pacific Basin Shipping,https://en.portnews.ru/news/132749/,,,,,https://en.portnews.ru/news/132749/,,,,11-Dec,Pacific BasinSouth AfricaTransportation1015.3,,Hong Kong,Pacific Basin,Hong Kong,,Hong Kong,KwaZulu-Natal,Not Specified,Durban,,,Transportation,Water transportation,"Transportation, Warehousing & Storage","Sales, Marketing & Support",,10,Yes,15.3,Yes,New,,,,,,692,
2011,Brilliance China Automotive,,46,Benin,Industry & Trade/Ser,Manufacturing,,2010-2012,West Africa,Manufacturing,Unknown,,"Update: No further information.   It could be verified that this investment was announced in 2011 but no further details on whether or not this investment has commenced. hence, i am using unknown for its confidence status",Announced,Greenfield,46,,,51,5/4/2011,,,https://www.chinadaily.com.cn/bizchina/2011-05/04/content_12439996.htm,https://carnewschina.com/2011/05/05/brilliance-to-start-joint-venture-in-benin/,,https://carnewschina.com/2011/05/05/brilliance-to-start-joint-venture-in-benin/,https://www.chinadaily.com.cn/bizchina/2011-05/04/content_12439996.htm,,https://www.chinadaily.com.cn/bizchina/2011-05/04/content_12439996.htm,,,11-May,Brilliance China AutomotiveBeninAutomotive OEM34046.2,,Hong Kong,Brilliance China Automotive,Hong Kong,,Hong Kong,Littoral,Not Specified,Cotonou,,,Automotive OEM,Automobiles,Transport Equipment,Manufacturing,,340,Yes,46.2,No,New,,,,,,682,
2010,Zhejiang Gonow Automobile,,10,South Africa,Automotive,Automotive,,2010-2012,Southern Africa,Automotive,High,,"Several news outlets posted in 2010 that Zhejiang Gonow Automobile planned on investing $10-million in a new assembly plant by 2013. Given the time frame and that there is no proof of an existing factory, my inclination is that this project got suspended. However no official confirmation on this so putting as unknown for now. PK 11/18/2024 Changing status to high, given we have amount, status, and date, with the caveat that this project might only have been announced but never came to fruition due to the timeframe.",Announced,Greenfield,10,,,,6/4/2010,,Zhejiang Gonow Auto,https://www.globaltimes.cn/auto/auto-china/industry/2011-03/538850.html https://autonews.gasgoo.com/m/1015448.html ,https://www.globaltimes.cn/auto/auto-china/industry/2011-03/538850.html https://autonews.gasgoo.com/m/1015448.html ,,,https://www.globaltimes.cn/auto/auto-china/industry/2011-03/538850.html https://autonews.gasgoo.com/m/1015448.html ,,,,,10-Jun,Zhejiang Gonow AutomobileSouth AfricaAutomotive OEM42395.7,,China,GAIG Stock (Guangzhou Automobile),Guangdong,,Guangzhou,Not Specified,Not Specified,Not Specified,,,Automotive OEM,Light trucks & utility vehicles,Transport Equipment,Manufacturing,,423,Yes,95.7,Yes,New,,,,,,262,
2010,Chongqing Lifan Industry,,15,Ethiopia,Automotive,Automotive,2010,2010-2012,East Africa,Automotive,High,,"[VBA & TX]  Chongqing Lifan Industry invested US$15 million to build an Addis Ababa factory in Ethiopia in 2010. According to Addis Fortune (2023) and The Reporter (2024), the company has faced various challenges due to the foreign currency crunch resulting in them halting production > Changing status from ""Completed"" to ""Suspended"". | CAD Fund was considering investing in the expansion of LIFAN Motors Company ($3 million) (Ezega, 2010). According to China Daily (2013), Lifan plans to spend another $15 million on a vehicle spare parts plant, expand the current assembly plant and set up another two showrooms in Addis Ababa. The company website also mentions that by 2012, investments is going to be increased to 30 million RMB (Lifanth, 2011). Sources are in additional sources column). May need to add additional rows.",Suspended,Greenfield,15,,,,,1/1/2010,Lifan Motors,https://web.archive.org/web/20240525113255/https://addisfortune.news/currency-rues-drive-lifan-motors-production-to-grinding-halt/ https://thereportermagazines.com/2548/ https://africa.chinadaily.com.cn/weekly/2013-04/19/content_16422800.htm https://web.archive.org/web/20160430000259/https://www.lifanth.com/en/press-room/239-lifan-build-oversea-factory-in-ethiopia-.html,https://africa.chinadaily.com.cn/weekly/2013-04/19/content_16422800.htm https://web.archive.org/web/20160430000259/https://www.lifanth.com/en/press-room/239-lifan-build-oversea-factory-in-ethiopia-.html,,,,https://africa.chinadaily.com.cn/weekly/2013-04/19/content_16422800.htm https://web.archive.org/web/20160430000259/https://www.lifanth.com/en/press-room/239-lifan-build-oversea-factory-in-ethiopia-.html,https://africa.chinadaily.com.cn/weekly/2013-04/19/content_16422800.htm https://web.archive.org/web/20160430000259/https://www.lifanth.com/en/press-room/239-lifan-build-oversea-factory-in-ethiopia-.html,https://www.ezega.com/News/NewsDetails?NewsID=2240 https://africa.chinadaily.com.cn/africa/2013-06/18/content_16632171.htm https://web.archive.org/web/20221129034426/https://addisfortune.net/articles/lifan-motors-has-a-long-road-vision-in-ethiopia/,,11-May,Chongqing Lifan IndustryEthiopiaAutomotive OEM86494.5,,China,Chongqing Lifan Industry,Chongqing Municipality,,Chongqing,Not Specified,Not Specified,Not Specified,,,Automotive OEM,Automobiles,Transport Equipment,Manufacturing,,864,Yes,94.5,Yes,New,,,,,,269,
2010,Ningbo Hwazhou Mine Investment,,87.23,Gabon,Metals and Minerals,Metals and Minerals,,2010-2012,Central Africa,Metals and Minerals,High,,"CITIC Dameng Mining Co., Ltd. acquired a 51% controlling interest in the Gabonese company Huazhou Mining (Gabon) Industry and Trade Co., Ltd. (CICMHZ in Gabon) (hereinafter referred to as ""Gabon Company"") in November 2007. In 2010, Huazhou Mining recently expressed its willingness to invest 61 million euros to develop the Mombeli manganese mine, located 200 kilometers southeast of the capital. This is an ongoing project with no clear completion date.",Completed,Greenfield,87.23,,,51%,11/5/2010,,ÂçéÂ∑ûÁüø‰∏ö(Âä†Ëì¨)Â∑•Ë¥∏ÊúâÈôêÂÖ¨Âè∏,https://www.cnfeol.com/news/external_summary/20101105/10310959000.aspx,https://www.cnfeol.com/news/external_summary/20101105/10310959000.aspx,,http://mn.southmn.com/content/?1426_en.html,https://www.cnfeol.com/news/external_summary/20101105/10310959000.aspx,,,,,7-Jan,Ningbo Hwazhou Mine InvestmentGabonMinerals38355.6,,China,Ningbo Hwazhou Mine Investment,Zhejiang,,Ningbo,Not Specified,Not Specified,Not Specified,,,Minerals,Nonmetallic mineral mining & quarrying,Physical Sciences,Extraction,,383,Yes,55.6,Yes,New,,,,,,354,
2010,Zhejiang Gonow Automobile,,10,South Africa,Automotive,Automotive,,2010-2012,Southern Africa,Automotive,High,,"On June 4, 2010, Zhejiang Gonow Auto announced plans to build an assembly plant in South Africa, with a planned investment of $10 million. They planned to finish construction by 2013, though no updates found on this.",Announced,Greenfield,10,,,,6/4/2010,,Zhejiang Gonow Auto,https://www.globaltimes.cn/auto/auto-china/industry/2011-03/538850.html,https://www.globaltimes.cn/auto/auto-china/industry/2011-03/538850.html,,,https://www.globaltimes.cn/auto/auto-china/industry/2011-03/538850.html,,https://www.globaltimes.cn/auto/auto-china/industry/2011-03/538850.html,,,10-Jun,Zhejiang Gonow AutomobileSouth AfricaAutomotive OEM6010,,China,GAIG Stock (Guangzhou Automobile),Guangdong,,Guangzhou,Not Specified,Not Specified,Not Specified,,,Automotive OEM,Light trucks & utility vehicles,Transport Equipment,Manufacturing,,60,Yes,10,No,New,,,,,,526,
2010,Huawei Technologies,,530,South Africa,ICT,ICT Services,2012,2010-2012,Southern Africa,ICT,High,,"In November 2011, Huawei Technologies Co., Ltd. agreed to acquire the remaining 49% of Huawei Symantec Technologies Co., Ltd. from Symantec Corporation for US$530 million. The acquisition was completed in March 2012. (MarketScreener, 2012) ",Completed,Greenfield,530,,,,11/14/2010,3/30/2012,"Huawei Technologies Co., Ltd.",https://www.marketscreener.com/quote/stock/GEN-DIGITAL-INC-4907/news/Huawei-Technologies-Co-Ltd-completed-the-acquisition-of-49-stake-in-Huawei-Symantec-Technologies-39411207/,https://www.marketscreener.com/quote/stock/GEN-DIGITAL-INC-4907/news/Huawei-Technologies-Co-Ltd-completed-the-acquisition-of-49-stake-in-Huawei-Symantec-Technologies-39411207/,,,https://www.marketscreener.com/quote/stock/GEN-DIGITAL-INC-4907/news/Huawei-Technologies-Co-Ltd-completed-the-acquisition-of-49-stake-in-Huawei-Symantec-Technologies-39411207/,https://www.marketscreener.com/quote/stock/GEN-DIGITAL-INC-4907/news/Huawei-Technologies-Co-Ltd-completed-the-acquisition-of-49-stake-in-Huawei-Symantec-Technologies-39411207/,https://www.huawei.com/de/news/de/2011/hw_105612,https://www.huawei.com/de/news/de/2011/hw_105612,,11-Nov,Huawei TechnologiesSouth AfricaCommunications167.5,,China,Huawei Technologies,Guangdong,,Shenzhen,Western Cape,Not Specified,Cape Town,,,Communications,Communications equipment,ICT & Electronics,"Sales, Marketing & Support",,16,Yes,7.5,Yes,New,,,,,,569,
2010,Strong Best Investment Ltd,Tin-Can Island Container Terminal Ltd,154,Nigeria,Transportation,Ports/Waterways,,2010-2012,West Africa,Transportation,High,,,Completed,M&A,154,,,,11/5/2010,,,,,,,,,,,,10-Nov,Strong Best Investment LtdNigeria,,Hong Kong,,,,,,,,,,,,,,,,,,,,,,,,,,2237187040
2010,Aluminum Corp Of China,Rio Tinto PLC-Simandou Iron Ore Project,"1,351.39",Guinea,Metals and Minerals,Metals and Minerals,,2010-2012,West Africa,Metals and Minerals,High,,,Completed,M&A,"1,351.39",,,,7/29/2010,,,,,,,,,,,,10-Jul,Aluminum Corp Of ChinaGuinea,,China,,,,,,,,,,,,,,,,,,,,,,,,,,2167973040
2010,GD Midea Holding Co Ltd,Misr Refrigeration & Air Conditioning Manufacturing Co,57,Egypt,Industry & Trade/Ser,Manufacturing,,2010-2012,North Africa,Manufacturing,High,,,Completed,M&A,57,,,,7/22/2010,,,,,,,,,,,,10-Jul,GD Midea Holding Co LtdEgypt,,China,,,,,,,,,,,,,,,,,,,,,,,,,,2179054040
2010,China-Africa Development Fund Co Ltd,Misr Refrigeration & Air Conditioning Manufacturing Co,3.72,Egypt,Industry & Trade/Ser,Manufacturing,,2010-2012,North Africa,Manufacturing,High,,,Completed,M&A,3.72,,,,7/22/2010,,,,,,,,,,,,10-Jul,China-Africa Development Fund Co LtdEgypt,,China,,,,,,,,,,,,,,,,,,,,,,,,,,2179627040
2010,Wuhan Iron & Steel Group Corp,Riversdale Mining Ltd-Zambeze Coal Project,799.99,Mozambique,Energy,Energy Mining,,2010-2012,Southern Africa,Energy,High,,,Completed,M&A,799.99,,,,6/23/2010,,,,,,,,,,,,10-Jun,Wuhan Iron & Steel Group CorpMozambique,,China,,,,,,,,,,,,,,,,,,,,,,,,,,2196507040
2010,Wuhan Iron & Steel Group Corp,China-Africa Development Fund Co Ltd-Iron Ore Mine,68.45,Liberia,Metals and Minerals,Metals and Minerals,,2010-2012,West Africa,Metals and Minerals,High,,,Completed,M&A,68.45,,,,3/15/2010,,,,,,,,,,,,10-Mar,Wuhan Iron & Steel Group CorpLiberia,,China,,,,,,,,,,,,,,,,,,,,,,,,,,2164495040
2010,Bosai Minerals Group Co Ltd,Ghana Bauxite Co Ltd(Alcan Aluminum Ltd),,Ghana,Metals and Minerals,Metals and Minerals,,2010-2012,West Africa,Metals and Minerals,High,,,Completed,M&A,,,,,2/3/2010,,,,,,,,,,,,10-Feb,Bosai Minerals Group Co LtdGhana,,China,,,,,,,,,,,,,,,,,,,,,,,,,,2153287040
2010,Investor Group,Sephaku Gold Holdings(Pty)Ltd,10.78,South Africa,Metals and Minerals,Metals and Minerals,,2010-2012,Southern Africa,Metals and Minerals,High,,,Completed,M&A,10.78,,,,1/27/2010,,,,,,,,,,,,10-Jan,Investor GroupSouth Africa,,Hong Kong,,,,,,,,,,,,,,,,,,,,,,,,,,2144723040
2010,Standard Chartered Private Equity Ltd,Seven Energy Ltd,47.5,Nigeria,Energy,Oil and Gas,,2010-2012,West Africa,Energy,High,,,Completed,M&A,47.5,,,,1/13/2010,,,,,,,,,,,,10-Jan,Standard Chartered Private Equity LtdNigeria,,Hong Kong,,,,,,,,,,,,,,,,,,,,,,,,,,2164518040
2010,China Central Television (CCTV),,,Kenya,ICT,ICT Services,2010,2010-2012,East Africa,ICT,Medium,,"Found a new Chinese source reporting the completion of the production center. Changed the completed date from 01/12/2012 to 11/30/2010. Didn't find announced date.

Medium because lacks completed amount.. Capital News reported on 12 Jan 2012 that CCTV News set up a production centre outside of China and about 100 people were employed there.",Completed,Greenfield,,,,,,11/30/2010,China Central Television (CCTV),https://1118.cctv.com/20101130/107947.shtml,,,,,https://www.capitalfm.co.ke/news/2012/01/chinese-tv-launches-english-language-africa-broadcast/; https://www.cnn.com/2012/09/05/business/china-africa-cctv-media/index.html,https://www.cnn.com/2012/09/05/business/china-africa-cctv-media/index.html,,,12-Jan,China Central Television (CCTV)KenyaCommunications12360.5,,China,China Central Television (CCTV),Beijing Municipality,,Beijing,Nairobi Area,Not Specified,Nairobi,,,Communications,Radio & TV broadcasting,Creative Industries,"Design, Development & Testing",,123,Yes,60.5,Yes,New,,,,,,339,
2010,The China-Africa Development Fund (CADFund),,,Ethiopia,Industry & Trade/Ser,"Public Administration - Industry, Trade and Services",2010,2010-2012,East Africa,"Public Administration - Industry, Trade and Services",Medium,,"[VBA & TX] According to Ezega (2010), China Africa Development Fund inaugurated its Addis Ababa Representative Office in early April 2010. Unclear how much was invested. It is considering investing in three projects. According to Yong Wang, Chief Representative of CADFund‚Äôs Addis Ababa Office, CAD Fund is considering investing in three projects in Ethiopia: a Chinese industrial zone ($5 billion-- 3 phases), establishing a food processing company, and expanding LIFAN Motors Company ($3 million) (may be related to Deal ID 228). According to Wikipedia, CAD helped to establish the Ethiopian Special Economic Zone, called the Eastern Ethiopian Industrial Zone (EEIZ).",Completed,Greenfield,,,,,,4/1/2010,China Africa Development Fund (CADFund),https://www.ezega.com/News/NewsDetails?NewsID=2240,,,,,https://www.ezega.com/News/NewsDetails?NewsID=2240,https://www.ezega.com/News/NewsDetails?NewsID=2240,https://en.wikipedia.org/wiki/China-Africa_Development_Fund#cite_note-13,,10-Apr,The China-Africa Development Fund (CADFund)EthiopiaFinancial Services1811,,China,The China-Africa Development Fund (CADFund),Beijing Municipality,,Beijing,Addis Ababa,Not Specified,Addis Ababa,,,Financial Services,Corporate & investment banking,Financial Services,Business Services,,18,Yes,11,Yes,New,,,,,,511,
2010,Shantui Construction Machinery,,,South Africa,Automotive,Automotive,2010,2010-2012,Southern Africa,Automotive,Medium,,"Cannot find any relevant information after searching for key-words based on the previous entry around the year 2010. PK 11/18/24 Upon further research, it looks like Shandong Shantui Construction Machinery established a subsidiary under the name Shantui Equipment South Africa (Pty) Ltd in SA. The company was established in 2009 and became operational in 2010. Changing status to medium and adding completed date. PK 12/6/24 Adding announced date as same as commenced as this is an establishment of a subsidiary with no physicla construction.",Completed,Greenfield,,,,,1/1/2010,1/1/2010,Shandong Shantui Construction Machinery Import & Export Co Ltd,https://www.chinadaily.com.cn/bizchina/2014-06/03/content_17558003.htm,,,,https://www.chinadaily.com.cn/bizchina/2014-06/03/content_17558003.htm,https://www.chinadaily.com.cn/bizchina/2014-06/03/content_17558003.htm,,,,10-May,"Shantui Construction MachinerySouth AfricaIndustrial Machinery, Equipment & Tools172.9",,China,Shantui Construction Machinery,Shandong,,Jining,Gauteng,Not Specified,Johannesburg,,,"Industrial Machinery, Equipment & Tools","Agriculture, construction, & mining machinery",Construction,"Sales, Marketing & Support",,17,Yes,2.9,Yes,New,,,,,,632,
2010,ZTS International Industrial (G-Tide),,,Zimbabwe,ICT,ICT Services,,2010-2012,Southern Africa,ICT,Unknown,,I used unknown as status because i could not find information about the deal amount or further information since the announcement in 2010. there is no source provided in FDi market or cleaned data for more details on the specificity of the deal,Unknown,Greenfield,,,,,4/27/2010,,,https://www.voazimbabwe.com/a/cheap-chinese-g-tide-phones-take-zimbabwe-by-storm-92191144/1457707.html,,,,https://www.voazimbabwe.com/a/cheap-chinese-g-tide-phones-take-zimbabwe-by-storm-92191144/1457707.html,,https://www.voazimbabwe.com/a/cheap-chinese-g-tide-phones-take-zimbabwe-by-storm-92191144/1457707.html,,,10-Jan,ZTS International Industrial (G-Tide)ZimbabweCommunications15155.4,,China,ZTS International Industrial (G-Tide),Guangdong,,Shenzhen,Not Specified,Not Specified,Not Specified,,,Communications,Communications equipment,ICT & Electronics,"Logistics, Distribution & Transportation",,151,Yes,55.4,Yes,New,,,,,,355,
2009,China Nonferrous Metals Mining (CNMC),,368,Zambia,Metals and Minerals,Metals and Minerals,2012,2007-2009,Southern Africa,Metals and Minerals,High,,"RP: Added announce date. There was already a source with the announce date in the announce date source section but i'm not sure why a date was not added, so i added it. On May 8 2009, Non-Ferrous China Africa (NFCA) of China Non- Ferrous Metals Mining Corporation (CNMC) acquired majority stake (85%) in the Luanshya Copper mines (LCM) for $50 million. This later changed to 80% CNMC and 20% ZCCM-IH (ZCCM-IH, 2024). The mine was previously owned by Bein Stein Resources Group (BSRG) and International Mineral Resources (IMR) (subsidiaries of Enya Holdings), who shut down the mine (as well as the Chambishi Metals Plc-- Deal ID 137) in December 2008 due to lower metal prices (Reuters, 2009). CNMC pledged $400 million on June 4, 2009 to the Baluba (Deal ID 258) and Mulyashi mines, which are expansion projects that are a part of Luanshya Copper Mines (LCM) (Deal ID 185) (The Namibian, 2009; Mining MX, 2009). The $368 million project was completed on April 2012 (Land Matrix, 2013). Construction was expected to begin in Jan 2010 (Mining MX, 2009). Mulyashi was initially projected to start production by February 2009 but was shut down by previous owners in Dec 2008 (see additional sources).",Completed,Greenfield,,368,N,80,7/27/2009,4/1/2012,China Nonferrous Metals Co Ltd (CNMC),https://landmatrix.org/media/uploads/republicofminingcom20130606copper-expansion-the-copperbelt-the-pride-of-zambia-by-john-chadwick-publisher-international-mining-june-2013.pdf,https://www.miningmx.com/news/base-metals/22917-cnmc-to-start-copper-mine/#:~:text=[miningmx.com]%20%E2%80%94%20China%20Nonferrous%20Metal%20Mining%20Corp.%20(CNMC) https://www.namibian.com.na/chinas-cnmc-to-invest-400m-in-zambia-mines/#:~:text=LUSAKA%20%E2%80%93%20China%20Nonferrous%20Metal%20Mining%20Corp.%20(CNMC)%20on,"https://landmatrix.org/media/uploads/republicofminingcom20130606copper-expansion-the-copperbelt-the-pride-of-zambia-by-john-chadwick-publisher-international-mining-june-2013.pdf (search ""Muliashi"")",https://www.zccm-ih.com.zm/investments/mining-assets/cnmc-luanshya-copper-mines-plc/#:~:text=CNMC%20acquired%20an%2085%%20stake%20in%20Luanshya%20Copper%20Mines%20(%E2%80%9CLCM%E2%80%9D) https://www.reuters.com/article/business/finance/chinas-cnmc-gets-approval-for-zambia-mine-purchase-idUSJOE59E00N/#:~:text=The%20Chinese%20and%20Zambian%20governments%20have%20approved%20China,https://www.miningmx.com/news/base-metals/22917-cnmc-to-start-copper-mine/#:~:text=[miningmx.com]%20%E2%80%94%20China%20Nonferrous%20Metal%20Mining%20Corp.%20(CNMC) https://www.namibian.com.na/chinas-cnmc-to-invest-400m-in-zambia-mines/#:~:text=LUSAKA%20%E2%80%93%20China%20Nonferrous%20Metal%20Mining%20Corp.%20(CNMC)%20on,"https://landmatrix.org/media/uploads/republicofminingcom20130606copper-expansion-the-copperbelt-the-pride-of-zambia-by-john-chadwick-publisher-international-mining-june-2013.pdf (search ""Muliashi"") https://republicofmining.com/2013/06/06/copper-expansion-the-copperbelt-the-pride-of-zambia-by-john-chadwick-publisher-international-mining-june-2013/","https://landmatrix.org/media/uploads/republicofminingcom20130606copper-expansion-the-copperbelt-the-pride-of-zambia-by-john-chadwick-publisher-international-mining-june-2013.pdf (search ""Muliashi"")",https://www.reuters.com/article/business/zambias-luanshya-suspends-new-copper-mine-idUSJOE4AH0E9/#:~:text=Zambia's%20Luanshya%20Copper%20Mine%20(LCM)%20has%20suspended%20building https://africaportal.org/wp-content/uploads/2023/05/SAIIA_Occasional_Paper_62.pdf https://www.cnmcl.net/media/oqfhoufw/%E5%8D%A2%E5%AE%89%E5%A4%8F%E5%B0%BD%E8%B4%A3%E7%AE%A1%E7%90%86%E6%8A%A5%E5%91%8A-2023%E5%B9%B41%E6%9C%88%E8%87%B36%E6%9C%88.pdf https://www.cnmcl.net/media/4xsoyqcp/%E5%8D%A2%E5%AE%89%E5%A4%8F%E5%B0%BD%E8%B4%A3%E7%AE%A1%E7%90%86%E5%BA%A6%E6%8A%A5%E5%91%8A-2023%E5%B9%B47%E6%9C%88%E8%87%B32024%E5%B9%B46%E6%9C%88.pdf,,9-Dec,China Nonferrous Metals Mining (CNMC)ZambiaMetals547400,,China,China Nonferrous Metals Mining (CNMC),Beijing Municipality,,Beijing,Copperbelt Province,Not Specified,Ndola,,,Metals,"Copper, nickel, lead, & zinc mining",Physical Sciences,Extraction,,547,Yes,400,No,Expansion,,,,,,158,
2009,China Nonferrous Metals Mining (CNMC),,74,Zambia,Metals and Minerals,Metals and Minerals,,2007-2009,Southern Africa,Metals and Minerals,High,,"On May 8 2009, Non-Ferrous China Africa (NFCA) of China Non- Ferrous Metals Mining Corporation (CNMC) has an 80% stake while ZCCM-IH has a 20% stake (ZCCM-IH, 2024). The mine was previously owned by Bein Stein Resources Group (BSRG) and International Mineral Resources (IMR) (subsidiaries of Enya Holdings), who shut down the mine (as well as the Chambishi Metals Plc-- Deal ID 137) in December 2008 due to lower metal prices (Reuters, 2009). CNMC pledged $400 million on June 4, 2009 to the Baluba and Mulyashi (Deal ID 158) mines, which are expansion projects that are a part of Luanshya Copper Mines (LCM) (Deal ID 185) (Nambian, 2009; Mining MX, 2009). CNMC has invested $4 million in rehabilitaitng and replacing euipment and machinery at the mine (Land Matrix, 2013)",Announced,Greenfield,74,,N,80,6/4/2009,,China Nonferrous Metal Mining Corp. (CNMC),"https://www.spglobal.com/commodityinsights/en/market-insights/latest-news/metals/122310-zambia-approves-china-cnmc-expansion-plans-for-muliashi-copper-project#:~:text=Zambia%20Development%20Agency,%20the%20investment%20arm%20of%20the https://www.namibian.com.na/chinas-cnmc-to-invest-400m-in-zambia-mines/#:~:text=LUSAKA%20%E2%80%93%20China%20Nonferrous%20Metal%20Mining%20Corp.%20(CNMC)%20on https://www.miningmx.com/news/base-metals/22917-cnmc-to-start-copper-mine/#:~:text=[miningmx.com]%20%E2%80%94%20China%20Nonferrous%20Metal%20Mining%20Corp.%20(CNMC)","https://landmatrix.org/media/uploads/republicofminingcom20130606copper-expansion-the-copperbelt-the-pride-of-zambia-by-john-chadwick-publisher-international-mining-june-2013.pdf (search ""Baluba"")",,https://www.zccm-ih.com.zm/investments/mining-assets/cnmc-luanshya-copper-mines-plc/#:~:text=CNMC%20acquired%20an%2085%%20stake%20in%20Luanshya%20Copper%20Mines%20(%E2%80%9CLCM%E2%80%9D) https://www.reuters.com/article/business/finance/chinas-cnmc-gets-approval-for-zambia-mine-purchase-idUSJOE59E00N/#:~:text=The%20Chinese%20and%20Zambian%20governments%20have%20approved%20China,https://www.namibian.com.na/chinas-cnmc-to-invest-400m-in-zambia-mines/#:~:text=LUSAKA%20%E2%80%93%20China%20Nonferrous%20Metal%20Mining%20Corp.%20(CNMC)%20on https://www.miningmx.com/news/base-metals/22917-cnmc-to-start-copper-mine/#:~:text=[miningmx.com]%20%E2%80%94%20China%20Nonferrous%20Metal%20Mining%20Corp.%20(CNMC),,https://www.namibian.com.na/chinas-cnmc-to-invest-400m-in-zambia-mines/#:~:text=LUSAKA%20%E2%80%93%20China%20Nonferrous%20Metal%20Mining%20Corp.%20(CNMC)%20on https://www.miningmx.com/news/base-metals/22917-cnmc-to-start-copper-mine/#:~:text=[miningmx.com]%20%E2%80%94%20China%20Nonferrous%20Metal%20Mining%20Corp.%20(CNMC),"http://www.sulphuric-acid.com/sulphuric-acid-on-the-web/acid%20plants/Chambishi%20Copper%20Smelter.htm https://www.cnmcl.net/en/about-us/company-profile/ (see ""Milestone > 2009"") https://africaportal.org/wp-content/uploads/2023/05/SAIIA_Occasional_Paper_62.pdf https://www.cnmcl.net/media/oqfhoufw/%E5%8D%A2%E5%AE%89%E5%A4%8F%E5%B0%BD%E8%B4%A3%E7%AE%A1%E7%90%86%E6%8A%A5%E5%91%8A-2023%E5%B9%B41%E6%9C%88%E8%87%B36%E6%9C%88.pdf https://www.cnmcl.net/media/4xsoyqcp/%E5%8D%A2%E5%AE%89%E5%A4%8F%E5%B0%BD%E8%B4%A3%E7%AE%A1%E7%90%86%E5%BA%A6%E6%8A%A5%E5%91%8A-2023%E5%B9%B47%E6%9C%88%E8%87%B32024%E5%B9%B46%E6%9C%88.pdf",,9-Oct,China Nonferrous Metals Mining (CNMC)ZambiaMetals34296.2,,China,China Nonferrous Metals Mining (CNMC),Beijing Municipality,,Beijing,Copperbelt Province,Not Specified,Not Specified,,,Metals,"Copper, nickel, lead, & zinc mining",Physical Sciences,Manufacturing,,342,Yes,96.2,Yes,Expansion,,,,,,258,
2009,Changan Automobile Group,,80,South Africa,Automotive,Automotive,,2007-2009,Southern Africa,Automotive,High,,"Changan Automobile announced in July 2009 they were planning on investing $80-million to build a car plant in South Africa. However, other news outlets published shortly after that statement notes that the company's local dealer company was placed in final liquidation. While that does not mean Changan went fully bankrupt, it would disrupt their distribution and marketing locally in SA. Combined with the lack of information following this announcement, my inclination is that this got suspended. PK 11/18/24 Changing status to high and cancelled. We have confirmation of the announced investment, but given the sources stating that Changan SA was placed under final liquidation 3 years after the announcement, it is most likely that this investment was cancelled.",Cancelled,Greenfield,80,,,,7/15/2009,,Chana Auto Company (ChangAn),https://www.pressreader.com/south-africa/cape-times/20120911/281981784777595?srsltid=AfmBOoqm4qFBqEFc4SJ33pu82e9nIlVPkw-Ard2lRG5XEnq4NmXYR1_j ,https://m.chinabuses.org/news/1682.html,,,https://m.chinabuses.org/news/1682.html,,,https://www.republikein.com.na/nuus/chana-sa-goes-belly-up-for-now https://www.iol.co.za/motoring/industry-news/chana-sa-goes-belly-up-for-now-1380159 https://www.pressreader.com/south-africa/cape-times/20120911/281981784777595?srsltid=AfmBOoqm4qFBqEFc4SJ33pu82e9nIlVPkw-Ard2lRG5XEnq4NmXYR1_j ,,9-Jul,Changan Automobile GroupSouth AfricaAutomotive OEM100080,,China,China South Industries Group (CSG),Beijing Municipality,,Beijing,Not Specified,Not Specified,Not Specified,,,Automotive OEM,Automobiles,Transport Equipment,Manufacturing,,1000,No,80,No,New,,,,,,307,
2009,Right Source Enterprises Ltd,Faraway International Ltd and Long State International Ltd,3.78,Botswana,Financial Sector,Capital Markets,,2007-2009,Southern Africa,Financial Sector,High,,,Completed,M&A,3.78,,,,12/31/2009,,,,,,,,,,,,9-Dec,Right Source Enterprises LtdBotswana,,Hong Kong,,,,,,,,,,,,,,,,,,,,,,,,,,2130249040
2009,Earnrich Group Ltd,Blue Ridge Platinum (Pty) Ltd,,South Africa,Metals and Minerals,Metals and Minerals,,2007-2009,Southern Africa,Metals and Minerals,High,,,Completed,M&A,,,,,9/22/2009,,,,,,,,,,,,9-Sep,Earnrich Group LtdSouth Africa,,Hong Kong,,,,,,,,,,,,,,,,,,,,,,,,,,2111292040
2009,China North Vehicle Co Ltd,Super Group Trading (Proprieta ry) Ltd-Equipment and Commerci l Vehicle,,South Africa,Industry & Trade/Ser,Logistics and Distribution,,2007-2009,Southern Africa,Logistics and Distribution,High,,,Completed,M&A,,,,,9/10/2009,,,,,,,,,,,,9-Sep,China North Vehicle Co LtdSouth Africa,,China,,,,,,,,,,,,,,,,,,,,,,,,,,2107482040
2009,China Nonferrous Metal Mining (Group) Co Ltd,Luanshya Copper Mines PLC,,Zambia,Metals and Minerals,Metals and Minerals,,2007-2009,Southern Africa,Metals and Minerals,High,,,Completed,M&A,,,,,6/6/2009,,,,,,,,,,,,9-Jun,China Nonferrous Metal Mining (Group) Co LtdZambia,,China,,,,,,,,,,,,,,,,,,,,,,,,,,2081976040
2009,Matsunichi Global Investment Ltd,Matsunichi Digital Technology Ltd,0.12,Tanzania,Industry & Trade/Ser,Manufacturing,,2007-2009,East Africa,Manufacturing,High,,,Completed,M&A,0.12,,,,3/3/2009,,,,,,,,,,,,9-Mar,Matsunichi Global Investment LtdTanzania,,Hong Kong,,,,,,,,,,,,,,,,,,,,,,,,,,2043169040
2009,Jumbo Right Investments Ltd,Sino-Africa Technology & Trading Ltd,109.42,South Africa,Industry & Trade/Ser,Logistics and Distribution,,2007-2009,Southern Africa,Logistics and Distribution,High,,,Completed,M&A,109.42,,,,2/27/2009,,,,,,,,,,,,9-Feb,Jumbo Right Investments LtdSouth Africa,,Hong Kong,,,,,,,,,,,,,,,,,,,,,,,,,,1999768040
2009,China National Petroleum (CNPC),,,Chad,Energy,Oil and Gas,,2007-2009,Central Africa,Energy,Low,,"China National Petroleum Corporation (CNPC) in 2009 built a 300 km long oil pipeline in Chad, which will transport crude oil from the Koudalwa oil field to the Djarmaya refinery north of N'Djamena. The project was scheduled to be completed in 2013, but there is no follow-up information. There is no clear investment amount. So the confidence Status is Low.",Announced,Greenfield,,,,60,7/1/2009,,China National Petroleum Corp. (CNPC),https://www.ogj.com/pipelines-transportation/pipelines/article/17277726/cnpc-begins-construction-of-chad-oil-pipeline,,,https://www.ogj.com/pipelines-transportation/pipelines/article/17277726/cnpc-begins-construction-of-chad-oil-pipeline,https://www.ogj.com/pipelines-transportation/pipelines/article/17277726/cnpc-begins-construction-of-chad-oil-pipeline,,,,,9-Jul,China National Petroleum (CNPC)ChadTransportation9345.7,,China,China National Petroleum (CNPC),Beijing Municipality,,Beijing,Not Specified,Not Specified,Not Specified,,,Transportation,Pipeline transportation of crude oil,Energy,"Logistics, Distribution & Transportation",,93,Yes,45.7,Yes,New,,,,,,382,
2009,The China-Africa Development Fund (CADFund),,,South Africa,,,2009,2007-2009,Southern Africa,,Low,,This is just CAD fund opening an office as opposed to an actual investment,Completed,Greenfield,,,,,,3/16/2009,China-Africa Development Fund,https://www.suedafrika.org/en/news-archive/newsarchive-details/datum/2009/03/19/china-africa-relations-to-deepen/print.html,,,,,https://www.suedafrika.org/en/news-archive/newsarchive-details/datum/2009/03/19/china-africa-relations-to-deepen/print.html,,,,9-Mar,The China-Africa Development Fund (CADFund)South AfricaFinancial Services1711,,China,The China-Africa Development Fund (CADFund),Beijing Municipality,,Beijing,Gauteng,Not Specified,Johannesburg,,,Financial Services,Corporate & investment banking,Financial Services,Business Services,,17,Yes,11,Yes,New,,,,,,513,
2009,China National Petroleum (CNPC),,,Sudan,Energy,Oil and Gas,,2007-2009,East Africa,Energy,Medium,,"China National Petroleum Corporation (CNPC) has signed agreements with Sudan to expand a refinery and swap oil production assets, according to a statement on the company's website Friday (report was on November 20, 2009 so date announced is November 18, 2009). CNPC would partially swap a shareholding in Block 6 with Malaysia's Petroliam Nasional Bhd's Block 5A in Sudan, according to the statement, without giving details. Sector: Energy- oil and gas.",Announced,Greenfield,,,,,11/18/2009,,China National Petroleum Corporation (CNPC),"http://www.china.org.cn/business/2009-11/20/content_18927350.htm#:~:text=China%20National%20Petroleum%20Corporation%20(CNPC),%20China's%20biggest",,,,,,"http://www.china.org.cn/business/2009-11/20/content_18927350.htm#:~:text=China%20National%20Petroleum%20Corporation%20(CNPC),%20China's%20biggest",,,9-Nov,"China National Petroleum (CNPC)SudanCoal, Oil and Natural Gas1461641.2",,China,China National Petroleum (CNPC),Beijing Municipality,,Beijing,Al Khartum,Not Specified,Khartoum,,,"Coal, Oil and Natural Gas",Petroleum refineries,Energy,Manufacturing,,146,Yes,"1,641.20",Yes,Expansion,,,,,,118,
2009,China Nonferrous Metals Mining (CNMC),,50,Zambia,Metals and Minerals,Metals and Minerals,2009,2007-2009,Southern Africa,Metals and Minerals,Medium,,"On May 8 2009 (Reuters, 2009), Non-Ferrous China Africa (NFCA) of China Non- Ferrous Metals Mining Corporation (CNMC) acquired majority stake (85%) in the Luanshya Copper mines (LCM) for $50 million. This later changed to 80% CNMC and 20% ZCCM-IH (ZCCM-IH, 2024). The mine was previously owned by Bein Stein Resources Group (BSRG) and International Mineral Resources (IMR) (subsidiaries of Enya Holdings), who shut down the mine (as well as the Chambishi Metals Plc-- Deal ID 137) in December 2008 due to lower metal prices (Reuters, 2009). CNMC pledged $400 million on June 4, 2009 to the Baluba (Deal ID 258) and Mulyashi (Deal ID 158) mines, which are expansion projects that are a part of Luanshya Copper Mines (LCM) (Nambian, 2009; Mining MX, 2009).",Completed,Greenfield,,50,N,80,,5/8/2009,China Nonferrous Metals Mining,https://www.reuters.com/article/minerals-zambia-luanshya/update-1-zambia-picks-china-firm-to-run-luanshya-copper-mine-idUKL8104451920090508/  https://www.reuters.com/article/business/finance/chinas-cnmc-gets-approval-for-zambia-mine-purchase-idUSJOE59E00N/#:~:text=The%20Chinese%20and%20Zambian%20governments%20have%20approved%20China,https://www.miningmx.com/news/base-metals/22917-cnmc-to-start-copper-mine/#:~:text=[miningmx.com]%20%E2%80%94%20China%20Nonferrous%20Metal%20Mining%20Corp.%20(CNMC) https://www.namibian.com.na/chinas-cnmc-to-invest-400m-in-zambia-mines/#:~:text=LUSAKA%20%E2%80%93%20China%20Nonferrous%20Metal%20Mining%20Corp.%20(CNMC)%20on,"https://www.spglobal.com/commodityinsights/en/market-insights/latest-news/metals/122310-zambia-approves-china-cnmc-expansion-plans-for-muliashi-copper-project#:~:text=Zambia%20Development%20Agency,%20the%20investment%20arm%20of%20the https://www.reuters.com/article/business/finance/chinas-cnmc-gets-approval-for-zambia-mine-purchase-idUSJOE59E00N/#:~:text=The%20Chinese%20and%20Zambian%20governments%20have%20approved%20China",https://www.zccm-ih.com.zm/investments/mining-assets/cnmc-luanshya-copper-mines-plc/#:~:text=CNMC%20acquired%20an%2085%%20stake%20in%20Luanshya%20Copper%20Mines%20(%E2%80%9CLCM%E2%80%9D) https://www.reuters.com/article/business/finance/chinas-cnmc-gets-approval-for-zambia-mine-purchase-idUSJOE59E00N/#:~:text=The%20Chinese%20and%20Zambian%20governments%20have%20approved%20China,,https://www.reuters.com/article/minerals-zambia-luanshya/update-1-zambia-picks-china-firm-to-run-luanshya-copper-mine-idUKL8104451920090508/  https://www.reuters.com/article/business/finance/chinas-cnmc-gets-approval-for-zambia-mine-purchase-idUSJOE59E00N/#:~:text=The%20Chinese%20and%20Zambian%20governments%20have%20approved%20China,https://www.cnmcl.net/en/about-us/company-profile/,https://africaportal.org/wp-content/uploads/2023/05/SAIIA_Occasional_Paper_62.pdf https://www.cnmcl.net/en/about-us/company-profile/  https://www.cnmcl.net/media/oqfhoufw/%E5%8D%A2%E5%AE%89%E5%A4%8F%E5%B0%BD%E8%B4%A3%E7%AE%A1%E7%90%86%E6%8A%A5%E5%91%8A-2023%E5%B9%B41%E6%9C%88%E8%87%B36%E6%9C%88.pdf https://www.cnmcl.net/media/4xsoyqcp/%E5%8D%A2%E5%AE%89%E5%A4%8F%E5%B0%BD%E8%B4%A3%E7%AE%A1%E7%90%86%E5%BA%A6%E6%8A%A5%E5%91%8A-2023%E5%B9%B47%E6%9C%88%E8%87%B32024%E5%B9%B46%E6%9C%88.pdf,,9-Jul,China Nonferrous Metals Mining (CNMC)ZambiaMetals1012246.7,,China,China Nonferrous Metals Mining (CNMC),Beijing Municipality,,Beijing,Copperbelt Province,Not Specified,Not Specified,,,Metals,Nonferrous metal production & processing,Physical Sciences,Extraction,,1012,Yes,246.7,Yes,New,,,,,,185,
2009,Shijiazhuang Shuanghuan Automobile,,,Sudan,Industry & Trade/Ser,Manufacturing,2009,2007-2009,East Africa,Manufacturing,Medium,,"Update: The announcement date could not be found after further investigation.

Found just one article that reports the opening of a new plant in Sudan. It is jointly built between Shuanghuan Auto and local vehicle manufacturer GIAD Motor Co. The plant was opened on August 26, 2009, two years after Shuanghuan began operations in Sudan. Exact CN deal stake or investment amount unclear.",Completed,Greenfield,,,,,,8/26/2009,Shuanghuan Automobile Co,https://www.globaltimes.cn/content/461396.shtml,,,,,https://www.globaltimes.cn/content/461396.shtml,https://www.globaltimes.cn/content/461396.shtml,,,9-Aug,Shijiazhuang Shuanghuan AutomobileSudanAutomotive OEM86494.5,,China,Shijiazhuang Shuanghuan Automobile,Hebei,,Shijiazhuang,Not Specified,Not Specified,Not Specified,,,Automotive OEM,Light trucks & utility vehicles,Transport Equipment,Manufacturing,,864,Yes,94.5,Yes,New,,Chinese carmaker Shuanghuan Automobile Co has started up production at its first overseas plant in Sudan to meet increasing demand in the region.,,,,272,
2009,Huawei Technologies,,,South Africa,ICT,ICT Services,2009,2007-2009,Southern Africa,ICT,Medium,,"Filled in announcement date with completion date given this is a research center with possibly no physical construction needed. Huawei opened its first Reasearch & Development Center (R&D) in SA in November 2009. Their annual reports does not mention a specific investment in the center, other than that the center was established/constructed. However, their 2009 report mentions that ""R&D expenses in 2009 amounted to CNY 13,340 million, an increase of 27.4% from that of 2008."" (Huawei 2009 report, p. 16(19)) This is although encompassing all 12 R&D investments of the fiscal year, not specific to the Johannesburg facility.",Completed,Greenfield,,,,,11/27/2009,11/27/2009,Huawei,https://www-file.huawei.com/-/media/corp2020/pdf/sustainability/past-yeas/csr_2009_en.pdf (p. 5(8)),,,,https://www-file.huawei.com/-/media/corp2020/pdf/sustainability/past-yeas/csr_2009_en.pdf (p. 5(8)),https://www-file.huawei.com/-/media/corp2020/pdf/sustainability/past-yeas/csr_2009_en.pdf (p. 5(8)) https://www.telecompaper.com/news/huawei-opens-r-d-centre-in-south-africa--705572    ,,https://www.itweb.co.za/article/huawei-establishes-sas-first-telecoms-rampd-facility/xA9POvNXG2pMo4J8 https://www.huawei.com/-/media/corp2020/annual-report/pdf/2009-en-hw_092117.pdf (p. 16(19)),,9-Nov,Huawei TechnologiesSouth AfricaCommunications12360.5,,China,Huawei Technologies,Guangdong,,Shenzhen,Gauteng,Not Specified,Johannesburg,,,Communications,Wireless telecommunication carriers,ICT & Electronics,"Design, Development & Testing",,123,Yes,60.5,Yes,New,,,,,,340,
2009,CGC Overseas Construction (CGCOC),,,Ethiopia,Industry & Trade/Ser,Manufacturing,2009,2007-2009,East Africa,Manufacturing,Medium,,"[VBA & TX] The inauguration ceremony of the Ethiopia Hansom Glass Plc. was on May 7, 2009 (China Embassy, 2009). According to All Africa (2012), operations were suspended in beginning April 2010 due to the economic crisis and later resumed in 2012. The article (as well as the Ethiopian Embassy in London) also mentions that the factory was established in 2007, which I think they meant when construction was first launched as indicated by Glass on Web (2008). The factory is jointly funded by CGC Overseas Construction and China Africa Development Fund (Glass On Web, 2008 & 2009). Total investments is 280.5 million Birr (16 million USD) (Glass On Web, 2008 & 2009). ",Completed,Greenfield,,,,,,5/7/2009,CGC Overseas Construction Co. LTD.,http://et.china-embassy.gov.cn/eng/zagx/200907/t20090716_7130213.htm https://web.archive.org/web/20130728221958/https://allafrica.com/stories/201209210348.html https://www.glassonweb.com/news/ethiopia-new-glass-factory-enters-market-with-capacity-42000-tons-year,,https://www.glassonweb.com/news/ethiopia-new-glass-factory-enters-market-with-capacity-42000-tons-year,https://web.archive.org/web/20130728221958/https://allafrica.com/stories/201209210348.html http://et.china-embassy.gov.cn/eng/zagx/200907/t20090716_7130213.htm https://www.glassonweb.com/news/ethiopias-first-glass-factory-begins-producing-sample-produces,,http://et.china-embassy.gov.cn/eng/zagx/200907/t20090716_7130213.htm https://web.archive.org/web/20130728221958/https://allafrica.com/stories/201209210348.html  https://www.glassonweb.com/news/ethiopia-new-glass-factory-enters-market-with-capacity-42000-tons-year,http://et.china-embassy.gov.cn/eng/zagx/200907/t20090716_7130213.htm https://web.archive.org/web/20130728221958/https://allafrica.com/stories/201209210348.html  https://www.glassonweb.com/news/ethiopia-new-glass-factory-enters-market-with-capacity-42000-tons-year,,,8-Aug,CGC Overseas Construction (CGCOC)EthiopiaCeramics & Glass4015,,China,CGC Overseas Construction (CGCOC),Beijing Municipality,,Beijing,Addis Ababa,Not Specified,Addis Ababa,,,Ceramics & Glass,Glass & glass products,Industrial,Manufacturing,,40,Yes,15,No,New,,,,,,477,
2009,China Development Bank,,,Egypt,Financial Sector,Banking Institutions,2009,2007-2009,North Africa,Financial Sector,Medium,,"According to ICBC (2016), CDB chose Egypt as ""the destination of its first overseas representative office esablished in 2009"" where they have since issued multiple loans to support Egypt's foreign exchange reserves and provmote the development of its industrial sector and SMEs. Other sources like Sari Eldin & Partner (2009) and China Daily (2009) say it occured on November 10, 2009. Amount isn't mentioned. Confidence status: medium",Completed,Greenfield,,,,,,10/11/2009,China Development Bank (CDB),"https://www.icbc.be/icbc/en/newsupdates/financialnews/worldeconomy/EgyptianChineseBanksSignLoanDealsToEnhanceFinancialCooperation.htm#:~:text=CDB%20chose%20Egypt%20as%20the,Chinese%20financial%20institution%20in%20Egypt. https://www.davidpublisher.com/Public/uploads/Contribute/5ee6e227d5675.pdf https://eba.org.eg/PortalFiles/ebaevents/Seminars//20230704021335.pdf",,,,,https://www.chinadaily.com.cn/business////2009-11/12/content_8960899.htm https://sarieldin.com/news/press-release/china-development-bank-establishes-representative-office-cairo ,"https://www.icbc.be/icbc/en/newsupdates/financialnews/worldeconomy/EgyptianChineseBanksSignLoanDealsToEnhanceFinancialCooperation.htm#:~:text=CDB%20chose%20Egypt%20as%20the,Chinese%20financial%20institution%20in%20Egypt. https://www.davidpublisher.com/Public/uploads/Contribute/5ee6e227d5675.pdf",https://www.cdb.com.cn/English/gykh_512/zzjg/fzjg/gj/kldbc/,,9-Jul,China Development BankEgyptFinancial Services1811,,China,China Development Bank,Beijing Municipality,,Beijing,Al Qahirah,Not Specified,Cairo,,,Financial Services,Retail banking,Financial Services,Business Services,,18,Yes,11,Yes,New,,,,,,512,
2009,Brilliance China Automotive,,,Egypt,Automotive,Automotive,2011,2007-2009,North Africa,Automotive,Medium,,"Brilliance Auto Group announced plans to restart its assembly line in Egypt (ECNS, 2016). The facility first ran from 2006 until it was suspended in 2009 (see Deal ID 681). According to Global Times (2009), Brilliance Auto, the China-Africa Development Fund and Bavarian Auto Group (BAG) will invest $75 million to build Brilliance Egypt Automotive Manufacturing Co., Ltd. and Brilliance Egypt Automotive Sales Co., Ltd in the Economic and Trade Cooperation Zone of Egypt. An agreement was signed on November 7, 2009. The three parties plan to build the companies in January 2010 and to complete the project by June 2011. Based on the company website, ""In 2011, Brilliance Bavarian Auto was established to start a new era in the Egyptian automotive market and launched H530 Sedan and Jinbei H2 Microbus."" (using as date of completion). | However, according to China Daily (2016), the assembly line will restart in 2016. According to Enterprise (2019), Brilliance Auto intends to reassemble cars in Egypt starting from the first quarter of 2020 with investments of $120 million (sources are placed in additional sources column for now). ",Completed,Greenfield,,,,,11/7/2009,6/1/2011,Brilliance Auto,https://www.chinadaily.com.cn/world//2016xivisitmiddleeast/2016-01/18/content_23130939.htm,https://www.globaltimes.cn/content/483667.shtml https://autonews.gasgoo.com/china_news/1012867.html,,,https://www.globaltimes.cn/content/483667.shtml https://autonews.gasgoo.com/china_news/1012867.html,,,https://www.chinadaily.com.cn/world//2016xivisitmiddleeast/2016-01/18/content_23130939.htm,,9-Nov,Brilliance China AutomotiveEgyptAutomotive OEM55275,,Hong Kong,Brilliance China Automotive,Hong Kong,,Hong Kong,Not Specified,Not Specified,Not Specified,,,Automotive OEM,Automobiles,Transport Equipment,Manufacturing,,552,Yes,75,No,New,,,,,,675,
2008,China National Petroleum (CNPC),,"5,000.00",Niger,Energy,Oil and Gas,,2007-2009,West Africa,Energy,High,,This project has commenced and a second phase started but there is no information on how much has been completed on the investment,Commenced,Greenfield,"5,000",,N,60,6/4/2008,,China National Petroleum Corp. (CNPC),https://www.reuters.com/article/business/energy/niger-awards-second-oil-permit-to-cnpc-plans-exports-idUSL5N0J1094/,https://www.ogj.com/refining-processing/article/17268929/chinese-to-start-construction-of-refineries-in-niger-chad,,https://www.petroleumafrica.com/niger-renegotiates-refinery-loan/,https://chinaeconomicreview.com/cnpc-strikes-5bn-oil-deal-with-niger/,,https://chinaeconomicreview.com/cnpc-strikes-5bn-oil-deal-with-niger/,,,8-Jun,"China National Petroleum (CNPC)NigerCoal, Oil and Natural Gas1461641.2",,China,China National Petroleum (CNPC),Beijing Municipality,,Beijing,Niger,Not Specified,Not Specified,,,"Coal, Oil and Natural Gas",Petroleum refineries,Energy,Manufacturing,,146,Yes,"1,641.20",Yes,New,,,,,,119,
2008,Hebei Jingniu Group,,12.5,Zimbabwe,Industry & Trade/Ser,Manufacturing,,2007-2009,Southern Africa,Manufacturing,High,,"The investment announced was 400 but as the source status shows, only 12.5million has been invested so far. As of 2016 when the source status publication was made, the company faces fund challlenge in completing the project. Couldnt confirm recent status of the project",Commenced,Greenfield,400,12.5,N,,11/29/2008,,China Jingniu Glass Factory (Pvt) Limited,https://bulawayo24.com/index-id-business-sc-companies-byo-83860.html,https://www.glassonline.com/zimbabwe-chinese-firm-in-usd-400-million-glass-project/,https://bulawayo24.com/index-id-business-sc-companies-byo-83860.html,,https://allafrica.com/stories/200812040739.html,,https://www.glassonline.com/zimbabwe-chinese-firm-in-usd-400-million-glass-project/,,Kadoma,8-Dec,Hebei Jingniu GroupZimbabweCeramics & Glass1077400,,China,Hebei Jingniu Group,Hebei,,Not Specified,Harare,Not Specified,Kadoma,,,Ceramics & Glass,Glass & glass products,Industrial,Manufacturing,,1077,Yes,400,No,New,,,,,,159,
2008,Zhonghao Overseas Construction Engineering Limited,,350,Nigeria,Industry & Trade/Ser,Material Production and Processing,,2007-2009,West Africa,Material Production and Processing,High,,Update: no further information. whether or not this project has commenced is not known but company name was registered,Announced,Greenfield,350,,N,55,7/23/2008,,Zhonghao Overseas Construction Engineering Company Limited,https://allafrica.com/stories/200808060731.html,https://allafrica.com/stories/200808060731.html,,https://www.cemnet.com/News/story/136011/new-nigerian-cement-plant-venture-announced.html,https://allafrica.com/stories/200808060731.html,,https://www.cemnet.com/News/story/136011/new-nigerian-cement-plant-venture-announced.html,,,8-Aug,Zhonghao Overseas Construction Engineering LimitedNigeriaBuilding & Construction Materials660362.21,,China,Zhonghao Overseas Construction Engineering Limited,Beijing Municipality,,Beijing,Sokoto State,Not Specified,Not Specified,,,Building & Construction Materials,Cement & concrete products,Construction,Manufacturing,,660,Yes,362.2,No,New,,,,,,161,
2008,Jiangling Motors (JMC),,556,Algeria,Industry & Trade/Ser,Manufacturing,,2007-2009,North Africa,Manufacturing,High,,"In 2008, Jiangling Motors Corporation, Jiangxi Coal Corporation Group, and Algeria's Groupe Mazouz signed an agreement to develop an economic and trade cooperation zone with the purpose of assembling cars, with an investment of $556 million. However, the project has since been cancelled",Cancelled,Greenfield,556,,,,1/1/2008,,Jiangling Motors Cooperation,https://www.afdb.org/fileadmin/uploads/afdb/Documents/Publications/Brochure%20China%20Anglais.pdf,https://www.afdb.org/fileadmin/uploads/afdb/Documents/Publications/Brochure%20China%20Anglais.pdf,,,https://www.afdb.org/fileadmin/uploads/afdb/Documents/Publications/Brochure%20China%20Anglais.pdf,,https://www.afdb.org/fileadmin/uploads/afdb/Documents/Publications/Brochure%20China%20Anglais.pdf,,,8-Apr,Jiangling Motors (JMC)AlgeriaAutomotive OEM2108286.53,,China,Jiangling Motors (JMC),Jiangxi,,Nanchang,Not Specified,Not Specified,Not Specified,,,Automotive OEM,Automobiles,Transport Equipment,Manufacturing,,2108,Yes,286.5,No,New,,,,,,171,
2008,TouchRoad Group,,51,Botswana,Industry & Trade/Ser,Manufacturing,,2007-2009,Southern Africa,Manufacturing,High,,"According to Reuters, the project was expected to be completed in 2011, but there is no clear information indicating that the project has been completed.",Commenced,Greenfield,51,,,,5/15/2008,,Touchroad International,https://www.reuters.com/article/markets/companies/china-touchroad-group-wants-africa-industrial-parks-idUSL15154353/,https://www.reuters.com/article/markets/companies/china-touchroad-group-wants-africa-industrial-parks-idUSL15154353/,,,https://www.reuters.com/article/markets/companies/china-touchroad-group-wants-africa-industrial-parks-idUSL15154353/,https://www.reuters.com/article/markets/companies/china-touchroad-group-wants-africa-industrial-parks-idUSL15154353/,https://www.reuters.com/article/markets/companies/china-touchroad-group-wants-africa-industrial-parks-idUSL15154353/,,,8-May,TouchRoad GroupBotswanaReal Estate1430200,,China,TouchRoad Group,Shanghai Municipality,,Shanghai,Kgatleng,Not Specified,Gaborone,,,Real Estate,Real estate services,Construction,Construction,,1430,Yes,200,No,New,,,,,,192,
2008,China Minmetals Corp,Vizirama 148 (Pty) Ltd,,South Africa,Metals and Minerals,Metals and Minerals,,2007-2009,Southern Africa,Metals and Minerals,High,,,Completed,M&A,,,,,12/29/2008,,,,,,,,,,,,8-Dec,China Minmetals CorpSouth Africa,,China,,,,,,,,,,,,,,,,,,,,,,,,,,2038785040
2008,China Everbright Ltd,Alam Group,0.78,Uganda,Financial Sector,Capital Markets,,2007-2009,East Africa,Financial Sector,High,,,Completed,M&A,0.78,,,,10/21/2008,,,,,,,,,,,,8-Oct,China Everbright LtdUganda,,Hong Kong,,,,,,,,,,,,,,,,,,,,,,,,,,2021767040
2008,Investor Group,Gaiaagri Services Ltd,,Mauritius,Industry & Trade/Ser,Business Services,,2007-2009,East Africa,Business Services,High,,,Completed,M&A,,,,,10/6/2008,,,,,,,,,,,,8-Oct,Investor GroupMauritius,,Hong Kong,,,,,,,,,,,,,,,,,,,,,,,,,,1986005040
2008,Kantone Holdings Ltd,Good Holdings Ltd,48.07,Seychelles,ICT,ICT Services,,2007-2009,East Africa,ICT,High,,,Completed,M&A,48.07,,,,8/20/2008,,,,,,,,,,,,8-Aug,Kantone Holdings LtdSeychelles,,Hong Kong,,,,,,,,,,,,,,,,,,,,,,,,,,2004408040
2008,Rich Theme Holdings Ltd,Madagascar Petroleum International Ltd,103.95,Madagascar,Energy,Oil and Gas,,2007-2009,East Africa,Energy,High,,,Completed,M&A,103.95,,,,4/17/2008,,,,,,,,,,,,8-Apr,Rich Theme Holdings LtdMadagascar,,Hong Kong,,,,,,,,,,,,,,,,,,,,,,,,,,1971819040
2008,Sino Union Petroleum & Chemical International Ltd,Madagascar Energy International Gas Station Group Ltd,,Madagascar,Energy,Oil and Gas,,2007-2009,East Africa,Energy,High,,,Completed,M&A,,,,,4/11/2008,,,,,,,,,,,,8-Apr,Sino Union Petroleum & Chemical International LtdMadagascar,,Hong Kong,,,,,,,,,,,,,,,,,,,,,,,,,,1905019040
2008,Industrial & Commercial Bank of China Ltd,Standard Bank Group Ltd,"5,623.11",South Africa,Financial Sector,Banking Institutions,,2007-2009,Southern Africa,Financial Sector,High,,,Completed,M&A,"5,623.11",,,,3/3/2008,,,,,,,,,,,,8-Mar,Industrial & Commercial Bank of China LtdSouth Africa,,China,,,,,,,,,,,,,,,,,,,,,,,,,,1918042040
2008,CITIC Group,,"3,535.00",Angola,Industry & Trade/Ser,Housing Construction,,2007-2009,Southern Africa,Housing Construction,Irrelevant,,"On September 2, 2008, CITIC announced that they started the construction project worth $3.535 billion in Angola. The project was expected to be completed in 2011. Was unable to find an exact date of completion but there are articles showing the completed project so I have determing it to be completed. I assume the stake is 100% as there is no mention of any other company involved in this project. I also denoted the completed amount of $3.535 billion even though the article that demonstrates completion just says it is a ""3.5 billion dollar"" project. They probably rounded it.",Completed,Greenfield,3535,3535,,100,9/2/2008,,,https://www.africanews.com/2018/08/19/angolans-embrace-better-life-with-chinese-social-housing-project//,http://www.china.org.cn/business/news/2008-09/02/content_16372212.htm,https://www.africanews.com/2018/08/19/angolans-embrace-better-life-with-chinese-social-housing-project//,http://www.china.org.cn/business/news/2008-09/02/content_16372212.htm,http://www.china.org.cn/business/news/2008-09/02/content_16372212.htm,,http://www.china.org.cn/business/news/2008-09/02/content_16372212.htm,"https://china.aiddata.org/projects/47101/#:~:text=The%20originally%20scheduled%20completion%20date,occupancy%20rate%20by%20May%202014. https://www.clbrief.com/citic-rejects-widespread-construction-defects-in-angolan-kilamba-kiaxi-housing-project/",,8-Sep,CITIC GroupAngolaReal Estate30003535,,China,CITIC Group,Beijing Municipality,,Beijing,Luanda,Not Specified,Luanda,,,Real Estate,Real estate services,Construction,Construction,,3000,Yes,"3,535.00",No,New,,,,,,111,
2008,ASA Metals,,39.53,South Africa,Metals and Minerals,Metals and Minerals,,2007-2009,Southern Africa,Metals and Minerals,Irrelevant,,"This looks like an investment of Finnish tech-giant Outotec. Announced in 2008, Outotec will provide ASA Metals (SA company and subsidiary of Sinosteel, Sinosteel owns 60% of ASA Metals) with a ‚Ç¨25 million contract that will provide ASA Metals with ""the license, basic engineering, supply of key equipment, supervision of installation and commissioning, as well as training . . . of production personnel."" (GlobeNewswire.com). Local contractors Pyromet and Metix will supply the equipment outside of Outotec's scope. I mark this as irrelivant, as it sounds like ASA Metals are outsourcing other contractors to supply resources for construction and installation of their own plant. 25 EUR-Euroland [Euro / ‚Ç¨]=39.53 USD-United States [US dollar / $]",Announced,Greenfield,39.53,,,,2/21/2008,,,https://www.globenewswire.com/news-release/2008/02/21/1842112/0/en/Outotec-to-deliver-ferrochrome-production-technology-for-ASA-Metals-in-South-Africa.html,https://www.metso.com/corporate/media/news/2008/2/outotec-to-deliver-ferrochrome-production-technology-for-asa-metals-in-south-africa/,,,https://www.globenewswire.com/news-release/2008/02/21/1842112/0/en/Outotec-to-deliver-ferrochrome-production-technology-for-ASA-Metals-in-South-Africa.html,,https://www.metso.com/corporate/media/news/2008/2/outotec-to-deliver-ferrochrome-production-technology-for-asa-metals-in-south-africa/,,,9-Sep,ASA MetalsSouth AfricaMetals242119.4,,China,Sinosteel,Beijing Municipality,,Beijing,Not Specified,Not Specified,Not Specified,,,Metals,Iron & steel mills & ferroalloy,Physical Sciences,Manufacturing,,242,Yes,119.4,Yes,New,,,,,,237,
2008,Mi-Fone,,,Kenya,Industry & Trade/Ser,,,2007-2009,East Africa,,Irrelevant,,"Medium because we have deal status and announced date. Xinhua net reported on May 11 2008 that Mi-Fone would launch a new low-cost phone in Kenya, which was expected to be popular among young people with lower incomes but who love technology.",Announced,Greenfield,,,,,5/13/2008,,,https://www.techweb.com.cn/news/2008-05-13/327090.shtml,,,,https://www.techweb.com.cn/news/2008-05-13/327090.shtml,,https://www.techweb.com.cn/news/2008-05-13/327090.shtml,https://itweb.africa/content/rxP3jqBp9eA7A2ye; https://www.ccidcom.com/zhongduan/20080513/Eakw7YGMghZIijUf.html,,8-May,Mi-FoneKenyaCommunications167.5,,Hong Kong,Mi-Fone,Hong Kong,,Hong Kong,Not Specified,Not Specified,Not Specified,,,Communications,Communications equipment,ICT & Electronics,"Sales, Marketing & Support",,16,Yes,7.5,Yes,New,,,,,,709,
2008,Wuhan Iron and Steel Co Ltd (Wisco),,46.8,Madagascar,Metals and Minerals,Metals and Minerals,,2007-2009,East Africa,Metals and Minerals,Medium,,"On Feburary 4, 2008, China's Wuhan Iron & Steel Group said it will set up a joint venture to explore iron ore and other resources in Madagascar. They would take a 60% stake in the joint venture, with the remaining 40 % taken by Hong Kong-based Kam Hing International Holdings Ltd, said Bai Fang (Reuters, 2008). By September 15, 2009, Kam Hing International Holdings secured the Soalala iron resources project through a joint venture, Hong Kong Wisco Guangxin Kam Wah Resources Limited, with a restructured ownership: 39% by Wisco, 36% by Guangdong Foreign Trade Group (Guangxin), 20% by Kam Hing, and 5% by independent third parties. The project requires US$120 million in initial funding, with Kam Hing contributing US$24 million for its 20% stake (so by calculation Wisco initial funding was $46.8 million). Further negotiations are underway to inject the remaining 80% equity into Kam Hing, involving potential strategic shareholders. A formal contract was signed with the Madagascar government and a exploration license was recieved on May 8, 2010. ( Rovahiga on One Board). Deal status commenced. Confidence: Medium because still looking for more official sources and unsure about how to reflect all these changes in CN stake, shareholders and investments over time",Commenced,Greenfield,46.8,,,39,2/4/2008,,Wuhan Iron and Steel (Group) Company,http://www.kamhingintl.com/pdf/announcements/en/e_02307ann-20091007.pdf#:~:text=Hong%20Kong%20Wisco%20Guangxin%20in%20a%20global%20tender%20for%20the http://rovahiga.over-blog.com/article-soalala-52116406.html https://www.reuters.com/article/china-wuhansteel-madagascar-idINSHA18587220080204/,http://www.kamhingintl.com/pdf/announcements/en/e_02307ann-20091007.pdf#:~:text=Hong%20Kong%20Wisco%20Guangxin%20in%20a%20global%20tender%20for%20the http://rovahiga.over-blog.com/article-soalala-52116406.html,,http://www.kamhingintl.com/pdf/announcements/en/e_02307ann-20091007.pdf#:~:text=Hong%20Kong%20Wisco%20Guangxin%20in%20a%20global%20tender%20for%20the http://rovahiga.over-blog.com/article-soalala-52116406.html https://www.reuters.com/article/china-wuhansteel-madagascar-idINSHA18587220080204/,http://rovahiga.over-blog.com/article-soalala-52116406.html,,http://rovahiga.over-blog.com/article-soalala-52116406.html https://www.reuters.com/article/china-wuhansteel-madagascar-idINSHA18587220080204/,,,8-Feb,Wuhan Iron and Steel Co Ltd (Wisco)MadagascarMetals1012270,,China,Wuhan Iron and Steel Co Ltd (Wisco),Hubei,,Wuhan,Fianarantsoa Province,Not Specified,Bekisopa,,,Metals,Iron ore mining,Energy,Extraction,,1012,Yes,270,Yes,New,,,,,,175,
2008,Shenzhen Energy Group,,,Ghana,Energy,Oil and Gas,2009,2007-2009,West Africa,Energy,Medium,,"The project did not specify the loan amount for the project. According to reports, the project is supported by a loan from the African Development  Fund established by the Chinese government. The fund is worth $1 billion. The project is expected to cost 1.03 billion RMB, which is equivalent to 14.42 million USD.",Completed,Greenfield,,,,,4/1/2008,6/1/2009,Shenzhen Energy Investment Co Ltd,https://new.qq.com/rain/a/20231013A083ZR00,,,,,https://new.qq.com/rain/a/20231013A083ZR00,,https://www.namibian.com.na/china-plans-power-plant-in-ghana/,,8-Apr,"Shenzhen Energy GroupGhanaCoal, Oil and Natural Gas14143",,China,Shenzhen Energy Group,Guangdong,,Shenzhen,Greater Accra Region,Not Specified,Tema,,,"Coal, Oil and Natural Gas",Fossil fuel electric power,Energy,Electricity,,14,Yes,143,No,New,,,,,,221,
2007,China National Petroleum (CNPC),,330,Chad,Energy,Oil and Gas,2011,2007-2009,Central Africa,Energy,High,,"According to the official website of CNPC, on September 20, 2007, the company signed a joint venture refinery construction agreement with the Ministry of Petroleum of Chad. In October 2008, the foundation stone of the N'Djamena Refinery jointly built by the company (60% equity) and the Ministry of Petroleum of Chad (40% equity) was laid. On July 10, 2011, the first batch of diesel produced by the N'Djamena Refinery was supplied to the local market.",Completed,Greenfield,330,,,,9/20/2007,7/10/2011,CNPC,https://www.cnpc.com.cn/cnpc/Chad/country_index.shtml,https://china.aiddata.org/projects/72356/,https://china.aiddata.org/projects/72356/,https://www.gulfoilandgas.com/webpro1/main/mainnews.asp?id=6669,https://www.cnpc.com.cn/cnpc/Chad/country_index.shtml,https://www.cnpc.com.cn/cnpc/Chad/country_index.shtml,https://www.cnpc.com.cn/cnpc/Chad/country_index.shtml,,,8-Oct,"China National Petroleum (CNPC)ChadCoal, Oil and Natural Gas153758",,China,China National Petroleum (CNPC),Beijing Municipality,,Beijing,Chari-Baguirmi,Not Specified,N'Djamena,,,"Coal, Oil and Natural Gas",Petroleum refineries,Energy,Manufacturing,,153,Yes,758,No,New,,,,,,135,
2007,Non-Ferrous China Africa (NFCA),,85,Zambia,Metals and Minerals,Metals and Minerals,2010,2007-2009,Southern Africa,Metals and Minerals,High,,"Non-Ferrous China Africa (NFCA) of China Non- Ferrous Metals Mining Corporation (CNMC) announced on October 27, 2007 its plans to open a copper mine in Kitwe, Zambia. Zambian Vice President Rupiah Banda on behalf of President Levy Mwanawasa officiated the opening ceremony of Chambishi West Orebody Project. Total investment for the project is US$100 million and its construction is expected to be completed in three years. CNMC acquired 85 percent of shares of Chambishi Copper Mine through an open bid in 1998. Zambia Consolidated Copper Mines Investment Holdings (ZCCM-IH) has a 15% stake (China Daily, 2007). NFCA webiste indicates that the main west ore body and the southeast ore body have been put into operation. Production commenced on Nov 25, 2010 (China Daily, 2010). Related to Deal ID 137 (the Main orebody that commenced production in 2003).",Completed,Greenfield,85,,Y,85,10/27/2007,11/25/2010,"China Nonferrous Mining Co., Ltd.",https://nfca.cnmc.com.cn/nfca/gywm/gsjj/A021002001Gone1.html https://www.cnmcl.net/en/about-us/company-profile/ https://www.chinadaily.com.cn/regional/2010-11/28/content_12559327.htm,https://www.chinadaily.com.cn/bizchina/2007-10/28/content_6211525.htm,,https://nfca.cnmc.com.cn/nfca/gywm/gsjj/A021002001Gone1.html https://www.chinadaily.com.cn/regional/2010-11/28/content_12559327.htm,https://www.chinadaily.com.cn/bizchina/2007-10/28/content_6211525.htm,"https://www.chinadaily.com.cn/world/2010-11/28/content_11619435.htm https://www.cnmcl.net/en/about-us/company-profile/ (see ""Milestones"" section)",https://www.cnmcl.net/en/about-us/company-profile/,https://landmatrix.org/media/uploads/republicofminingcom20130606copper-expansion-the-copperbelt-the-pride-of-zambia-by-john-chadwick-publisher-international-mining-june-2013.pdf http://www.sulphuric-acid.com/sulphuric-acid-on-the-web/acid%20plants/Chambishi%20Copper%20Smelter.htm,,7-Oct,Non-Ferrous China Africa (NFCA)ZambiaMetals137100,,China,China Nonferrous Metals Mining (CNMC),Beijing Municipality,,Beijing,Copperbelt Province,Not Specified,Chambishi,,,Metals,"Copper, nickel, lead, & zinc mining",Physical Sciences,Extraction,,137,Yes,100,No,New,,,,,,255,
2007,Xinxiang Kuroda Mingliang Leather Company,,14.85,Ethiopia,Industry & Trade/Ser,Textiles,2010,2007-2009,East Africa,Textiles,High,,"[VBA & TX] The China-Africa Overseas Leather Products Company opened in Sululta town in Oromia region at a cost of US$27 million (Chinadaily, 2014). The project was jointly funded by Henan Province Xinxiang Kuroda Mingliang Leather Co., Ltd. (55%= $14.85 million) and China-Africa Development Fund (45%) (Afrik.News, 2010). [VBA] Construction began in July 2009 (Afik.News, 2010). According to China Daily (2014), 'starting in 2007, He Mingliang, president of Xinxiang Heitianmingliang Leather in China and the joint venture in Ethiopia, became dedicated to preparations for and then the operation of the factory'(using as date announced= 01/01/2007). The factory was opened in May 2010 (date completion= 05/01/2010). According to Ezega (2010) & Afrik.net (2010), depending on how favorable the conditions are, the company will launch the second phase of the factory with an investment capital of USD 25 million (see additional sources).",Completed,Greenfield,,14.85,Y,55,1/1/2007,5/1/2010,XinXiang Kudroda and Mingliang Leather Co. Ltd,https://www.afrik-news.com/article18486.html https://www.ezega.com/News/NewsDetails?NewsID=2681 https://africa.chinadaily.com.cn/weekly/2014-09/19/content_18625664.htm,,https://www.afrik-news.com/article18486.html https://www.afrik-news.com/article18486.html,https://www.afrik-news.com/article18486.html,https://africa.chinadaily.com.cn/weekly/2014-09/19/content_18625664.htm,https://africa.chinadaily.com.cn/weekly/2014-09/19/content_18625664.htm,https://africa.chinadaily.com.cn/weekly/2014-09/19/content_18625664.htm,https://www.ezega.com/News/NewsDetails?NewsID=2681 https://www.afrik-news.com/article18486.html,,10-Nov,Xinxiang Kuroda Mingliang Leather CompanyEthiopiaTextiles128267,,China,Xinxiang Kuroda Mingliang Leather Company,Henan,,Anyang,Not Specified,Not Specified,Not Specified,,,Textiles,Leather & hide tanning and finishing,"Wood, Apparel & Related Products",Manufacturing,,1282,Yes,67,No,New,,,,,,323,
2007,Yuemei Group,,50,Nigeria,Industry & Trade/Ser,Housing Construction,2007,2007-2009,West Africa,Housing Construction,High,,RP: Could not find announce date. the park appears to have been completed given different published sources but the month and date of announcement or completion are not stated,Completed,Greenfield,50,50,,,,1/1/2007,Yuemei Group,https://china.aiddata.org/projects/62161/,,https://www.worldbank.org/content/dam/Worldbank/Event/Africa/Investing%20in%20Africa%20Forum/2015/investing-in-africa-forum-china-and-africa.pdf,,,https://www.worldbank.org/content/dam/Worldbank/Event/Africa/Investing%20in%20Africa%20Forum/2015/investing-in-africa-forum-china-and-africa.pdf,https://www.worldbank.org/content/dam/Worldbank/Event/Africa/Investing%20in%20Africa%20Forum/2015/investing-in-africa-forum-china-and-africa.pdf,https://shikanagroup.com/chinese-investment-in-africa/,,7-Jun,Yuemei GroupNigeriaReal Estate35649.8,,China,Yuemei Group,Zhejiang,,Not Specified,Not Specified,Not Specified,Not Specified,,,Real Estate,Industrial building construction,"Wood, Apparel & Related Products",Construction,,356,Yes,49.8,No,New,,,,,,368,
2007,Star Communication Network Technologies,,20,Rwanda,ICT,ICT Services,,2007-2009,East Africa,ICT,High,,"The announced investment in 2007 was to establish TV stations in Rwanda (Startimes). while no sources could be found on the launch of Startimes in Rwanda, Startimes is now in operations in Rwanda and expanding across Africa - no completed amount or completion date could be cerified.",Completed,Greenfield,20,,N,,7/14/2007,,StarTimes,https://www.thewirechina.com/2023/08/06/beaming-into-africa-startimes-china/ ; https://rwandadispatch.com/star-times-inaugurates-first-kinyarwanda-dubbing-channel/,"https://www.google.com/url?sa=t&source=web&rct=j&opi=89978449&url=https://acetforafrica.org/%3Fsmd_process_download%3D1%26download_id%3D15825%23:~:text%3DThe%2520largest%2520Chinese%2520ICT%2520investor,and%2520an%2520Internet%2520services%2520provider.&ved=2ahUKEwiNuZXvj8iJAxXol4kEHecDL-IQFnoECBQQAw&usg=AOvVaw22rJc2Ts_UVCee9vVAX7Wf",,,https://allafrica.com/stories/200707140164.html,,https://allafrica.com/stories/200707140164.html,,,7-Jul,Star Communication Network TechnologiesRwandaCommunications3720,,China,Star Communication Network Technologies,Beijing Municipality,,Beijing,Not Specified,Not Specified,Not Specified,,,Communications,Cable & other subscription programming,Creative Industries,ICT & Internet Infrastructure,,37,No,20,No,New,,The company chose to invest in Rwanda due to stable political leadership and geographical location.,,,,451,
2007,Sinosteel Group Corp Ltd,Zimasco Holdings,,Zimbabwe,Metals and Minerals,Metals and Minerals,,2007-2009,Southern Africa,Metals and Minerals,High,,,Completed,M&A,,,,,12/21/2007,,,,,,,,,,,,7-Dec,Sinosteel Group Corp LtdZimbabwe,,China,,,,,,,,,,,,,,,,,,,,,,,,,,1938669040
2007,Sinosteel Group Corp Ltd,Zimasco Consolidated Enterprises Ltd,,Zimbabwe,Industry & Trade/Ser,Material Production and Processing,,2007-2009,Southern Africa,Material Production and Processing,High,,,Completed,M&A,,,,,12/21/2007,,,,,,,,,,,,7-Dec,Sinosteel Group Corp LtdZimbabwe,,China,,,,,,,,,,,,,,,,,,,,,,,,,,1909741040
2007,China National Offshore Oil Corp,Undisclosed Nigerian Oil & Gas Project,,Nigeria,Energy,Oil and Gas,,2007-2009,West Africa,Energy,High,,,Completed,M&A,,,,,11/25/2007,,,,,,,,,,,,7-Nov,China National Offshore Oil CorpNigeria,,China,,,,,,,,,,,,,,,,,,,,,,,,,,1927229040
2007,China National Offshore Oil Corp,Undisclosed Nigerian Oil & Gas Project,,Nigeria,Energy,Oil and Gas,,2007-2009,West Africa,Energy,High,,,Completed,M&A,,,,,11/25/2007,,,,,,,,,,,,7-Nov,China National Offshore Oil CorpNigeria,,China,,,,,,,,,,,,,,,,,,,,,,,,,,1927231040
2007,China National Metals & Minerals Import & Export Corp,Naboom Chrome Project,6.51,South Africa,Metals and Minerals,Metals and Minerals,,2007-2009,Southern Africa,Metals and Minerals,High,,,Completed,M&A,6.51,,,,9/21/2007,,,,,,,,,,,,7-Sep,China National Metals & Minerals Import & Export CorpSouth Africa,,China,,,,,,,,,,,,,,,,,,,,,,,,,,1985281040
2007,Zhuhai Minghong Group,,600,Nigeria,Industry & Trade/Ser,Material Production and Processing,,2007-2009,West Africa,Material Production and Processing,Medium,,"Update: Other than the announcement, no info. But, i found that while the company was registered in 2006, the company is currently inactive - could mean this announced investment dd not happen (source for the inactive status is added to other/general sources).  I could confirm the announced investment and how much was announced but no reports or sources to confirm if investment actually started or completed. but i found a similar investment as shown in the source added. also, i estimated the dollar equivalence of the 75billion naira announced investment amount using the rate from the source added to other/general sources",Announced,Greenfield,600,,Y,,11/20/2007,,"Minghong Group Corporation Ltd, Zhuhai",https://www.cemnet.com/News/story/137688/chinese-firm-to-build-n75bn-cement-factory-nigeria.html,https://www.cemnet.com/News/story/137688/chinese-firm-to-build-n75bn-cement-factory-nigeria.html,,,https://www.cemnet.com/News/story/137688/chinese-firm-to-build-n75bn-cement-factory-nigeria.html,,https://www.cemnet.com/News/story/137688/chinese-firm-to-build-n75bn-cement-factory-nigeria.html,https://b2bhint.com/en/company/ng/zhuhai-minghong-nigeria-limited--RC-671965#google_vignette ; https://ngn.fxexchangerate.com/usd-2007_11_20-exchange-rates-history.html,,7-Nov,Zhuhai Minghong GroupNigeriaBuilding & Construction Materials1174644.35,,China,Zhuhai Minghong Group,Guangdong,,Zhuhai,Enugu State,Not Specified,Not Specified,,,Building & Construction Materials,Cement & concrete products,Construction,Manufacturing,,1174,Yes,644.4,No,New,,,,,,141,
2007,Geely International Corporation,,,South Africa,Automotive,Automotive,,2007-2009,Southern Africa,Automotive,Medium,,"On March 26, 2007, an article reports that Geely plans to set up an assembly plant in South Africa, with the CK1, presumably a car model, to be available by mid 2007. Details for this project are scarce.",Announced,Greenfield,,,,,3/26/2007,,Geely International Corporation,https://www.news24.com/wheels/chinas-geely-hits-sa-20070326,,,,,,https://www.news24.com/wheels/chinas-geely-hits-sa-20070326,,,7-Apr,Geely International CorporationSouth AfricaAutomotive OEM3810.1,,China,Zhejiang Geely Holding Group (Geely Holding Group),Zhejiang,,Hangzhou,Not Specified,Not Specified,Not Specified,,,Automotive OEM,Automobiles,Transport Equipment,"Sales, Marketing & Support",,38,Yes,10.1,Yes,New,,,,,,521,
2007,Jincheng Motors Group,,,Uganda,Automotive,Automotive,2007,2007-2009,East Africa,Automotive,Medium,,"Medium because has deal status and completion date. New Vision reported on April 18, 2007, that Jincheng International Motors had opened an assembly plant for motorcycles and small tractors in Uganda.",Completed,Greenfield,,,,,,4/18/2007,Jincheng International Motors,https://www.newvision.co.ug/news/1166806/chinese-firm-motorcycle-assembling-plant,,,,,https://www.newvision.co.ug/news/1166806/chinese-firm-motorcycle-assembling-plant,https://www.newvision.co.ug/news/1166806/chinese-firm-motorcycle-assembling-plant,,,7-Apr,Jincheng Motors GroupUgandaNon-Automotive Transport OEM405.2,,China,Jincheng Corporation,Jiangsu,,Nanjing,Central,Not Specified,Mbuya,,,Non-Automotive Transport OEM,"Motorcycle, bicycle, & parts",Transport Equipment,Manufacturing,,40,No,5.2,Yes,New,,,,,,598,
2007,BALtrans Logistics,,,Egypt,Industry & Trade/Ser,Logistics and Distribution,2007,2007-2009,North Africa,Logistics and Distribution,Medium,,"Company website posted on June 22, 2007 that BAL trans opened a new office in Egypt. Deal Status: Completed. News outlets are word for word with no additional available on this project",Completed,Greenfield,,,,,,6/22/2007,,https://info.jctrans.com/jcnet/news/logistics/world/2007622472262.shtml,,,,,https://info.jctrans.com/jcnet/news/logistics/world/2007622472262.shtml,,https://info.jctrans.com/jcnet/news/logistics/world/2007622472262.shtml,,7-Jun,BALtrans LogisticsEgyptTransportation9345.7,,Hong Kong,BALtrans Logistics,Hong Kong,,Hong Kong,Al Qahirah,Not Specified,Cairo,,,Transportation,Freight/Distribution Services,"Transportation, Warehousing & Storage","Logistics, Distribution & Transportation",,93,Yes,45.7,Yes,New,,,,,,683,
2007,CGC Overseas Construction (CGCOC),,,Cameroon,"Water, Sanitation and Waste Management",Water Supply,,2007-2009,Central Africa,"Water, Sanitation and Waste Management",Unknown,,"According to Wikipedia, China Land Overseas Construction Company (CGCOC) built many water plant projects in Cameroon in December 2007. It is not clear which one this project was, as there were many projects with different loan amounts.",Unknown,Greenfield,,,,,12/1/2007,,,https://en.wikipedia.org/wiki/CGCOC_Group#cite_note-4  https://www.reuters.com/article/cameroon-china-investments-idUKLR48475320081127/  https://www.chinca.org/sjtcoc/info/33134,,,,,,,,,8-Dec,CGC Overseas Construction (CGCOC)CameroonChemicals241271.59,,China,CGC Overseas Construction (CGCOC),Beijing Municipality,,Beijing,Not Specified,Not Specified,Not Specified,,,Chemicals,"Pesticide, fertilisers & other agricultural chemicals","Food, Beverages & Tobacco",Manufacturing,,241,Yes,271.6,No,New,,,,,,173,
2006,China National Petroleum Corporation (CNPC),,"2,000.00",Nigeria,Energy,Oil and Gas,,2004-2006,West Africa,Energy,High,,"The deal was cancelled as ""An agreement reached in April 2006 between CNPC and the Nigerian government to allow the company to invest $2 billion in the decrepit Kaduna refinery in exchange for the right of first refusal on four oil blocks in the mini-licensing round in May 2006 has fallen apart.4"" also changed sector to oil (not mining).
The Kaduna Refinery deal involving 51% deal stake appears to involve CNPC, not sinopec. i have changed the company to be CNPC instead of Sinopec. In addition, the deal was never actualised.",Cancelled,Greenfield,"2,000",,N,51,4/1/2006,,China National Petroleum Corp. (CNPC),https://www.brookings.edu/wp-content/uploads/2016/06/downs20070913.pdf,https://www.reuters.com/article/markets/oil/obasanjo-ally-buys-second-nigerian-oil-refinery-idUSL28350078/,,https://www.brookings.edu/wp-content/uploads/2016/06/downs20070913.pdf,https://www.brookings.edu/wp-content/uploads/2016/06/downs20070913.pdf,,https://www.brookings.edu/wp-content/uploads/2016/06/downs20070913.pdf,,,3-Mar,China National Petroleum Corporation (CNPC),,China,China National Petroleum Corporation (CNPC),Beijing Municipality,,Beijing,Not Specified,Not Specified,Not Specified,,,"Coal, Oil and Natural Gas",Other petroleum & coal products,Energy,Extraction,,214,Yes,"1,866.70",Yes,New,,,,,,117,
2006,Non-Ferrous China Africa (NFCA),,300,Zambia,Industry & Trade/Ser,Material Production and Processing,2009,2004-2006,Southern Africa,Material Production and Processing,High,,"Chambishi Copper Smelter (CCS) is owned by China Non-Ferrous Metals Mining Corporation (CNMC) (60%) and Yunnan Copper Group (40%). According to Reuters (2009), this is a $300 million project so CNMC's portion is $180 million. The smelter was registered in July 19 2006 (using as date announced). Constrcution of the first phase started in November 2006 and was completed in 3 years as production commenced in March 2009. CSS was commissioned by the former president of Zambia, Rupiah Bwezani Banda on October 19, 2009 (using as date of completion). According to DKL Engineering, on Feb 21, 2011, Chambishi Copper Smelter has embarked on a US$250 million expansion programme. Construction commenced on March 26, 2011. May be completed. NOTE this deal should not be confused for the Chambishi Copper Mine (Deal ID 137).
NC 06/26/2025: Sector changed from ""Non-Energy Mining"" to ""Industry & Trade/Ser - Material Production and Processing"" ",Completed,Greenfield,,300,Y,60,7/19/2006,10/19/2009,China Nonferrous Metals Co Ltd (CNMC),,,https://www.reuters.com/article/minerals-zambia-luanshya/update-1-zambia-picks-china-firm-to-run-luanshya-copper-mine-idUKL8104451920090508/ https://landmatrix.org/media/uploads/republicofminingcom20130606copper-expansion-the-copperbelt-the-pride-of-zambia-by-john-chadwick-publisher-international-mining-june-2013.pdf (see page 2 - value is $310 million),https://landmatrix.org/media/uploads/republicofminingcom20130606copper-expansion-the-copperbelt-the-pride-of-zambia-by-john-chadwick-publisher-international-mining-june-2013.pdf,"https://landmatrix.org/media/uploads/republicofminingcom20130606copper-expansion-the-copperbelt-the-pride-of-zambia-by-john-chadwick-publisher-international-mining-june-2013.pdf  https://www.cnmcl.net/en/about-us/company-profile/ (see ""Milestone"" section)",https://cc.bingj.com/cache.aspx?q=Chambisa+Copper+smelter+sulphuric+acid&d=4556226342422989&mkt=en-US&setlang=en-US&w=SsDLiGC7ABcX7updKEweqQMDBXbbakOW https://africaportal.org/wp-content/uploads/2023/05/SAIIA_Occasional_Paper_62.pdf (see page 8),,https://unctad.org/system/files/official-document/diaepcb201008_en.pdf,,6-Nov,Non-Ferrous China Africa (NFCA)ZambiaMetals1000200,,China,China Nonferrous Metals Mining (CNMC),Beijing Municipality,,Beijing,Copperbelt Province,Not Specified,Chambishi,,,Metals,Foundries,Physical Sciences,Manufacturing,,1000,No,200,No,New,,,,,,193,
2006,Sinosteel Group Corp Ltd,Samancor Chrome-Chrome Mine & Processing Plant,201.58,South Africa,Metals and Minerals,Metals and Minerals,,2004-2006,Southern Africa,Metals and Minerals,High,,,Completed,M&A,201.58,,,,11/30/2006,,,,,,,,,,,,6-Nov,Sinosteel Group Corp LtdSouth Africa,,China,,,,,,,,,,,,,,,,,,,,,,,,,,1813270040
2006,Huawei Technologies Co Ltd,Intercellular Nigeria Ltd,,Nigeria,ICT,ICT Infrastructure,,2004-2006,West Africa,ICT,High,,,Completed,M&A,,,,,6/23/2006,,,,,,,,,,,,6-Jun,Huawei Technologies Co LtdNigeria,,China,,,,,,,,,,,,,,,,,,,,,,,,,,1771204040
2006,BALtrans Holdings Ltd,Clover Cargo International,2.92,South Africa,Industry & Trade/Ser,Logistics and Distribution,,2004-2006,Southern Africa,Logistics and Distribution,High,,,Completed,M&A,2.92,,,,6/14/2006,,,,,,,,,,,,6-Jun,BALtrans Holdings LtdSouth Africa,,Hong Kong,,,,,,,,,,,,,,,,,,,,,,,,,,1733568040
2006,Salerni International Ltd,First Pacific Investments (Liberia),,Liberia,Financial Sector,Banking Institutions,,2004-2006,West Africa,Financial Sector,High,,,Completed,M&A,,,,,5/3/2006,,,,,,,,,,,,6-May,Salerni International LtdLiberia,,Hong Kong,,,,,,,,,,,,,,,,,,,,,,,,,,1757299040
2006,CNOOC Ltd,Nigerian National Petroleum Corp-OML 130,"2,578.71",Nigeria,Energy,Oil and Gas,,2004-2006,West Africa,Energy,High,,,Completed,M&A,"2,578.71",,,,4/19/2006,,,,,,,,,,,,6-Apr,CNOOC LtdNigeria,,China,,,,,,,,,,,,,,,,,,,,,,,,,,1726829040
2006,China National Chemical Engineering Corporation (CNCEC),,,Egypt,Industry & Trade/Ser,Manufacturing,,2004-2006,North Africa,Manufacturing,Medium,,"On Dec. 17, 2006 China National Chemical Engineering Corp (CNCEC) has signed a MOU with Egyptian Salts and Minerals Co (EMISAL) to build a soda ash plant. It is estimated that $90m (‚Ç¨68.4m) will go into the project (ICIS, 2006; Glass Online, 2007). China's stake is unknown. Couldn't find more recent and/or official sources about the progress on this deal.",Announced,Greenfield,,,,,12/17/2006,,China National Chemical Engineering Corp (CNCEC),"https://www.icis.com/explore/resources/news/2006/12/19/1115591/cncec-signs-mou-to-build-egypt-soda-ash-unit/ https://www.glassonline.com/china-egypt-mou-on-soda-ash-plant-joint-venture/#:~:text=Under%20the%20MoU,%20signed%20between%20the%20China%20National%20Chemical http://www.shujubang.com/news/NewsInfo.aspx?Id=3229#:~:text=CNCEC%20-%20a%20leading%20manufacturer%20of%20petrochemicals,%20fine",https://www.icis.com/explore/resources/news/2006/12/19/1115591/cncec-signs-mou-to-build-egypt-soda-ash-unit/,,,"https://www.glassonline.com/china-egypt-mou-on-soda-ash-plant-joint-venture/#:~:text=Under%20the%20MoU,%20signed%20between%20the%20China%20National%20Chemical",,https://www.icis.com/explore/resources/news/2006/12/19/1115591/cncec-signs-mou-to-build-egypt-soda-ash-unit/,https://www.dailynewsegypt.com/2006/12/19/chinese-state-company-to-establish-chemicals-factory-in-fayoum/,,7-Jan,China National Chemical Engineering Corporation (CNCEC)EgyptChemicals149319.4,,China,China National Chemical Engineering Corporation (CNCEC),Beijing Municipality,,Beijing,Al Qahirah,Not Specified,Cairo,,,Chemicals,Basic chemicals,Physical Sciences,Manufacturing,,149,Yes,319.4,Yes,New,,,,,,168,
2006,Chery Automobile,,,Egypt,Automotive,Automotive,2006,2004-2006,North Africa,Automotive,Medium,,"Chery Automobile announced on Tuesday (August 1, 2006) that the assembling lines of Chery sedan were officially kicked off in Egypt. The lines were under the cooperation with Chery's Egyptian partner Daewoo Motors Egypt (DME), a former partner of GM Daewoo Auto and Technology Co. Announcement date and investment amount is uncertain. Information of one of the models that came out at the time is provided in the additional sources column (published in 2006).",Completed,Greenfield,,,,,,8/1/2006,Chery Automobile,https://www.chinadaily.com.cn/china//2006-08/02/content_655221.htm | https://aboulfotouh-egypt.com/our-history/ | https://www.autoindustriya.com/features/the-chery-story.html,,,,,https://www.chinadaily.com.cn/china//2006-08/02/content_655221.htm | https://aboulfotouh-egypt.com/our-history/ | https://www.autoindustriya.com/features/the-chery-story.html,https://www.chinadaily.com.cn/china//2006-08/02/content_655221.htm | https://aboulfotouh-egypt.com/our-history/ | https://www.autoindustriya.com/features/the-chery-story.html,https://web.archive.org/web/20111110221301/http://www.chinacartimes.com/2006/11/21/the-chery-a5-chinas-first-hybrid-car/,,6-Aug,Chery AutomobileEgyptAutomotive OEM86451.7,,China,SAIC Chery Automobile,Anhui,,Wuhu,Not Specified,Not Specified,Not Specified,,,Automotive OEM,Automobiles,Transport Equipment,Manufacturing,,864,Yes,51.7,Yes,New,,,,,,359,
2006,Sino Metals,,,Zambia,Industry & Trade/Ser,Material Production and Processing,2006,2004-2006,Southern Africa,Material Production and Processing,Medium,,"Sino-Metals Leach Zambia Limited (Sino-Metals) is China's first large-scale copper hydrometallurgy enterprise invested overseas (a copper processing plant in Chambisi). Located in the Zambia-China Economic and Trade Cooperation Zone in Kalulushi town, Sino-Metals was registered locally and established in 2004 as a mining enterprise (China Daily, 2024). Accroding to the Human Rights Watch (2011), the Sino Metals was opened in 2006 and has faced many critiques for poor labor conditions. CNMC has a 55 percent stake, Hong Kong Zhongfei Mining Investment with a 30 percent stake and NFC Africa Mining with a 15 percent stake. The company holds two mining licenses 1) Mwambashi and 2) Samba mine (China Daily, 2024). Couldn't find investment amount",Completed,Greenfield,,,,55,,1/1/2006,Sino-Metals Leach Zambia,https://www.hrw.org/report/2011/11/04/youll-be-fired-if-you-refuse/labor-abuses-zambias-chinese-state-owned-copper https://www.chinadaily.com.cn/a/202409/05/WS66d90d0ba3108f29c1fca3f2.html,,,https://www.chinadaily.com.cn/a/202409/05/WS66d90d0ba3108f29c1fca3f2.html,,https://www.hrw.org/report/2011/11/04/youll-be-fired-if-you-refuse/labor-abuses-zambias-chinese-state-owned-copper,https://www.hrw.org/report/2011/11/04/youll-be-fired-if-you-refuse/labor-abuses-zambias-chinese-state-owned-copper https://www.chinadaily.com.cn/a/202409/05/WS66d90d0ba3108f29c1fca3f2.html,,,5-Oct,Sino MetalsZambiaMetals17919.6,,China,China Nonferrous Metals Mining (CNMC),Beijing Municipality,,Beijing,Copperbelt Province,Not Specified,Kitwe,,,Metals,"Copper, nickel, lead, & zinc mining",Physical Sciences,Manufacturing,,179,Yes,19.6,No,Expansion,,,,,,455,
2006,Huawei Technologies,,,Ethiopia,ICT,ICT Services,,2004-2006,East Africa,ICT,Unknown,,"[VBA & TX] Three Chinese companies ZTE Corp, Huawei Technologies and Chinese International Telecommunication Construction Corp were chosen to upgrade Ethiopia‚Äôs telephone network between 2006 and 2010 with a total investment of $1.5 billion in Ethiopia (Sudan Turbine, 2006). Difficult to follow through on this deal;Confidnce status: Unknown. Sources are in additional sources column for now",Unknown,Greenfield,,,,,9/13/2006,,,https://sudantribune.com/article18084/,,,,https://sudantribune.com/article18084/,,https://sudantribune.com/article18084/,https://sudantribune.com/article18084/ https://www.caixinglobal.com/2021-01-13/huawei-targets-ethiopia-as-telecoms-industry-opens-up-101650153.html,,6-Sep,Huawei TechnologiesEthiopiaCommunications10361500,,China,Huawei Technologies,Guangdong,,Shenzhen,Addis Ababa,Not Specified,Addis Ababa,,,Communications,Wireless telecommunication carriers,ICT & Electronics,ICT & Internet Infrastructure,,1036,Yes,"1,500.00",No,Expansion,,,,,,124,
2006,China Metallurgical Group Corporation (MCC),,,Senegal,Energy,Non-Renewable Energy Generation,,2004-2006,West Africa,Energy,Unknown,,Update: no further information.  there is a source verifying the announced investment pledge in 2006 but no further information is found since then specific to this announcement,Announced,Greenfield,,,,,4/1/2006,,,https://china.aiddata.org/projects/244/,,,,,,https://china.aiddata.org/projects/244/,,,6-Jul,"China Metallurgical Group Corporation (MCC)SenegalCoal, Oil and Natural Gas116558",,China,China Metallurgical Group Corporation (MCC),Beijing Municipality,,Beijing,Dakar,Not Specified,Dakar,,,"Coal, Oil and Natural Gas",Fossil fuel electric power,Energy,Electricity,,116,Yes,558,Yes,New,,,,,,148,
2005,ZTE,,400,Angola,ICT,ICT Infrastructure,,2004-2006,Southern Africa,ICT,High,,"In February 2005, a press release issued by the Cabinet Council announced ZTE's $400 million investment towards the construction of Angola's telecommunications network, military telecommunications, the building of a mobile phone factory, and the creation of a telecommunications institute. At least $300 million was announced to be allocated to the network and the remaining amount was announced to be allocated to the rest of the projects. Assumed to be a 100% stake for ZTE based on the article. ",Announced,Greenfield,400,,,100,2/23/2005,,ZTE Corporation International,https://allafrica.com/stories/200502230973.html,https://allafrica.com/stories/200502230973.html,,https://allafrica.com/stories/200502230973.html,https://allafrica.com/stories/200502230973.html,,https://allafrica.com/stories/200502230973.html,https://www.elibrary.imf.org/view/journals/001/2007/211/article-A001-en.xml ; https://focusweb.org/wp-content/uploads/2007/05/images_stories_china_angola-report-31-august-2006.pdf ; https://www.icafrica.org/fileadmin/documents/Knowledge/DFID/China‚Äôs%20Interest%20and%20Activity%20in%20Africa‚Äôs%20Infrastructure%20and%20Construction%20Sectors.pdf ; https://view.ckcest.cn/AllFiles/ZKBG/Pages/933/90c92d92108247903d29b1c69ad88e52b5c63535.pdf,,5-Feb,ZTEAngolaCommunications207300,,China,ZTE,Guangdong,,Shenzhen,Not Specified,Not Specified,Not Specified,,,Communications,Communications equipment,ICT & Electronics,ICT & Internet Infrastructure,,207,Yes,300,No,New,,,,,,169,
2005,China Petroleum and Chemical (Sinopec),,9,Egypt,Energy,Oil and Gas,2005,2004-2006,North Africa,Energy,High,,"Sino Tharwa Drilling Company was established in September 05, 2005 as a joint venture between Sinopec Star Petroleum Co. and Tharwa Petroleum Company (a subsidiary of the Egyptian Ministry of Petroleum & Mineral Resources). The initial investement was $18 million with each entity holding a 50% percent share of the company (CN investment therefore is $9 million). In 2007, capital investment reached $40 million, by which time the Egyptian Holding Gas Company (E-gas), had become involved in the joint venture. By 2008, the company‚Äôs capital had reached US $80 million, composed of Tharwa (31 percent), EGAS (19 percent) and Sinopec Star (50 percent). Currently, capital investment stands at $732 million (SinoTharwa: Who we Are & Home Page; Egypt Oil and Gas, 2014). Not sure if additional rows should be created in relation to this deal due to an increase in investment ",Completed,Greenfield,,9,Y,50,,9/5/2005,Sinopec Star Petroleum Company,https://web.archive.org/web/20231207005812/https://www.sinotharwa.com.eg/whoweare https://egyptoil-gas.com/features/sino-tharwa-drilling-company/#:~:text=With%20extensive%20financial%20and%20logistical%20support%20from%20China,,https://web.archive.org/web/20231207005812/https://www.sinotharwa.com.eg/whoweare https://egyptoil-gas.com/features/sino-tharwa-drilling-company/#:~:text=With%20extensive%20financial%20and%20logistical%20support%20from%20China,https://web.archive.org/web/20231207005812/https://www.sinotharwa.com.eg/whoweare https://egyptoil-gas.com/features/sino-tharwa-drilling-company/#:~:text=With%20extensive%20financial%20and%20logistical%20support%20from%20China,,https://web.archive.org/web/20231207005812/https://www.sinotharwa.com.eg/whoweare https://egyptoil-gas.com/features/sino-tharwa-drilling-company/#:~:text=With%20extensive%20financial%20and%20logistical%20support%20from%20China,https://web.archive.org/web/20231207005812/https://www.sinotharwa.com.eg/whoweare https://egyptoil-gas.com/features/sino-tharwa-drilling-company/#:~:text=With%20extensive%20financial%20and%20logistical%20support%20from%20China,,,5-Sep,"China Petroleum and Chemical (Sinopec)EgyptCoal, Oil and Natural Gas214275.5",,China,China Petroleum and Chemical (Sinopec),Beijing Municipality,,Beijing,Not Specified,Not Specified,Not Specified,,,"Coal, Oil and Natural Gas",Oil & gas extraction,Energy,Extraction,,214,Yes,275.5,Yes,New,,,,,,172,
2005,WSN Investments Ltd,LTT Hydraulic Nigeria Ltd,1.5,Nigeria,Industry & Trade/Ser,Material Production and Processing,,2004-2006,West Africa,Material Production and Processing,High,,,Completed,M&A,1.5,,,,10/10/2005,,,,,,,,,,,,5-Oct,WSN Investments LtdNigeria,,Hong Kong,,,,,,,,,,,,,,,,,,,,,,,,,,1698142040
2005,Changchun Construction Group,,10,Madagascar,Industry & Trade/Ser,Material Production and Processing,,2004-2006,East Africa,Material Production and Processing,Medium,,"Prime Minister Sylla, along with other government figures from Madagascar officially launched the construction of the new cement plant by laying the foundation stone. This was a project that has been in the works since a 2004 agreement between Madagascar and China. A Chinese delegation led by Tan Li, the CEO of Changchun Construction Group, (includes (Ysu Automobile, High Technology, and Iron Tower Factory) attended the ceremony. The cement plant, Madagascar Long Cimenterie (MALOCI), will be constructed by Longfei and will take 8 months to complete with an investment of 126 billion Ariary (Elfisciency, 2005 search ""ciment""). According to CemNet (2005), Changchun Construction Group announced plans on Feb 28 2005 to construct a large cement factory in Madagascar. It is said to be a $10 million plant. Confidence status medium because of lack of official sources and recent sources indicating current deal status ",Announced,Greenfield,10,,,,2/28/2005,,Changchun Construction Group,,https://www.cemnet.com/news/story/145009/chinese-to-open-cement-factory-in-madagascar.html#:~:text=China%E2%80%99s%20huge%20state-owned%20Changchun%20Construction%20Group https://elfisciency.wordpress.com/2005/01/,,,https://www.cemnet.com/news/story/145009/chinese-to-open-cement-factory-in-madagascar.html#:~:text=China%E2%80%99s%20huge%20state-owned%20Changchun%20Construction%20Group,,https://elfisciency.wordpress.com/2005/01/,,,5-Mar,Changchun Construction GroupMadagascarBuilding & Construction Materials342159.8,,China,Changchun Construction Group,Jilin,,Changchun,Antananarivo province,Not Specified,Ambohimanambola,,,Building & Construction Materials,Cement & concrete products,Construction,Manufacturing,,342,Yes,159.8,Yes,New,,,,,,212,
2005,ZTE,,1.88,Kenya,ICT,Manufacturing,,2004-2006,East Africa,ICT,Medium,,"Added the announced date and announced amount. Changed the confidence status to medium. In July 2005, the Council on Foreign Relations reported that ""ZTE Communications made a 'gift' of equipment valued at 144 million Kenyan shillings (approximately 1.88 million USD based on the July 2005 exchange rate) to Telkom Kenya, expressing its intention to play a positive role in Kenya's telecommunications industry.""

Low because only have deal status. According to a British multinational telecommunications company Vodafone's annual report in 2007, it has signed a handset procurement agreement with ZTE to produce a range of ultra low-cost handsets for sale in emerging markets to increase access to communications. Vodafone's market includes Kenya, so sort the deal status as ""announced.""",Announced,Greenfield,1.88,,,,7/21/2005,,ZTE,https://www.vodafone.com/content/dam/vodcom/sustainability/pdfs/2006-07-vodafonecr.pdf,,,,,,https://www.vodafone.com/content/dam/vodcom/sustainability/pdfs/2006-07-vodafonecr.pdf,https://www.cfr.org/report/chinas-rising-role-africa,,5-Oct,ZTEKenyaCommunications4349.4,,China,ZTE,Guangdong,,Shenzhen,Not Specified,Not Specified,Not Specified,,,Communications,Wireless telecommunication carriers,ICT & Electronics,Manufacturing,,434,Yes,9.4,Yes,New,,,,,,538,
2005,Hutchison Port Holdings (HPH),,,Egypt,Transportation,Ports/Waterways,,2004-2006,North Africa,Transportation,Medium,,"On March 12, 2005, Hutchison Port Holdings (HPH) announced that it has entered into agreements with a consortium led by the Alexandria Port Authority for the construction, operation, and management of two terminals at Alexandria Port and El Dekheila Port, Egypt (Hutchinson Port, 2005). Investment amount is uncertain. Deal status is commenced based on Xinhua (2024), indicating that a new large container terminal at Egypt's Dekheila Port will be handed over to an international consortium led by China's Hutchison Ports for operation by the end of the year (2025). ",Commenced,Greenfield,,,,,3/12/2005,,Hutchison Ports,https://english.news.cn/20240823/ff014441ae404c43ad78494f36040077/c.html#:~:text=A%20new%20large%20container%20terminal%20at%20Egypt's%20Dekheila%20Port%20on ,,,,https://web.archive.org/web/20230331132430/https://hutchisonports.com/en/media/news/hph-makes-port-investment-in-egypt/,,https://web.archive.org/web/20230331132430/https://hutchisonports.com/en/media/news/hph-makes-port-investment-in-egypt/,https://hutchisonports.com/en/Our-Ports.html?location=514&region=492 https://www.aict.com.eg/introduction/ https://apa.gov.eg/en/alex-other-details/,,5-Mar,Hutchison Port Holdings (HPH)EgyptWarehousing & Storage122197.1,,Hong Kong,Hutchison Whampoa,Hong Kong,,Hong Kong,Al Iskandariyah,Not Specified,Alexandria,,,Warehousing & Storage,Warehousing & storage,"Transportation, Warehousing & Storage","Logistics, Distribution & Transportation",,122,Yes,197.1,Yes,New,,,,,,667,
2005,Brilliance China Automotive,,,Egypt,Automotive,Automotive,2006,2004-2006,North Africa,Automotive,Medium,,"Brilliance Auto first established partnership with Egypt's Bavarian Auto Group in 2005 and the assembly line was put into operation in 2006 but stopped in October 2009 due to ""unconquerable factors"" (CN Daily, 2016). Deal Status: Suspended. According to Brilliance-EG website, they said that in March 2006, the first Galena 2.0L came off the production line (using this as an indicator of when the facility was completed). Didn't find anything on  CN stake or investment amount. According to ECNS (2016), Brilliance Auto Group announced plans to restart its assembly line in Egypt after two years of market research (see Deal ID 675). ",Suspended,Greenfield,,,,,1/1/2005,3/1/2006,Brilliance Auto Group,https://www.chinadaily.com.cn/world//2016xivisitmiddleeast/2016-01/18/content_23130939.htm https://www.ecns.cn/business/2016/02-15/199011.shtml,,,,https://www.chinadaily.com.cn/world//2016xivisitmiddleeast/2016-01/18/content_23130939.htm https://www.ecns.cn/business/2016/02-15/199011.shtml https://brilliance-eg.com/main.php?page=company_profile,https://www.chinadaily.com.cn/world//2016xivisitmiddleeast/2016-01/18/content_23130939.htm https://www.ecns.cn/business/2016/02-15/199011.shtml https://brilliance-eg.com/main.php?page=company_profile,https://www.chinadaily.com.cn/world//2016xivisitmiddleeast/2016-01/18/content_23130939.htm https://www.ecns.cn/business/2016/02-15/199011.shtml,,,5-Jul,Brilliance China AutomotiveEgyptAutomotive OEM86451.7,,Hong Kong,Brilliance China Automotive,Hong Kong,,Hong Kong,Not Specified,Not Specified,Not Specified,,,Automotive OEM,Automobiles,Transport Equipment,Manufacturing,,864,Yes,51.7,Yes,New,,,,,,681,
2004,CFC Securities Holdings Ltd,AIG Kenya Insurance Co Ltd,22.21,Kenya,Financial Sector,Insurance and Pension,,2004-2006,East Africa,Financial Sector,High,,,Completed,M&A,22.21,,,,12/13/2004,,,,,,,,,,,,4-Dec,CFC Securities Holdings LtdKenya,,Hong Kong,,,,,,,,,,,,,,,,,,,,,,,,,,1606770040
2004,CNPC International Ltd,Kufpec-SLK Oilfield,,Tunisia,Energy,Oil and Gas,,2004-2006,North Africa,Energy,High,,,Completed,M&A,,,,,10/12/2004,,,,,,,,,,,,4-Oct,CNPC International LtdTunisia,,China,,,,,,,,,,,,,,,,,,,,,,,,,,1694987040
2004,China National Petroleum (CNPC),,,Sudan,Transportation,Railways,,2004-2006,East Africa,Transportation,Medium,,"I was only able to find one source for this project. It involves a $10 million interest-free loan announced on March 5 2004, and the project is in the form of the repayment. China wishes to use the railways for their freight transportation in Sudan. Unsure of more details on this.",Announced,Greenfield,,,,40,3/5/2004,,China's National Petroleum Company,https://sudantribune.com/article2782/,,,https://sudantribune.com/article2782/,,https://sudantribune.com/article2782/,https://sudantribune.com/article2782/,,,4-Mar,China National Petroleum (CNPC)SudanTransportation9345.7,,China,China National Petroleum (CNPC),Beijing Municipality,,Beijing,Not Specified,Not Specified,Not Specified,,,Transportation,Pipeline transportation of crude oil,Energy,"Logistics, Distribution & Transportation",,93,Yes,45.7,Yes,New,,,,,,383,
2003,China National Oil & Gas Exploration & Development (CNODC),,350,Algeria,Energy,Oil and Gas,,2000-2003,North Africa,Energy,High,,"Update: Moved the announced amount of $350 million to completed amount section as well as the associated source. 

There seems to be a conflict in the two sources I found. The SEC document reports the contract was signed in July 2003, while the other source reports that In July 2003, China National Oil & Gas Exploration & Development Corporation (CNODC) built a refinery in Algeria worth $350 million. Since the SEC document is more official, I conclude that July 2003 was the sign date rather than the completion date. This project was carried out by a joint venture, though I have been unable to locate other parties involved. It seems to be part of a larger project but no details on that could be found either.",Announced,Greenfield,,350,,,7/1/2003,,China National Oil & Gas Exploration & Development Corporation (CNODC),https://www.sec.gov/Archives/edgar/data/1108329/000114554905001188/u99900e6vk.htm,,https://jamestown.org/program/chinas-inroads-into-north-africa-an-assessment-of-sino-algerian-relations/,,https://www.sec.gov/Archives/edgar/data/1108329/000114554905001188/u99900e6vk.htm,,https://jamestown.org/program/chinas-inroads-into-north-africa-an-assessment-of-sino-algerian-relations/,,,3-Oct,"China National Oil & Gas Exploration & Development (CNODC)AlgeriaCoal, Oil and Natural Gas1461641.2",,China,China National Petroleum (CNPC),Beijing Municipality,,Beijing,Not Specified,Not Specified,Not Specified,,,"Coal, Oil and Natural Gas",Petroleum refineries,Energy,Manufacturing,,146,Yes,"1,641.20",Yes,New,,,,,,121,
2003,Fomosa Bottling Company,,10,Nigeria,Industry & Trade/Ser,Manufacturing,2003,2000-2003,West Africa,Manufacturing,High,,"It appears the investment had commenced in 2003 and was already in operations with the production of products like fanfare but the company folded in 2006 (see other sources). However, no source for the announcement of the investment",Commenced,Greenfield,,10,N,,,4/1/2003,Formosa Bottling Company Nigeria Limited,https://allafrica.com/stories/200304040587.html,,https://allafrica.com/stories/200304040587.html,,,https://allafrica.com/stories/200304040587.html,https://allafrica.com/stories/200304040587.html,https://proshare.co/articles/eleganza-formosa-others-close-shop?menu=Market&classification=Read&category=General,,3-Apr,Fomosa Bottling CompanyNigeriaBeverages40020,,China,Fomosa Bottling Company,Not Specified,,Not Specified,Lagos State,Not Specified,Lagos,,,Beverages,Soft drinks & ice,"Food, Beverages & Tobacco",Manufacturing,,400,No,20,No,New,,Nigeria is a viable economy in which to invest,,,,452,
2003,Yue Yang Paper,,9.85,Uganda,Industry & Trade/Ser,Manufacturing,,2000-2003,East Africa,Manufacturing,High,,"High because there is deal status, announced amount and announced date. New Vision reported on August 25, 2003 that Yue Yang Paper was investing 9.85million USD in the manufature of soft-wood into paper. No information about this project's commence or completion is found.",Announced,Greenfield,9.85,,,,8/25/2003,,Yue Yang Paper International Uganda Limited,https://www.newvision.co.ug/news/1261669/firm-process-softwood,https://www.newvision.co.ug/news/1261669/firm-process-softwood,,,https://www.newvision.co.ug/news/1261669/firm-process-softwood,,https://www.newvision.co.ug/news/1261669/firm-process-softwood,https://allafrica.com/stories/200308260696.html,,3-Aug,"Yue Yang PaperUgandaPaper, Printing & Packaging1149.9",,China,Yue Yang Paper,Not Specified,,Not Specified,Central,Not Specified,Kampala,,,"Paper, Printing & Packaging","Pulp, paper, & paperboard","Wood, Apparel & Related Products",Manufacturing,,114,No,9.9,No,New,,,,,,528,
2003,Distacom Communications Ltd,Telecom Malagasy SA,,Madagascar,ICT,ICT Infrastructure,,2000-2003,East Africa,ICT,High,,,Completed,M&A,,,,,12/31/2003,,,,,,,,,,,,3-Dec,Distacom Communications LtdMadagascar,,Hong Kong,,,,,,,,,,,,,,,,,,,,,,,,,,1425489040
2003,Distacom Communications Ltd,Telecom Malagasy SA,12,Madagascar,ICT,ICT Infrastructure,,2000-2003,East Africa,ICT,High,,,Completed,M&A,12,,,,8/18/2003,,,,,,,,,,,,3-Aug,Distacom Communications LtdMadagascar,,Hong Kong,,,,,,,,,,,,,,,,,,,,,,,,,,1425498040
2003,China Nonferrous Metals International Mining (CNMIM),,20,Zambia,Metals and Minerals,Metals and Minerals,2003,2000-2003,Southern Africa,Metals and Minerals,Irrelevant,,"China Non-Ferrous Metals Mining Corporation (CNMC) Africa Mining Co. Ltd. acquired Chambishi Copper Mine (located in the Copperbelt Province of Zambia) in an open bid in June 1998 for about $20 million, reopening it in 2003. CNMC has an 85% stake while the Zambia Copper Mines United Investment Corporation (ZCCM-IH) has 15%. Couldn't find investment amount. NOTE this deal should not be confused for the Chambishi Copper Smelter (Deal ID 255)",Completed,Greenfield,20,,,85,1/1/2003,1/1/2003,,https://nfca.cnmc.com.cn/nfca/gywm/gsjj/A021002001Gone1.html,,,https://nfca.cnmc.com.cn/nfca/gywm/gsjj/A021002001Gone1.html https://unctad.org/system/files/official-document/diaepcb201008_en.pdf (see pg 39) https://www.zccm-ih.com.zm/investments/mining-assets/nfc-africa-plc/,https://nfca.cnmc.com.cn/nfca/gywm/gsjj/A021002001Gone1.html,"https://www.chinadaily.com.cn/world/2010-11/28/content_11619435.htm https://www.cnmcl.net/en/about-us/company-profile/ (see ""Milestones"" section)",https://nfca.cnmc.com.cn/nfca/gywm/gsjj/A021002001Gone1.html https://www.chinadaily.com.cn/world/2010-11/28/content_11619435.htm,https://resourcegovernance.org/sites/default/files/ZamCopperBoom.pdf (see page 9)  https://web.archive.org/web/20170827072826/http://www.nfc.com.cn:80/templates/en_T_jxcx/index.aspx?nodeid=331 https://landmatrix.org/media/uploads/republicofminingcom20130606copper-expansion-the-copperbelt-the-pride-of-zambia-by-john-chadwick-publisher-international-mining-june-2013.pdf,,3-Mar,China Nonferrous Metals International Mining (CNMIM)ZambiaMetals205150,,China,China Nonferrous Metals Mining (CNMC),Beijing Municipality,,Beijing,Copperbelt Province,Not Specified,Kitwe,,,Metals,"Copper, nickel, lead, & zinc mining",Physical Sciences,Extraction,,205,Yes,150,No,New,,,,,,218,
2003,Shanghai Baosteel Group,,300,Zimbabwe,Metals and Minerals,Metals and Minerals,,2000-2003,Southern Africa,Metals and Minerals,Unknown,,"Although the announcement of the deal in 2003 could be verified, the current staus of the deal couldnt be verified - no further informantion since its announcement",Unknown,Greenfield,300,,,,4/9/2003,,,https://allafrica.com/stories/200304090499.html,https://allafrica.com/stories/200304090499.html,,,https://allafrica.com/stories/200304090499.html,,,,,3-Apr,Shanghai Baosteel GroupZimbabweMetals2000300,,China,Shanghai Baosteel Group,Shanghai Municipality,,Shanghai,Not Specified,Not Specified,Not Specified,,,Metals,Nonferrous metal production & processing,Physical Sciences,Extraction,,2000,No,300,No,New,,,,,,170,
2001,Investor Group,Uganda Spinning Mill Ltd (Uganda),,Uganda,Industry & Trade/Ser,Textiles,,2000-2003,East Africa,Textiles,High,,,Completed,M&A,,,,,1/1/2001,,,,,,,,,,,,1-Jan,Investor GroupUganda,,China,,,,,,,,,,,,,,,,,,,,,,,,,,1085177040
2000,Welox Ltd,Camafuca Kimberlite (Southernera Resources Ltd),,Angola,Metals and Minerals,Metals and Minerals,,2000-2003,Southern Africa,Metals and Minerals,High,,,Completed,M&A,,,,,4/11/2000,,,,,,,,,,,,Apr-00,Welox LtdAngola,,Hong Kong,,,,,,,,,,,,,,,,,,,,,,,,,,998142040
0,China National Petroleum (CNPC),,,Niger,,,,Out of Range,West Africa,,Duplicate,1,,,Greenfield,,,,,,,,,,,,,,,,,21-Oct,397601,759,China,China National Petroleum (CNPC),,,,,,,,,Transportation & Warehousing,Pipeline transportation of crude oil,Energy,"Logistics, Distribution & Transportation",,70,YES,164.6,YES,New,,,,,,2,
0,,,,Mali,,,,Out of Range,West Africa,,Duplicate,29,"29 - parent company ID, amount, industry, BU-sector, cluster and industry activities are the same as deal ID 29",,Greenfield,,,,,,,,,,,,,,,,,23-Jul,449355,35315,China,,,,,,,,,,Space & defence,"Military armoured vehicle, tank, & components",Transport Equipment,Maintenance & Servicing,,60,YES,1.7,YES,New,,,,,,30,
0,China National Building Material Group (CNBM),,,Nigeria,Industry & Trade/Ser,Housing Construction,,Out of Range,West Africa,Housing Construction,Duplicate,37,This appears to be a duplicate of deal ID 37 but a different annouced investment amount. cleaned data 2020-2022 also noted that this is a duplicate,,Greenfield,,,,,,,,,,,,,,,,,22-May,414288,41390,China,China National Building Material Group (CNBM),,,,,,,,,Building materials,Cement & concrete products,Construction,Manufacturing,,476,YES,454.9,YES,New,,,,,,35,
0,Hong Kong Aerospace Technology Group,,,Djibouti,,,,Out of Range,East Africa,,Duplicate,22,,,Greenfield,,,,,,,,,,,,,,,,,23-Jan,452096,186751,Hong Kong,Hong Kong Aerospace Technology Group,,,,,,,,,Space & defence,Guided missile & space vehicles,ICT & Electronics,Research & Development,,3000,YES,"1,000.00",NO,New,,,,,,100,
0,,,,Morocco,,,,Out of Range,North Africa,,Duplicate,106,"Marking as duplicate because it's part of the big project - the source (Aeolon) provided states the office opened in may 2023 which is incidentally the date in this entry and the amount is low and estimated, most likely the office registration activity of the original deal: ""Aeolon Renewable Energy (Morocco) Limited company was registered""",,Greenfield,,,,,,,,https://aeolon.com.cn/en/article-36635-111250.html https://renewablesnow.com/news/chinas-aeolon-breaks-ground-on-eur-224m-blade-factory-in-morocco-846602/,,,,,,,,,23-May,460725,190141,China,Aeolon,,,,,,,,,Plastics,Artificial & synthetic fibres ,Environmental Technology,"Sales, Marketing & Support",,9,YES,2.1,YES,New,,,,,,107,
0,China National Petroleum (CNPC),,,Niger,,,,Out of Range,West Africa,,Duplicate,119,,Commenced,Greenfield,,,,,,,,,,,,,,,,,3-Nov,"China National Petroleum (CNPC)NigerCoal, Oil and Natural Gas1461641.2",,China,China National Petroleum (CNPC),Beijing Municipality,,Beijing,Niger,Not Specified,Not Specified,,,"Coal, Oil and Natural Gas",Petroleum refineries,Energy,Manufacturing,,146,Yes,"1,641.20",Yes,New,,,,,,120,
0,China Mobile International (CMI),,,Nigeria,,,,Out of Range,West Africa,,Duplicate,127,,,Greenfield,,,,,,,,,,,,,,,,,20-May,China Mobile International (CMI)NigeriaCommunications72899.2,,China,China Mobile Communications,Beijing Municipality,Not Specified,Beijing,Not Specified,Not Specified,Not Specified,,,Communications,Wired telecommunication carriers,ICT & Electronics,ICT & Internet Infrastructure,,72,Yes,899.2,Yes,New,Announced,,"Europe, Africa and the Middle East","Vodafone Group, Orange (France Telecom), Meta (Facebook), Saudi Telecom Company (STC), China Mobile International (CMI), Telecom Egypt, West Indian Ocean Cable Company (WIOCC), MTN GlobalConnect",https://www.businesswire.com/news/home/20200514005389/en/2Africa-Transformative-Subsea-Cable-Future-Internet-Connectivity,128,
0,Tebian Electric Apparatus (TBEA),,,Guinea,,,,Out of Range,West Africa,,Duplicate,128,,,Greenfield,,,,,,,,,,,,,,,,,18-May,"Tebian Electric Apparatus (TBEA)GuineaCoal, oil & gas49580",,China,Tebian Electric Apparatus (TBEA),Xinjiang,Not Specified,Changji,Not Specified,Not Specified,Not Specified,,,"Coal, oil & gas",Fossil fuel electric power,Energy,Electricity,,49,Yes,580,Yes,New,Announced,,,,https://www.bloomberg.com/news/articles/2018-05-15/guinea-approves-2-9-billion-bauxite-deal-with-china-s-tbea,143,
0,Tebian Electric Apparatus (TBEA),,,Guinea,,,,Out of Range,West Africa,,Duplicate,128,,,Greenfield,,,,,,,,,,,,,,,,,18-May,Tebian Electric Apparatus (TBEA)GuineaMetals2018580,,China,Tebian Electric Apparatus (TBEA),Xinjiang,Not Specified,Changji,Not Specified,Not Specified,Not Specified,,,Metals,Other metal ore mining,Physical Sciences,"Logistics, Distribution & Transportation",,2018,Yes,580,Yes,New,Announced,,,,https://www.bloomberg.com/news/articles/2018-05-15/guinea-approves-2-9-billion-bauxite-deal-with-china-s-tbea,144,
0,Tebian Electric Apparatus (TBEA),,,Guinea,,,,Out of Range,West Africa,,Duplicate,128,,,Greenfield,,,,,,,,,,,,,,,,,18-May,Tebian Electric Apparatus (TBEA)GuineaMetals3000580,,China,Tebian Electric Apparatus (TBEA),Xinjiang,Not Specified,Changji,Not Specified,Not Specified,Not Specified,,,Metals,Alumina & aluminium production and processing,Physical Sciences,Manufacturing,,3000,Yes,580,Yes,New,Announced,,,,https://www.bloomberg.com/news/articles/2018-05-15/guinea-approves-2-9-billion-bauxite-deal-with-china-s-tbea,145,
0,PetroChina Exploration and Development,,,Algeria,,,,Out of Range,North Africa,,Duplicate,121,The SEC source linked in deal ID 121 indicates that this project is part of a larger integrated project,,Greenfield,,,,,,,,,,,,,,,,,3-Jul,"PetroChina Exploration and DevelopmentAlgeriaCoal, Oil and Natural Gas145350",,China,China National Petroleum (CNPC),Beijing Municipality,,Beijing,Adrar,Not Specified,Adrar,,,"Coal, Oil and Natural Gas",Oil & gas extraction,Energy,Extraction,,145,Yes,350,No,New,,Yes,,,,166,
0,Shanghai Safbon Water Service,,,Egypt,,,,Out of Range,North Africa,,Duplicate,,,,Greenfield,,,,,,,,,,,,,,,https://www.zawya.com/en/business/shanghai-safbon-braces-for-200-mln-recycling-plant-in-egypt-r7j6r7gw https://www.icafrica.org/fileadmin/documents/Annual_Reports/IFT_2016_annual_report_final_FRE.pdf,,16-Jun,Shanghai Safbon Water ServiceEgyptBusiness Services227250,,China,Shanghai Safbon Water Service,Shanghai Municipality,,Shanghai,Kafr ash Shaykh,Not Specified,Kafr ash Shaykh,,,Business Services,Waste management & remediation services,Environmental Technology,Recycling,,227,Yes,250,Yes,New,,,,,,179,
0,Shanghai Safbon Water Service,,,Egypt,,,,Out of Range,North Africa,,Duplicate,,,,Greenfield,,,,,,,,,,,,,,,https://www.zawya.com/en/business/shanghai-safbon-braces-for-200-mln-recycling-plant-in-egypt-r7j6r7gw https://www.icafrica.org/fileadmin/documents/Annual_Reports/IFT_2016_annual_report_final_FRE.pdf,,16-Jun,Shanghai Safbon Water ServiceEgyptBusiness Services227250,,China,Shanghai Safbon Water Service,Shanghai Municipality,,Shanghai,Al Qahirah,Not Specified,Cairo,,,Business Services,Waste management & remediation services,Environmental Technology,Recycling,,227,Yes,250,Yes,New,,,,,,180,
0,Shanghai Safbon Water Service,,,Egypt,,,,Out of Range,North Africa,,Duplicate,,,,Greenfield,,,,,,,,,,,,,,,https://www.zawya.com/en/business/shanghai-safbon-braces-for-200-mln-recycling-plant-in-egypt-r7j6r7gw https://www.icafrica.org/fileadmin/documents/Annual_Reports/IFT_2016_annual_report_final_FRE.pdf,,16-Jun,Shanghai Safbon Water ServiceEgyptBusiness Services227250,,China,Shanghai Safbon Water Service,Shanghai Municipality,,Shanghai,Faiyum,Not Specified,Faiyum,,,Business Services,Waste management & remediation services,Environmental Technology,Recycling,,227,Yes,250,Yes,New,,,,,,181,
0,China Nonferrous Metals Mining (CNMC),,,"Congo, Democratic Republic of the",,,,Out of Range,Central Africa,,Duplicate,195,"Renamed from Congo (DRC) to Congo, Democratic Republic of the",,Greenfield,,,,,,,,,,,,,,,,,16-Jan,"China Nonferrous Metals Mining (CNMC)Congo, Democratic Republic of theMetals342183",,China,China Nonferrous Metals Mining (CNMC),Beijing Municipality,,Beijing,Katanga,Not Specified,Kolwezi,,,Metals,Nonferrous metal production & processing,Physical Sciences,Manufacturing,,342,Yes,183,Yes,New,,,,,,196,
0,Power Construction Corporation of China (PowerChina),,,Zambia,,,,Out of Range,Southern Africa,,Duplicate,197,,,Greenfield,,,,,,,,,,,,,,,,,20-May,Power Construction Corporation of China (PowerChina)ZambiaRenewable energy54182.67,,China,Power Construction Corporation of China (PowerChina),Beijing Municipality,Not Specified,Beijing,Lusaka Province,Not Specified,Chirundu,,,Renewable energy,Solar electric power,Environmental Technology,Electricity,,54,Yes,182.7,Yes,New,Announced,,,"Zambia Electricity Supply Corporation, Power Construction Corporation of China (PowerChina)",https://en.imsilkroad.com/p/313695.html,198,
0,Power Construction Corporation of China (PowerChina),,,Zambia,,,,Out of Range,Southern Africa,,Duplicate,197,,,Greenfield,,,,,,,,,,,,,,,,,20-May,Power Construction Corporation of China (PowerChina)ZambiaRenewable energy54182.67,,China,Power Construction Corporation of China (PowerChina),Beijing Municipality,Not Specified,Beijing,Southern Province,Not Specified,Siavonga,,,Renewable energy,Solar electric power,Environmental Technology,Electricity,,54,Yes,182.7,Yes,New,Announced,,,"Zambia Electricity Supply Corporation, Power Construction Corporation of China (PowerChina)",https://en.imsilkroad.com/p/313695.html,199,
0,Power Construction Corporation of China (PowerChina),,,Zambia,,,,Out of Range,Southern Africa,,Duplicate,197,,,Greenfield,,,,,,,,,,,,,,,,,20-May,Power Construction Corporation of China (PowerChina)ZambiaRenewable energy54182.67,,China,Power Construction Corporation of China (PowerChina),Beijing Municipality,Not Specified,Beijing,Southern Province,Not Specified,Siavonga,,,Renewable energy,Solar electric power,Environmental Technology,Electricity,,54,Yes,182.7,Yes,New,Announced,,,"Zambia Electricity Supply Corporation, Power Construction Corporation of China (PowerChina)",https://en.imsilkroad.com/p/313695.html,200,
0,Power Construction Corporation of China (PowerChina),,,Zambia,,,,Out of Range,Southern Africa,,Duplicate,197,,,Greenfield,,,,,,,,,,,,,,,,,20-May,Power Construction Corporation of China (PowerChina)ZambiaRenewable energy54182.67,,China,Power Construction Corporation of China (PowerChina),Beijing Municipality,Not Specified,Beijing,Central Province,Not Specified,Chibombo,,,Renewable energy,Solar electric power,Environmental Technology,Electricity,,54,Yes,182.7,Yes,New,Announced,,,"Zambia Electricity Supply Corporation, Power Construction Corporation of China (PowerChina)",https://en.imsilkroad.com/p/313695.html,201,
0,Power Construction Corporation of China (PowerChina),,,Zambia,,,,Out of Range,Southern Africa,,Duplicate,197,,,Greenfield,,,,,,,,,,,,,,,,,20-May,Power Construction Corporation of China (PowerChina)ZambiaRenewable energy54182.67,,China,Power Construction Corporation of China (PowerChina),Beijing Municipality,Not Specified,Beijing,Lusaka Province,Not Specified,Chirundu,,,Renewable energy,Solar electric power,Environmental Technology,Electricity,,54,Yes,182.7,Yes,New,Announced,,,"Zambia Electricity Supply Corporation, Power Construction Corporation of China (PowerChina)",https://en.imsilkroad.com/p/313695.html,202,
0,Guangzhou Sunda International Trading Company,,,Ghana,,,,Out of Range,West Africa,,Duplicate,,"Like Deal ID 131, Not sure which project it is.",,Greenfield,,,,,,,,,,,,,,,,,14-Jan,Guangzhou Sunda International Trading CompanyGhanaChemicals149162.2,,China,Guangzhou Sunda International Trading Company,Guangdong,,Guangzhou,Not Specified,Not Specified,Not Specified,,,Chemicals,"Soap, cleaning compounds, & toilet preparation",Consumer Goods,Manufacturing,,149,Yes,162.2,Yes,New,,,,,,208,
0,China Mobile International (CMI),,,Ghana,,,,Out of Range,West Africa,,Duplicate,,"This project is an Africa-wide project funded by 8 companies, including African companies. As we cannot determine the investment capital of Chinese companies and the shares of Chinese companies in this project, it is marked as not relevant.",,Greenfield,,,,,,,,,,,,,,,,,20-May,China Mobile International (CMI)GhanaCommunications72141.3,,China,China Mobile Communications,Beijing Municipality,Not Specified,Beijing,Not Specified,Not Specified,Not Specified,,,Communications,Wired telecommunication carriers,ICT & Electronics,ICT & Internet Infrastructure,,72,Yes,141.3,Yes,New,Announced,,"Europe, Africa and the Middle East","Vodafone Group, Orange (France Telecom), Meta (Facebook), Saudi Telecom Company (STC), China Mobile International (CMI), Telecom Egypt, West Indian Ocean Cable Company (WIOCC), MTN GlobalConnect",https://www.businesswire.com/news/home/20200514005389/en/2Africa-Transformative-Subsea-Cable-Future-Internet-Connectivity,225,
0,Zoomlion Heavy Industry Science and Technology (Changsha Zoomlion Heavy Industry Science & Techonology Development),,,Ghana,,,,Out of Range,West Africa,,Duplicate,,This is not a Chinese company or investment - Josepong is a Ghanaian business that invested with a Hungarian government fund through Zoomlion (a subsidiary of Josepong). So it is irrelevant,,Greenfield,,,,,,,,,,,,,,,,,20-Sep,Zoomlion Heavy Industry Science and Technology (Changsha Zoomlion Heavy Industry Science & Techonology Development)GhanaIndustrial equipment625105.1,,China,Zoomlion Heavy Industry Science and Technology (Changsha Zoomlion Heavy Industry Science & Techonology Development),Hunan,Not Specified,Changsha,Northern Region,Not Specified,Not Specified,,,Industrial equipment,"Agriculture, construction, & mining machinery",Construction,Maintenance & Servicing,,625,No,105.1,Yes,New,Announced,,,,https://www.marketwatch.com/press-release/zoomlion-ghana-is-to-establish-two-waste-management-plants-in-the-northern-region-2020-09-02?mod=mw_more_headlines&tesla=y,244,
0,Radisson Hospitality (Rezidor Hotel Group),,,Nigeria,,,,Out of Range,West Africa,,Duplicate,246,,,Greenfield,,,,,,,,,,,,,,,,,20-Jul,Radisson Hospitality (Rezidor Hotel Group)NigeriaHotels & tourism202100.2,,China,Shanghai Jin Jiang International Hotels,Shanghai Municipality,Not Specified,Shanghai,Abuja Federal Capital Territory,Not Specified,Abuja,,,Hotels & tourism,Accommodation,Tourism,Construction,,202,Yes,100.2,Yes,New,Announced,,,,https://businessday.ng/arts-and-life/article/radisson-hotel-group-announces-six-new-hotels-in-africa/,247,
0,Sinotruk (China National Heavy Duty Truck Group) (CNHTC),,,Nigeria,,,,Out of Range,West Africa,,Duplicate,250,seems to be a duplicate of deal ID 250 as i couldn't verify any investment annoucements by sinotruk in Nigeria in 2016.,,Greenfield,,,,,,,,,,,,,,,,,16-Jan,Sinotruk (China National Heavy Duty Truck Group) (CNHTC)NigeriaAutomotive OEM86494.5,,China,Sinotruk (China National Heavy Duty Truck Group) (CNHTC),Shandong,,Jinan,Cross River State,Not Specified,Calabar,,,Automotive OEM,Heavy duty trucks,Transport Equipment,Manufacturing,,864,Yes,94.5,Yes,New,,"""Cross River is the most peaceful state in the south-south region with an enduring weather that has a huge potential for the development of trucks, and is good for industry establishment,"" said John Wang, head (Africa).",,,,264,
0,China Mobile International (CMI),,,Cote d'Ivoire,,,,Out of Range,West Africa,,Duplicate,274,"Just like deal 127, the investment is an african wide investment by a group of 8companies. it is not tied to chinese investment and the amount invested is to specified. also, there is no confirmation that the subsea cable has landed in cote d'lvoire or announcement for cote d'voire",,Greenfield,,,,,,,,,,,,,,,,,20-May,China Mobile International (CMI)Cote d'IvoireCommunications7294.4,,China,China Mobile Communications,Beijing Municipality,Not Specified,Beijing,Not Specified,Not Specified,Not Specified,,,Communications,Wired telecommunication carriers,ICT & Electronics,ICT & Internet Infrastructure,,72,Yes,94.4,Yes,New,Announced,,"Europe, Africa and the Middle East","Vodafone Group, Orange (France Telecom), Meta (Facebook), Saudi Telecom Company (STC), China Mobile International (CMI), Telecom Egypt, West Indian Ocean Cable Company (WIOCC), MTN GlobalConnect",https://www.businesswire.com/news/home/20200514005389/en/2Africa-Transformative-Subsea-Cable-Future-Internet-Connectivity,273,
0,China Mobile International (CMI),,,"Congo, Democratic Republic of the",,,,Out of Range,Central Africa,,Duplicate,275,"Renamed from Democratic Republic of Congo to Congo, Democratic Republic of the",,Greenfield,,,,,,,,,,,,,,,,,20-May,"China Mobile International (CMI)Congo, Democratic Republic of theCommunications7294.4",,China,China Mobile Communications,Beijing Municipality,Not Specified,Beijing,Not Specified,Not Specified,Not Specified,,,Communications,Wired telecommunication carriers,ICT & Electronics,ICT & Internet Infrastructure,,72,Yes,94.4,Yes,New,Announced,,"Europe, Africa and the Middle East","Vodafone Group, Orange (France Telecom), Meta (Facebook), Saudi Telecom Company (STC), China Mobile International (CMI), Telecom Egypt, West Indian Ocean Cable Company (WIOCC), MTN GlobalConnect",https://www.businesswire.com/news/home/20200514005389/en/2Africa-Transformative-Subsea-Cable-Future-Internet-Connectivity,276,
0,China Mobile International (CMI),,,Djibouti,,,,Out of Range,East Africa,,Duplicate,277,,,Greenfield,,,,,,,,,,,,,,,,,20-May,China Mobile International (CMI)DjiboutiCommunications7294.4,,China,China Mobile Communications,Beijing Municipality,Not Specified,Beijing,Djibouti,Not Specified,Not Specified,,,Communications,Wired telecommunication carriers,ICT & Electronics,ICT & Internet Infrastructure,,72,Yes,94.4,Yes,New,Announced,,"Europe, Africa and the Middle East","Vodafone Group, Orange (France Telecom), Meta (Facebook), Saudi Telecom Company (STC), China Mobile International (CMI), Telecom Egypt, West Indian Ocean Cable Company (WIOCC), MTN GlobalConnect",https://www.businesswire.com/news/home/20200514005389/en/2Africa-Transformative-Subsea-Cable-Future-Internet-Connectivity,278,
0,China Mobile International (CMI),,,Egypt,,,,Out of Range,North Africa,,Duplicate,277,,,Greenfield,,,,,,,,,,,,,,,,,20-May,China Mobile International (CMI)EgyptCommunications7294.4,,China,China Mobile Communications,Beijing Municipality,Not Specified,Beijing,Not Specified,Not Specified,Not Specified,,,Communications,Wired telecommunication carriers,ICT & Electronics,ICT & Internet Infrastructure,,72,Yes,94.4,Yes,New,Announced,,"Europe, Africa and the Middle East","Vodafone Group, Orange (France Telecom), Meta (Facebook), Saudi Telecom Company (STC), China Mobile International (CMI), Telecom Egypt, West Indian Ocean Cable Company (WIOCC), MTN GlobalConnect",https://www.businesswire.com/news/home/20200514005389/en/2Africa-Transformative-Subsea-Cable-Future-Internet-Connectivity,279,
0,China Mobile International (CMI),,,Egypt,,,,Out of Range,North Africa,,Duplicate,277,,,Greenfield,,,,,,,,,,,,,,,,,20-May,China Mobile International (CMI)EgyptCommunications7294.4,,China,China Mobile Communications,Beijing Municipality,Not Specified,Beijing,Not Specified,Not Specified,Not Specified,,,Communications,Wired telecommunication carriers,ICT & Electronics,ICT & Internet Infrastructure,,72,Yes,94.4,Yes,New,Announced,,"Europe, Africa and the Middle East","Vodafone Group, Orange (France Telecom), Meta (Facebook), Saudi Telecom Company (STC), China Mobile International (CMI), Telecom Egypt, West Indian Ocean Cable Company (WIOCC), MTN GlobalConnect",https://www.businesswire.com/news/home/20200514005389/en/2Africa-Transformative-Subsea-Cable-Future-Internet-Connectivity,280,
0,China Mobile International (CMI),,,Gabon,,,,Out of Range,Central Africa,,Duplicate,277,,,Greenfield,,,,,,,,,,,,,,,,,20-May,China Mobile International (CMI)GabonCommunications7294.4,,China,China Mobile Communications,Beijing Municipality,Not Specified,Beijing,Not Specified,Not Specified,Not Specified,,,Communications,Wired telecommunication carriers,ICT & Electronics,ICT & Internet Infrastructure,,72,Yes,94.4,Yes,New,Announced,,"Europe, Africa and the Middle East","Vodafone Group, Orange (France Telecom), Meta (Facebook), Saudi Telecom Company (STC), China Mobile International (CMI), Telecom Egypt, West Indian Ocean Cable Company (WIOCC), MTN GlobalConnect",https://www.businesswire.com/news/home/20200514005389/en/2Africa-Transformative-Subsea-Cable-Future-Internet-Connectivity,281,
0,China Mobile International (CMI),,,Gabon,,,,Out of Range,Central Africa,,Duplicate,277,,,Greenfield,,,,,,,,,,,,,,,,,20-May,China Mobile International (CMI)GabonCommunications7294.4,,China,China Mobile Communications,Beijing Municipality,Not Specified,Beijing,Not Specified,Not Specified,Not Specified,,,Communications,Wired telecommunication carriers,ICT & Electronics,ICT & Internet Infrastructure,,72,Yes,94.4,Yes,New,Announced,,"Europe, Africa and the Middle East","Vodafone Group, Orange (France Telecom), Meta (Facebook), Saudi Telecom Company (STC), China Mobile International (CMI), Telecom Egypt, West Indian Ocean Cable Company (WIOCC), MTN GlobalConnect",https://www.businesswire.com/news/home/20200514005389/en/2Africa-Transformative-Subsea-Cable-Future-Internet-Connectivity,282,
0,China Mobile International (CMI),,,Madagascar,,,,Out of Range,East Africa,,Duplicate,277,,,Greenfield,,,,,,,,,,,,,,,,,20-May,China Mobile International (CMI)MadagascarCommunications7294.4,,China,China Mobile Communications,Beijing Municipality,Not Specified,Beijing,Not Specified,Not Specified,Not Specified,,,Communications,Wired telecommunication carriers,ICT & Electronics,ICT & Internet Infrastructure,,72,Yes,94.4,Yes,New,Announced,,"Europe, Africa and the Middle East","Vodafone Group, Orange (France Telecom), Meta (Facebook), Saudi Telecom Company (STC), China Mobile International (CMI), Telecom Egypt, West Indian Ocean Cable Company (WIOCC), MTN GlobalConnect",https://www.businesswire.com/news/home/20200514005389/en/2Africa-Transformative-Subsea-Cable-Future-Internet-Connectivity,283,
0,China Mobile International (CMI),,,Madagascar,,,,Out of Range,East Africa,,Duplicate,277,,,Greenfield,,,,,,,,,,,,,,,,,20-May,China Mobile International (CMI)MadagascarCommunications7294.4,,China,China Mobile Communications,Beijing Municipality,Not Specified,Beijing,Not Specified,Not Specified,Not Specified,,,Communications,Wired telecommunication carriers,ICT & Electronics,ICT & Internet Infrastructure,,72,Yes,94.4,Yes,New,Announced,,"Europe, Africa and the Middle East","Vodafone Group, Orange (France Telecom), Meta (Facebook), Saudi Telecom Company (STC), China Mobile International (CMI), Telecom Egypt, West Indian Ocean Cable Company (WIOCC), MTN GlobalConnect",https://www.businesswire.com/news/home/20200514005389/en/2Africa-Transformative-Subsea-Cable-Future-Internet-Connectivity,284,
0,China Mobile International (CMI),,,Mozambique,,,,Out of Range,Southern Africa,,Duplicate,285,,,Greenfield,,,,,,,,,,,,,,,,,20-May,China Mobile International (CMI)MozambiqueCommunications7294.4,,China,China Mobile Communications,Beijing Municipality,Not Specified,Beijing,Not Specified,Not Specified,Not Specified,,,Communications,Wired telecommunication carriers,ICT & Electronics,ICT & Internet Infrastructure,,72,Yes,94.4,Yes,New,Announced,,"Europe, Africa and the Middle East","Vodafone Group, Orange (France Telecom), Meta (Facebook), Saudi Telecom Company (STC), China Mobile International (CMI), Telecom Egypt, West Indian Ocean Cable Company (WIOCC), MTN GlobalConnect",https://www.businesswire.com/news/home/20200514005389/en/2Africa-Transformative-Subsea-Cable-Future-Internet-Connectivity,286,
0,China Mobile International (CMI),,,"Congo, Republic of the",,,,Out of Range,Central Africa,,Duplicate,287,"Renamed from Republic of the Congo to Congo, Republic of the",,Greenfield,,,,,,,,,,,,,,,,,20-May,"China Mobile International (CMI)Congo, Republic of theCommunications7294.4",,China,China Mobile Communications,Beijing Municipality,Not Specified,Beijing,Not Specified,Not Specified,Not Specified,,,Communications,Wired telecommunication carriers,ICT & Electronics,ICT & Internet Infrastructure,,72,Yes,94.4,Yes,New,Announced,,"Europe, Africa and the Middle East","Vodafone Group, Orange (France Telecom), Meta (Facebook), Saudi Telecom Company (STC), China Mobile International (CMI), Telecom Egypt, West Indian Ocean Cable Company (WIOCC), MTN GlobalConnect",https://www.businesswire.com/news/home/20200514005389/en/2Africa-Transformative-Subsea-Cable-Future-Internet-Connectivity,288,
0,China Mobile International (CMI),,,Senegal,,,,Out of Range,West Africa,,Duplicate,289,,,Greenfield,,,,,,,,,,,,,,,,,20-May,China Mobile International (CMI)SenegalCommunications7294.4,,China,China Mobile Communications,Beijing Municipality,Not Specified,Beijing,Not Specified,Not Specified,Not Specified,,,Communications,Wired telecommunication carriers,ICT & Electronics,ICT & Internet Infrastructure,,72,Yes,94.4,Yes,New,Announced,,"Europe, Africa and the Middle East","Vodafone Group, Orange (France Telecom), Meta (Facebook), Saudi Telecom Company (STC), China Mobile International (CMI), Telecom Egypt, West Indian Ocean Cable Company (WIOCC), MTN GlobalConnect",https://www.businesswire.com/news/home/20200514005389/en/2Africa-Transformative-Subsea-Cable-Future-Internet-Connectivity,290,
0,China Mobile International (CMI),,,Somalia,,,,Out of Range,East Africa,,Duplicate,291,,,Greenfield,,,,,,,,,,,,,,,,,20-May,China Mobile International (CMI)SomaliaCommunications7294.4,,China,China Mobile Communications,Beijing Municipality,Not Specified,Beijing,Not Specified,Not Specified,Not Specified,,,Communications,Wired telecommunication carriers,ICT & Electronics,ICT & Internet Infrastructure,,72,Yes,94.4,Yes,New,Announced,,"Europe, Africa and the Middle East","Vodafone Group, Orange (France Telecom), Meta (Facebook), Saudi Telecom Company (STC), China Mobile International (CMI), Telecom Egypt, West Indian Ocean Cable Company (WIOCC), MTN GlobalConnect",https://www.businesswire.com/news/home/20200514005389/en/2Africa-Transformative-Subsea-Cable-Future-Internet-Connectivity,292,
0,China Mobile International (CMI),,,Sudan,,,,Out of Range,East Africa,,Duplicate,277,,,Greenfield,,,,,,,,,,,,,,,,,20-May,China Mobile International (CMI)SudanCommunications7294.4,,China,China Mobile Communications,Beijing Municipality,Not Specified,Beijing,Not Specified,Not Specified,Not Specified,,,Communications,Wired telecommunication carriers,ICT & Electronics,ICT & Internet Infrastructure,,72,Yes,94.4,Yes,New,Announced,,"Europe, Africa and the Middle East","Vodafone Group, Orange (France Telecom), Meta (Facebook), Saudi Telecom Company (STC), China Mobile International (CMI), Telecom Egypt, West Indian Ocean Cable Company (WIOCC), MTN GlobalConnect",https://www.businesswire.com/news/home/20200514005389/en/2Africa-Transformative-Subsea-Cable-Future-Internet-Connectivity,293,
0,China Mobile International (CMI),,,Sudan,,,,Out of Range,East Africa,,Duplicate,277,,,Greenfield,,,,,,,,,,,,,,,,,20-May,China Mobile International (CMI)SudanCommunications7294.4,,China,China Mobile Communications,Beijing Municipality,Not Specified,Beijing,Not Specified,Not Specified,Not Specified,,,Communications,Wired telecommunication carriers,ICT & Electronics,ICT & Internet Infrastructure,,72,Yes,94.4,Yes,New,Announced,,"Europe, Africa and the Middle East","Vodafone Group, Orange (France Telecom), Meta (Facebook), Saudi Telecom Company (STC), China Mobile International (CMI), Telecom Egypt, West Indian Ocean Cable Company (WIOCC), MTN GlobalConnect",https://www.businesswire.com/news/home/20200514005389/en/2Africa-Transformative-Subsea-Cable-Future-Internet-Connectivity,294,
0,China Mobile International (CMI),,,Tanzania,,,,Out of Range,East Africa,,Duplicate,277,,,Greenfield,,,,,,,,,,,,,,,,,20-May,China Mobile International (CMI)TanzaniaCommunications7294.4,,China,China Mobile Communications,Beijing Municipality,Not Specified,Beijing,Not Specified,Not Specified,Not Specified,,,Communications,Wired telecommunication carriers,ICT & Electronics,ICT & Internet Infrastructure,,72,Yes,94.4,Yes,New,Announced,,"Europe, Africa and the Middle East","Vodafone Group, Orange (France Telecom), Meta (Facebook), Saudi Telecom Company (STC), China Mobile International (CMI), Telecom Egypt, West Indian Ocean Cable Company (WIOCC), MTN GlobalConnect",https://www.businesswire.com/news/home/20200514005389/en/2Africa-Transformative-Subsea-Cable-Future-Internet-Connectivity,295,
0,China Mobile International (CMI),,,Tanzania,,,,Out of Range,East Africa,,Duplicate,277,,,Greenfield,,,,,,,,,,,,,,,,,20-May,China Mobile International (CMI)TanzaniaCommunications7294.4,,China,China Mobile Communications,Beijing Municipality,Not Specified,Beijing,Not Specified,Not Specified,Not Specified,,,Communications,Wired telecommunication carriers,ICT & Electronics,ICT & Internet Infrastructure,,72,Yes,94.4,Yes,New,Announced,,"Europe, Africa and the Middle East","Vodafone Group, Orange (France Telecom), Meta (Facebook), Saudi Telecom Company (STC), China Mobile International (CMI), Telecom Egypt, West Indian Ocean Cable Company (WIOCC), MTN GlobalConnect",https://www.businesswire.com/news/home/20200514005389/en/2Africa-Transformative-Subsea-Cable-Future-Internet-Connectivity,296,
0,Chongqing Sansheng Special Building Materials,,,Ethiopia,,,,Out of Range,East Africa,,Duplicate,228,[TX],,Greenfield,,,,,,,,,,,,,,https://www.reuters.com/article/markets/commodities/chongqing-sansheng-industrials-unit-partner-to-set-up-jv-in-ethiopia-idUSL4N1DU31P/,https://www.ichongqing.info/2019/04/27/chongqing-business-set-up-factories-in-ethiopia-earns-praise-from-president/,,16-Oct,Chongqing Sansheng Special Building MaterialsEthiopiaPharmaceuticals30085,,China,Chongqing Sansheng Special Building Materials,Chongqing Municipality,,Chongqing,Oromia,Not Specified,Dukem,,,Pharmaceuticals,Pharmaceutical preparations,Life sciences,Manufacturing,,300,No,85,No,New,,,,,,300,
0,Shanghai Automotive Industry Corporation (SAIC),,,Tunisia,,,,Out of Range,North Africa,,Duplicate,313,,,Greenfield,,,,,,,,,,,,,,,,,18-Sep,Shanghai Automotive Industry Corporation (SAIC)TunisiaAutomotive OEM100773.9,,China,Shanghai Automotive Industry Corporation (SAIC),Shanghai Municipality,Not Specified,Shanghai,Not Specified,Not Specified,Not Specified,,,Automotive OEM,Automobiles,Transport Equipment,Manufacturing,,1007,Yes,73.9,Yes,New,Announced,,"Africa, Europe","Shanghai Automotive Industry Corporation (SAIC) , Meninx Holding",http://footprint2africa.com/topics/transport/chinese-automaker-saic-motor-build-manufacturing-plant-tunisia-targets-african-market/,314,
0,BYD,,,Morocco,,,,Out of Range,North Africa,,Duplicate,302,,,Greenfield,,,,,,,,,,,,,,,,,17-Dec,BYDMoroccoAutomotive OEM62566,,China,BYD,Guangdong,,Shenzhen,Tangier-Tetouan,Not Specified,Tangier,,,Automotive OEM,Heavy duty trucks,Transport Equipment,Manufacturing,,625,Yes,66,Yes,Co-Locati,,"""We want to benefit from Morocco's geographical location, as a gateway to Europe and the African market."" - Wang Chuanfu, chairperson.",,,,324,
0,BYD,,,Morocco,,,,Out of Range,North Africa,,Duplicate,302,,,Greenfield,,,,,,,,,,,,,,,,,17-Dec,BYDMoroccoAutomotive OEM62566,,China,BYD,Guangdong,,Shenzhen,Tangier-Tetouan,Not Specified,Tangier,,,Automotive OEM,Automobiles,Transport Equipment,Manufacturing,,625,Yes,66,Yes,New,,"""We want to benefit from Morocco's geographical location, as a gateway to Europe and the African market."" - Wang Chuanfu, chairperson.",,,,325,
0,China Great Wall Industry Corporation,,,Nigeria,,,,Out of Range,West Africa,,Duplicate,348,,,Greenfield,,,,,,,,,,,,,,,,,13-Dec,China Great Wall Industry CorporationNigeriaElectronic Components70857,,China,China Aerospace Science and Technology Corporation,Beijing Municipality,,Beijing,Not Specified,Not Specified,Not Specified,,,Electronic Components,All other electrical equipment & components,Environmental Technology,Manufacturing,,708,Yes,57,Yes,New,,,,,,349,
0,China Great Wall Industry Corporation,,,Nigeria,,,,Out of Range,West Africa,,Duplicate,348,,,Greenfield,,,,,,,,,,,,,,,,,13-Dec,"China Great Wall Industry CorporationNigeriaIndustrial Machinery, Equipment & Tools16557",,China,China Aerospace Science and Technology Corporation,Beijing Municipality,,Beijing,Not Specified,Not Specified,Not Specified,,,"Industrial Machinery, Equipment & Tools",Power transmission equipment,Industrial,"Design, Development & Testing",,165,Yes,57,Yes,New,,,,,,350,
0,New Hope Group (NHG),,,Egypt,,,,Out of Range,North Africa,,Duplicate,467,Source provided by raw data aligns with Deal ID 467. ,,Greenfield,,,,,,,,,,,,,,,,,18-Mar,New Hope Group (NHG)EgyptFood & Beverages31249.4,,China,New Hope Group (NHG),Sichuan,Not Specified,Chengdu,Dakahlia,Not Specified,Gamasa,,,Food & Beverages,Animal food,Agribusiness,Manufacturing,,312,Yes,49.4,Yes,New,Announced,,,,https://tribune.com.pk/story/1663137/3-chinas-agribusiness-giant-new-hope-expands-egypt-amid-growing-sino-egyptian-ties/,369,
0,Huawei Technologies,,,South Africa,ICT,ICT Infrastructure,,Out of Range,Southern Africa,ICT,Duplicate,378,Duplicate of 378,Announced,Greenfield,,,,,,,,,,,,,,,,,19-Feb,Huawei TechnologiesSouth AfricaCommunications7246.1,,China,Huawei Technologies,Guangdong,Not Specified,Shenzhen,Western Cape,Not Specified,Cape Town,,,Communications,"Data processing, hosting, & related services",ICT & Electronics,ICT & Internet Infrastructure,,72,Yes,46.1,Yes,New,Announced,,Africa,,https://www.reuters.com/article/us-huawei-safrica/huawei-to-build-data-centers-in-south-africa-idUSKCN1Q3187,379,
0,Shanghai Automotive Industry Corporation (SAIC),,,Egypt,,,,Out of Range,North Africa,,Duplicate,380,Source provided in raw data refers to Deal ID 380,,Greenfield,,,,,,,,,,,,,,,,,18-Mar,Shanghai Automotive Industry Corporation (SAIC)EgyptAutomotive OEM100745.9,,China,Shanghai Automotive Industry Corporation (SAIC),Shanghai Municipality,Not Specified,Shanghai,Not Specified,Not Specified,Not Specified,,,Automotive OEM,Automobiles,Transport Equipment,Manufacturing,,1007,Yes,45.9,Yes,New,Announced,,"Egypt, the Middle East and Africa",,https://www.arabfinance.com/ar/news/details/egypt-companies/426204,381,
0,BYD,,,Morocco,,,,Out of Range,North Africa,,Duplicate,302,,,Greenfield,,,,,,,,,,,,,,,,,17-Dec,BYDMoroccoElectronic Components62539.2,,China,BYD,Guangdong,,Shenzhen,Tangier-Tetouan,Not Specified,Tangier,,,Electronic Components,Batteries,Transport Equipment,Manufacturing,,625,Yes,39.2,Yes,Co-Locati,,"""We want to benefit from Morocco's geographical location, as a gateway to Europe and the African market."" - Wang Chuanfu, chairperson.",,,,388,
0,Shanghai Fosun Pharmaceutical (Group),,,Cote d'Ivoire,Industry & Trade/Ser,Manufacturing,,Out of Range,West Africa,Manufacturing,Duplicate,59,Renamed from Cote d Ivoire to Cote d'Ivoire,,Greenfield,,,,,,,,,,,,,,,,,18-Mar,Shanghai Fosun Pharmaceutical (Group)Cote d'IvoirePharmaceuticals18939,,China,Shanghai Fosun Pharmaceutical (Group),Shanghai Municipality,Not Specified,Shanghai,Not Specified,Not Specified,Not Specified,,,Pharmaceuticals,Pharmaceutical preparations,Life sciences,Manufacturing,,189,Yes,39,Yes,New,Announced,,,,https://www.financialafrik.com/2018/03/20/cote-divoire-le-groupe-chinois-fosun-international-va-construire-une-usine-pharmaceutique/,390,
0,Aviation Industry Corporation of China,,,Tanzania,,,,Out of Range,East Africa,,Duplicate,441,,,Greenfield,,,,,,,,,,,,,,,,,14-Dec,Aviation Industry Corporation of ChinaTanzaniaAerospace9435.2,,China,Aviation Industry Corporation of China,Beijing Municipality,,Beijing,Not Specified,Not Specified,Not Specified,,,Aerospace,Aircraft,Transport Equipment,Education & Training,,94,Yes,35.2,Yes,New,,,,,,397,
0,Keda Clean Energy,,,"Congo, Democratic Republic of the",,,,Out of Range,Central Africa,,Duplicate,404,"Renamed from Democratic Republic of Congo to Congo, Democratic Republic of the",,Greenfield,,,,,,,,,,,,,,,,,20-Jul,"Keda Clean EnergyCongo, Democratic Republic of theCeramics & glass37533.5",,China,Keda Clean Energy,Guangdong,Not Specified,Foshan,Not Specified,Not Specified,Not Specified,,,Ceramics & glass,Clay product & refractory,Construction,Manufacturing,,375,Yes,33.5,No,New,Announced,,Africa,,https://clubofmozambique.com/news/keda-industrial-borrows-us33-5-mln-for-mozambican-factory-164801/,405,
0,Keda Clean Energy,,,Mozambique,,,,Out of Range,Southern Africa,,Duplicate,406,,,Greenfield,,,,,,,,,,,,,,,,,20-Jul,Keda Clean EnergyMozambiqueCeramics & glass37533.5,,China,Keda Clean Energy,Guangdong,Not Specified,Foshan,Not Specified,Not Specified,Not Specified,,,Ceramics & glass,Clay product & refractory,Construction,Manufacturing,,375,Yes,33.5,No,New,Announced,,Africa,,https://clubofmozambique.com/news/keda-industrial-borrows-us33-5-mln-for-mozambican-factory-164801/,407,
0,International Aero Development,,,Kenya,Industry & Trade/Ser,Business Services,,Out of Range,East Africa,Business Services,Duplicate,,"Didn't find announced date.

Low because lacks investment amount and investment date. China Daily reported in September 2015 that AVIC has the intention to construct three spare-parts warehouses in Kenya, Zimbabwe and Congo. Defense News reported the same thing in October. Base on these two sources, I entered the deal status as announced, but this is not a direct announcement.",Announced,Greenfield,,,,,,,,https://www.chinadaily.com.cn/bizchina/2015-09/18/content_21911125.htm ; https://www.defensenews.com/training-sim/2015/10/10/chinese-company-builds-growing-african-presence/,,,,,,https://www.chinadaily.com.cn/bizchina/2015-09/18/content_21911125.htm ; https://www.defensenews.com/training-sim/2015/10/10/chinese-company-builds-growing-african-presence/,https://www.chinadaily.com.cn/bizchina/2015-09/18/content_21911125.htm ; https://www.defensenews.com/training-sim/2015/10/10/chinese-company-builds-growing-african-presence/,,15-Oct,International Aero DevelopmentKenyaAerospace6622.1,,China,Aviation Industry Corporation of China,Beijing Municipality,,Beijing,Not Specified,Not Specified,Not Specified,,,Aerospace,Aircraft,Transport Equipment,"Logistics, Distribution & Transportation",,66,Yes,22.1,Yes,New,,,,,,440,
0,Aviation Industry Corporation of China,,,Tanzania,,,,Out of Range,East Africa,,Duplicate,441,"This is the same project as deal id 441 and 460., This is because the project took place in multiple countries, in particular, the maintenance and product support offices both in Congo and Tanzania.",,Greenfield,,,,,,,,,,,,,,,,,14-Dec,Aviation Industry Corporation of ChinaTanzaniaAerospace6622.1,,China,Aviation Industry Corporation of China,Beijing Municipality,,Beijing,Not Specified,Not Specified,Not Specified,,,Aerospace,"Aircraft engines, other parts & auxiliary equipment",Transport Equipment,"Logistics, Distribution & Transportation",,66,Yes,22.1,Yes,New,,,,,,443,
0,China Great Wall Industry Corporation,,,Nigeria,,,,Out of Range,West Africa,,Duplicate,348,this seems to be a duplicate of deal ID 348 although the amounts are different - couldn't verify any other investments in december 2013,,Greenfield,,,,,,,,,,,,,,,,,13-Dec,"China Great Wall Industry CorporationNigeriaIndustrial Machinery, Equipment & Tools14020.1",,China,China Aerospace Science and Technology Corporation,Beijing Municipality,,Beijing,Kogi State,Not Specified,Okene,,,"Industrial Machinery, Equipment & Tools",Power transmission equipment,Industrial,Manufacturing,,140,Yes,20.1,No,New,,,,,,447,
0,China Great Wall Industry Corporation,,,Nigeria,,,,Out of Range,West Africa,,Duplicate,348,,,Greenfield,,,,,,,,,,,,,,,,,13-Dec,"China Great Wall Industry CorporationNigeriaIndustrial Machinery, Equipment & Tools14020.1",,China,China Aerospace Science and Technology Corporation,Beijing Municipality,,Beijing,Kogi State,Not Specified,Okene,,,"Industrial Machinery, Equipment & Tools",Power transmission equipment,Industrial,Manufacturing,,140,Yes,20.1,No,New,,,,,,448,
0,Diamond Aircraft Industries Inc,,,Nigeria,,,,Out of Range,West Africa,,Duplicate,453,,,Greenfield,,,,,,,,,,,,,,,,,17-Apr,Diamond Aircraft Industries IncNigeriaAerospace14218.1,,China,Wanfeng Auto Holding Group,Zhejiang,,Not Specified,Abuja Federal Capital Territory,Not Specified,Abuja,,,Aerospace,Aircraft,Transport Equipment,Maintenance & Servicing,,142,Yes,18.1,Yes,New,,,,,,459,
0,International Aero Development,,,"Congo, Republic of the",,,,Out of Range,Central Africa,,Duplicate,441,"Renamed from Republic of the Congo to Congo, Republic of the",,Greenfield,,,,,,,,,,,,,,,,,15-Oct,"International Aero DevelopmentCongo, Republic of theAerospace14218.1",,China,Aviation Industry Corporation of China,Beijing Municipality,,Beijing,Not Specified,Not Specified,Not Specified,,,Aerospace,Aircraft,Transport Equipment,Maintenance & Servicing,,142,Yes,18.1,Yes,New,,,,,,460,
0,Aviation Industry Corporation of China,,,Tanzania,,,,Out of Range,East Africa,,Duplicate,441,"This is the same project as deal id 441 and 460., This is because the project took place in multiple countries, in particular, the maintenance and product support offices both in Congo and Tanzania.",,Greenfield,,,,,,,,,,,,,,,,,14-Dec,Aviation Industry Corporation of ChinaTanzaniaAerospace14218.1,,China,Aviation Industry Corporation of China,Beijing Municipality,,Beijing,Dar es Salaam,Not Specified,Dar es Salaam,,,Aerospace,Aircraft,Transport Equipment,Maintenance & Servicing,,142,Yes,18.1,Yes,New,,,,,,461,
0,TBEA SunOasis,,,Egypt,,,,Out of Range,North Africa,,Duplicate,190,,,Greenfield,,,,,,,,,,,,,,,,,16-Jul,TBEA SunOasisEgyptElectronic Components15711.8,,China,Tebian Electric Apparatus (TBEA),Xinjiang,,Changji,Not Specified,Not Specified,Not Specified,,,Electronic Components,All other electrical equipment & components,Environmental Technology,Manufacturing,,157,Yes,11.8,Yes,New,,,,,,492,
0,Chongqing Lifan Industry,,,Ethiopia,,,,Out of Range,East Africa,,Duplicate,269,,,Greenfield,,,,,,,,,,,,,,,,,9-Mar,Chongqing Lifan IndustryEthiopiaAutomotive OEM7410,,China,Chongqing Lifan Industry,Chongqing Municipality,,Chongqing,Not Specified,Not Specified,Not Specified,,,Automotive OEM,Automobiles,Transport Equipment,Manufacturing,,74,Yes,10,No,New,,,,,,527,
0,ZTS International Industrial (G-Tide),,,Zimbabwe,,,,Out of Range,Southern Africa,,Duplicate,355,appears to be a duplicate of 355,,Greenfield,,,,,,,,,,,,,,,,,10-Jan,ZTS International Industrial (G-Tide)ZimbabweCommunications4349.4,,China,ZTS International Industrial (G-Tide),Guangdong,,Shenzhen,Not Specified,Not Specified,Not Specified,,,Communications,Communications equipment,ICT & Electronics,Manufacturing,,434,Yes,9.4,Yes,New,,,,,,537,
0,Oppo Electronics,,,Egypt,,,,Out of Range,North Africa,,Duplicate,551,,,Greenfield,,,,,,,,,,,,,,,,,18-Oct,Oppo ElectronicsEgyptCommunications497.5,,China,BBK Electronics,Guangdong,Not Specified,Dongguan,Not Specified,Not Specified,Not Specified,,,Communications,Communications equipment,ICT & Electronics,Maintenance & Servicing,,49,Yes,7.5,Yes,New,Announced,,,,https://menafn.com/1097521023/Oppo-plans-to-enter-Saudi-market-next-November,552,
0,Huawei Technologies,,,Algeria,,,,Out of Range,North Africa,,Duplicate,555,,,Greenfield,,,,,,,,,,,,,,,,,17-Feb,Huawei TechnologiesAlgeriaCommunications167.5,,China,Huawei Technologies,Guangdong,,Shenzhen,Oran,Not Specified,Oran,,,Communications,Communications equipment,ICT & Electronics,"Sales, Marketing & Support",,16,Yes,7.5,Yes,New,,,,,,556,
0,Huawei Technologies,,,Algeria,,,,Out of Range,North Africa,,Duplicate,555,,,Greenfield,,,,,,,,,,,,,,,,,17-Feb,Huawei TechnologiesAlgeriaCommunications167.5,,China,Huawei Technologies,Guangdong,,Shenzhen,Tizi Ouzou,Not Specified,Tizi Ouzou,,,Communications,Communications equipment,ICT & Electronics,"Sales, Marketing & Support",,16,Yes,7.5,Yes,New,,,,,,557,
0,Huawei Technologies,,,Algeria,,,,Out of Range,North Africa,,Duplicate,555,,,Greenfield,,,,,,,,,,,,,,,,,17-Feb,Huawei TechnologiesAlgeriaCommunications167.5,,China,Huawei Technologies,Guangdong,,Shenzhen,Annaba,Not Specified,Annaba,,,Communications,Communications equipment,ICT & Electronics,"Sales, Marketing & Support",,16,Yes,7.5,Yes,New,,,,,,558,
0,Huawei Technologies,,,Algeria,,,,Out of Range,North Africa,,Duplicate,555,,,Greenfield,,,,,,,,,,,,,,,,,17-Feb,Huawei TechnologiesAlgeriaCommunications167.5,,China,Huawei Technologies,Guangdong,,Shenzhen,Constantine,Not Specified,Constantine,,,Communications,Communications equipment,ICT & Electronics,"Sales, Marketing & Support",,16,Yes,7.5,Yes,New,,,,,,559,
0,Sino-Ethiopia Associate (Africa),,,Ethiopia,,,,Out of Range,East Africa,,Duplicate,595,,,Greenfield,,,,,,,,,,,,,,,,,13-Dec,Sino-Ethiopia Associate (Africa)EthiopiaPlastics475.23,,China,Dandong Jinwan,Liaoning,,Dandong,Addis Ababa,Not Specified,Addis Ababa,,,Plastics,Plastics packaging materials & unlaminated film & sheets,Life sciences,Manufacturing,,47,Yes,5.2,No,New,,,,,,596,
0,BGI (Beijing Genomics Institute),,,Ethiopia,,,,Out of Range,East Africa,,Duplicate,600,,,Greenfield,,,,,,,,,,,,,,,,,20-Sep,BGI (Beijing Genomics Institute)EthiopiaBiotechnology75,,China,BGI (Beijing Genomics Institute),Guangdong,Not Specified,Shenzhen,Not Specified,Not Specified,Not Specified,,,Biotechnology,In-Vitro diagnostic substances,Life sciences,Manufacturing,Coronavirus,7,Yes,5,No,New,Opened,,,,https://www.yicaiglobal.com/news/china-bgi-genomics-opens-usd5-million-plant-in-ethiopia-to-boost-covid-19-testing,601,
0,Guangxi Liugong Machinery,,,Nigeria,,,,Out of Range,West Africa,,Duplicate,619,,,Greenfield,,,,,,,,,,,,,,,,,20-Jul,Guangxi Liugong MachineryNigeriaIndustrial equipment123,,China,Guangxi Liugong Machinery,Guangxi,Not Specified,Liuzhou,Not Specified,Not Specified,Not Specified,,,Industrial equipment,"Agriculture, construction, & mining machinery",Construction,"Sales, Marketing & Support",,12,Yes,3,Yes,New,Opened,,West Africa,,http://www.africanreview.com/construction-a-mining/machinery/liugong-plans-further-expansion-in-africa-looks-for-exclusive-distributors,620,
0,ZKTeco,,,Nigeria,,,,Out of Range,West Africa,,Duplicate,454,This is a duplicate of deal 454 but with a different announced amount. the source link from FDi market is the same as deal 454 and i couldn't find other sources to confirm this is a different announcement.,,Greenfield,,,,,,,,,,,,,,,,,19-Dec,ZKTecoNigeriaElectronic components111.8,,China,ZKTeco,Guangdong,Not Specified,Dongguan,Not Specified,Not Specified,Not Specified,,,Electronic components,All other electrical equipment & components,ICT & Electronics,"Sales, Marketing & Support",,11,Yes,1.8,Yes,New,Announced,,Sub-Saharan Africa,,https://thenationonlineng.net/firm-plans-new-investment-in-nigeria/,641,
0,Indochine International,,,South Africa,,,,Out of Range,Southern Africa,,Duplicate,642,Indochine International is not a Chinese company,,Greenfield,,,,,,,,,,,,,,,,,6-Sep,Indochine InternationalSouth AfricaTextiles171.7,,China,Indochine International,Zhejiang,,Hangzhou,Western Cape,Not Specified,Cape Town,,,Textiles,Clothing & clothing accessories,"Wood, Apparel & Related Products","Sales, Marketing & Support",,17,Yes,1.7,Yes,New,,,,,,643,
0,Xiaomi (Beijing Xiaomi Technology),,,Angola,,,,Out of Range,Southern Africa,,Duplicate,649,raw fdi data split these projects up where one is for the logistics center and one is for the actual manufacturing of the phones. I combined them in deal id 649 as all sources i could find imply it is part of the same project,,Greenfield,,,,,,,,,,,,,,,,,19-Dec,Xiaomi (Beijing Xiaomi Technology)AngolaCommunications181,,China,Xiaomi (Beijing Xiaomi Technology),Beijing Municipality,Not Specified,Beijing,Not Specified,Not Specified,Not Specified,,,Communications,Communications equipment,ICT & Electronics,Manufacturing,,18,Yes,1,No,Expansion,Announced,,,"Xiaomi (Beijing Xiaomi Technology), Fonecom",https://www.telecompaper.com/news/fonecom-and-xiaomi-to-produce-mobile-phones-in-angola-from-2020--1319972,650,
0,Powerway Renewable Energy,,,South Africa,,,,Out of Range,Southern Africa,,Duplicate,656,"In 2012 the company announced that it would manufacture its Powerfit, PowerScrew and PowerTracker products in South Africa. In total it intends to establish six production sites in Kimberley, De Ar and Upington. The investment is about $1.25million, partly self-funded and partly bank loan, is expected to be completed within six months. So the Confidence Status is High",,Greenfield,,,,,,,,,,,,,,,,,12-Jan,Powerway Renewable EnergySouth AfricaMetals3330.02,,China,Powerway Renewable Energy,Guangdong,,Foshan,Northern Cape,Not Specified,Not Specified,,,Metals,Other fabricated metal products,Environmental Technology,Manufacturing,,333,Yes,0,Yes,New,,"Mr. Benson Wu, chief executive officer of Powerway Renewable Energy said ""the Northern Cape Province will be concentration of PV solar farms in its wide semi-desert spread areas as the result of the first round release of PV power plant tender, the vast vacant land and long lasting daily sunshine with strong irradiation which cast the best sources of green solar energy for this beautiful country. Powerway is pleased and very proud to be given the opportunity to participate in the new solar boom of this wonderful emerging market, and is ready to invest in technology transfer to contribute to the local economy, especially to boost and bloom the African community.""",,,,657,
0,Powerway Renewable Energy,,,South Africa,,,,Out of Range,Southern Africa,,Duplicate,656,"In 2012 the company announced that it would manufacture its Powerfit, PowerScrew and PowerTracker products in South Africa. In total it intends to establish six production sites in Kimberley, De Ar and Upington. The investment is about $1.25million, partly self-funded and partly bank loan, is expected to be completed within six months. So the Confidence Status is High",,Greenfield,,,,,,,,,,,,,,,,,12-Jan,Powerway Renewable EnergySouth AfricaMetals3330.02,,China,Powerway Renewable Energy,Guangdong,,Foshan,Northern Cape,Not Specified,Kimberley,,,Metals,"Coating, engraving, heat treating, & allied activities",Environmental Technology,Manufacturing,,333,Yes,0,Yes,New,,"Mr. Benson Wu, chief executive officer of Powerway Renewable Energy said ""the Northern Cape Province will be concentration of PV solar farms in its wide semi-desert spread areas as the result of the first round release of PV power plant tender,  the vast vacant land and long lasting daily sunshine with strong irradiation which cast the best sources of green solar energy for this beautiful country. Powerway is pleased and very proud to be given the opportunity to participate in the new solar boom of this wonderful emerging market, and is ready to invest in technology transfer to contribute to the local economy, especially to boost and bloom the African community.""",,,,658,
0,Hutchison Port Holdings (HPH),,,Egypt,,,,Out of Range,North Africa,,Duplicate,667,,,Greenfield,,,,,,,,,,,,,,,,,5-Mar,Hutchison Port Holdings (HPH)EgyptWarehousing & Storage122197.1,,Hong Kong,Hutchison Whampoa,Hong Kong,,Hong Kong,Not Specified,Not Specified,Not Specified,,,Warehousing & Storage,Warehousing & storage,"Transportation, Warehousing & Storage","Logistics, Distribution & Transportation",,122,Yes,197.1,Yes,New,,,,,,668,
0,Indofood CBP Sukses Makmur,,,Ethiopia,,,,Out of Range,East Africa,,Duplicate,673,,,Greenfield,,,,,,,,,,,,,,,,,13-Dec,Indofood CBP Sukses MakmurEthiopiaFood & Tobacco42975,,Hong Kong,First Pacific,Hong Kong,,Hong Kong,Not Specified,Not Specified,Not Specified,,,Food & Tobacco,Snack food,"Food, Beverages & Tobacco",Manufacturing,,429,Yes,75,Yes,New,,,,,,674,
0,Lee Group,,,Nigeria,,,,Out of Range,West Africa,,Duplicate,677,,,Greenfield,,,,,,,,,,,,,,,,,16-Apr,Lee GroupNigeriaFood & Tobacco42955.7,,Hong Kong,Lee Group,Hong Kong,,Hong Kong,Jigawa,Not Specified,Gagarawa,,,Food & Tobacco,Sugar & confectionary products,"Food, Beverages & Tobacco",Manufacturing,,429,Yes,55.7,Yes,New,,,,,,678,
0,IP Global,,,South Africa,,,,Out of Range,Southern Africa,,Duplicate,686,"After searching the official website, Google, and Chinese search engines, but found no relevant investment projects of China Nonferrous Mining in South Africa in 2012.",,Greenfield,,,,,,,,,,,,,,,,,14-Mar,IP GlobalSouth AfricaReal Estate1828.3,,Hong Kong,IP Global,Hong Kong,,Hong Kong,Gauteng,Not Specified,Johannesburg,,,Real Estate,Real estate services,Professional Services,"Sales, Marketing & Support",,18,Yes,28.3,Yes,New,,,,,,687,
0,Wallem Group,,,South Africa,,,,Out of Range,Southern Africa,,Duplicate,712,"After searching the official website, Google, and Chinese search engines, but found no relevant investment projects .",,Greenfield,,,,,,,,,,,,,,,,,13-May,Wallem GroupSouth AfricaBusiness Services176.8,,Hong Kong,Wallem Group,Hong Kong,,Hong Kong,Western Cape,Not Specified,Cape Town,,,Business Services,Other support services,Transport Equipment,Business Services,,17,Yes,6.8,Yes,New,,,,,,713,
0,Beiqi Foton Motor,,500,Cameroon,Industry & Trade/Ser,Manufacturing,,Out of Range,Central Africa,Manufacturing,High,,"This deal was announced back in 2012 as a 500m MOU signed for a car plant. However, there is no news of it materializing and it's been 12 years. It is reasonable to assume the project has been discontinued/suspended. Also the Rhodium CBM monitor has 1 automotive transaction for cameroon from 2012-2021 for 4.8m which is probably not this one.",Suspended,Greenfield,500,,,,,,Beiqi Foton Motor Co,https://www.chinadaily.com.cn/business/2012-11/13/content_15923135.htm,,,,,,,,,12-Nov,Beiqi Foton MotorCameroonAutomotive OEM8000500,,China,Beiqi Foton Motor,Beijing Municipality,,Beijing,South Province,Not Specified,Kribi,,,Automotive OEM,Light trucks & utility vehicles,Transport Equipment,Manufacturing,,8000,No,500,No,New,,,,,,152,
0,Haite Group,,,Morocco,Industry & Trade/Ser,Manufacturing,,Out of Range,North Africa,Manufacturing,High,,"This project is cancelled (but seems to have been given new life as China Communications signed a framework agreement with the Moroccan Government - added to Leads tab). Haite withdrew from the scheme, reportedly over problems with its scale and a dispute over who would own the completed asset (https://www.globalconstructionreview.com/morocco-hires-china-communications-to-build-1bn-tangier-tech-city/)",Cancelled,Greenfield,,,,,,,China Communications,https://www.globalconstructionreview.com/morocco-hires-china-communications-to-build-1bn-tangier-tech-city/ https://www.wbur.org/npr/638297986/will-moroccos-chinese-funded-tech-city-ever-break-ground ,,,,,,,,,16-Jun,Haite GroupMoroccoReal Estate875411,,China,Haite Group,Sichuan,,Chengdu,Tangier-Tetouan,Not Specified,Tangier,,,Real Estate,Industrial building construction,Construction,Construction,,875,Yes,411,Yes,New,,,,,,157,
0,Jiangxi Ganfeng Lithium Industry,,,Mali,,,,Out of Range,West Africa,,Irrelevant,,Not a chinese investment,,Greenfield,,,,,,,,,,,,,,,,,22-Jan,405074,53370,China,Jiangxi Ganfeng Lithium Industry,,,,,,,,,Minerals,Nonmetallic mineral mining & quarrying,Physical Sciences,Extraction,,656,YES,225,NO,New,,,,,,42,
0,Sany,,,Ethiopia,,,,Out of Range,East Africa,,Irrelevant,,"[VBA & TX] According to Sina Finance (2013), Sany Renewable Energy and China Hydropower Consulting Group International Engineering Co., Ltd. signed a contract (worth 600 million yuan) in Beijing for the procurement of wind turbine equipment for the second phase of the ADAMA wind farm project in Ethiopia. According to The People's Map (2022) and confirmed by SANY (2016), SANY Renewable Energy supplied 102 of its 1.5 MW SE7715 wind turbines. Construction started in 2013 and the began operations in 2015. Adama I and II wind farms were financed by a concessional loans through CHEXIM, covering 85% of costs with the remaining coverd by the Ethiopian Government (The People's Map, 2022). Doesn't seem to be a greenfield investment. Confidence status: Irrelevant. (all sources are provided in additional sources column) ",,Greenfield,,,,,,,,,,,,,,,https://finance.sina.com.cn/stock/s/20130520/023915514331.shtml https://thepeoplesmap.net/project/adama-i-and-adama-ii-wind-power-projects/ https://www.gem.wiki/Adama_wind_farm https://www.sanyglobal.com/press_releases/94/ https://www.sanyglobal.com/press_releases/357/,,16-Jun,SanyEthiopiaReal Estate875864.9,,China,Sany,Hunan,,Changsha,Oromia,Not Specified,Adama,,,Real Estate,Industrial building construction,Industrial,Construction,,875,Yes,864.9,Yes,New,,,,,,129,
0,Dongfang Electric (DEC),,,Egypt,Energy,Non-Renewable Energy Generation,,Out of Range,North Africa,Energy,Irrelevant,,"DM: EPC contract for a coal powerplant that has since been shelved and will be turned into renewable. However, scarce details on the renewable venture so no updated on that. VBA: Hard to fully comprehend. Pasted all Aid Data sources into additional sources column to come back to later",Cancelled,Greenfield,,,,,,,,https://www.zawya.com/en/business/egypts-ministry-defers-construction-of-hamrawein-coal-fired-plant-indefinitely-xboou8di,,,,,,,,,16-Jan,"Dongfang Electric (DEC)EgyptCoal, Oil and Natural Gas116558",,China,Dongfang Electric (DEC),Sichuan,,Chengdu,Not Specified,Not Specified,Not Specified,,,"Coal, Oil and Natural Gas",Fossil fuel electric power,Energy,Electricity,,116,Yes,558,Yes,New,,,,,,146,
0,Shanghai Electric,,,Egypt,Energy,Non-Renewable Energy Generation,,Out of Range,North Africa,Energy,Irrelevant,,"DM: EPC contract for a coal powerplant that has since been shelved and will be turned into renewable. However, scarce details on the renewable venture so no updated on that. VBA: Hard to fully comprehend. Pasted all Aid Data sources into additional sources column to come back to later",Cancelled,Greenfield,,,,,,,,https://www.zawya.com/en/business/egypts-ministry-defers-construction-of-hamrawein-coal-fired-plant-indefinitely-xboou8di,,,,,,,,,16-Jan,"Shanghai ElectricEgyptCoal, Oil and Natural Gas116558",,China,Shanghai Electric,Shanghai Municipality,,Shanghai,Not Specified,Not Specified,Not Specified,,,"Coal, Oil and Natural Gas",Fossil fuel electric power,Energy,Electricity,,116,Yes,558,Yes,New,,,,,,147,
0,Sinohydro,,,Zambia,,,,Out of Range,Southern Africa,,Irrelevant,,"According to 2022-2023 researcher's comment, ""based on timeframe, type of project, investor, and amount, this project is presumed to match ZM.012 (Kariba North Hydropower Plant (360MW)). this project is meant to be dropped."" Provided sources in the additional source column. that says taht under the deal to expand the Kariba North Bank power station (installation of two power generatrs with total capacity of 360 MW), Sinohydro will spend $400 million of which 85% of the money will be provided by CHEXIM. Expansion is to start in October 2008 (Mail & Guardian, 2008). Simialrly, the Insitute of Developing Economics (2009), also make mention of CHEXIM (85%) and the Development Bank of South Africa (DBSA) (15%). ",,Greenfield,,,,,,,,,,,,,,,https://mg.co.za/article/2008-09-26-china-firm-to-spend-400m-on-zambia-power-project/,,8-Sep,SinohydroZambiaAlternative/Renewable energy89400,,China,Sinohydro,Beijing Municipality,,Beijing,Not Specified,Not Specified,Not Specified,,,Alternative/Renewable energy,Hydroelectric power,Environmental Technology,Electricity,,89,Yes,400,No,Expansion,,,,,,160,
0,China CAMC Engineering,,,Morocco,,,,Out of Range,North Africa,,Irrelevant,,"This project is not FDI, it is a commercial contract",,Greenfield,,,,,,,,,,,,,,,https://global.chinadaily.com.cn/a/201705/24/WS59bbebe6a310ded8ac18d0f4.html,,17-Jun,China CAMC EngineeringMoroccoRubber950250,,China,China CAMC Engineering,Beijing Municipality,,Beijing,Rabat-Sale-Kenitra,Not Specified,Kenitra,,,Rubber,Tyres,Transport Equipment,Manufacturing,,950,No,250,No,New,,,,,,177,
0,Realme,,,Egypt,,,,Out of Range,North Africa,,Irrelevant,,"Challenges with link. Not much information to determine much. Based on 2000-2022 Researchers' comments, this is deal was going to be removed. Changing status from Unknown to Irrelevant based on Nafisaat review: "" This is more of an import from China's Realme into egypt and the growth of the company's imports and trade in egypt is what is reported in the FDi market rather than an investment announcement. there are several sources for this.""",,Greenfield,,,,,,,,,,,,,,,,,20-Jan,RealmeEgyptCommunications1000209.1,,China,BBK Electronics,Guangdong,Not Specified,Dongguan,Cairo,Not Specified,Cairo,,,Communications,Communications equipment,ICT & Electronics,"Sales, Marketing & Support",Smartphones,1000,No,209.1,Yes,New,Opened,,Africa,,https://www.thenational.ae/business/technology/china-s-realme-eyes-five-fold-shipment-growth-in-2020-as-it-enters-middle-east-market-1.964062,188,
0,Broad Homes Industrial,,,Nigeria,,,,Out of Range,West Africa,,Irrelevant,,this is not a chinese investment - it is a new product launch by a nigerian company with franchise from a chinese company Broad Homes. i have put a source in other sources for info on this deal,,Greenfield,,,,,,,,,,,,,,,https://dailytrust.com/ctsr-group-brings-concrete-precast-technology-to-nigeria/,,15-Mar,Broad Homes IndustrialNigeriaBuilding & Construction Materials342159.8,,China,Broad Homes Industrial,Hunan,,Changsha,Not Specified,Not Specified,Not Specified,,,Building & Construction Materials,Cement & concrete products,Construction,Manufacturing,,342,Yes,159.8,Yes,New,,,,,,211,
0,Huawei Technologies Zambia,,,Zambia,,,,Out of Range,Southern Africa,,Irrelevant,,"This project is ZM.030 in the CLA Database and is owned by the Zambian government (sources are in the general sources column). The Zambian Government has signed a US$65.5 million contract for the Smart Zambia Phase 1 National ICT development Project with Chinese telecoms giant Huawei to be the primary supplier. This was a loan that came from CHEXIM (see contract). ""The Zambia National Data Center project officially commenced in January 2016, and installation and delivery were completed by the end of December 2016. The center was handed over to the government on February 28, 2017. The ZICTA National Data Center is now officially in operation"" (Huawei, 2017)",,Greenfield,,,,,,,,,,,,,,,https://drive.google.com/file/d/1gjyNSYr_vP5G9l_fvPzccVc38i_hkBSq/view https://e.huawei.com/hu/case-studies/global/2017/201710091443,,16-Oct,Huawei Technologies ZambiaZambiaCommunications89150,,China,Huawei Technologies,Guangdong,,Shenzhen,Lusaka Province,Not Specified,Lusaka,,,Communications,"Data processing, hosting, & related services",ICT & Electronics,ICT & Internet Infrastructure,,89,Yes,150,Yes,New,,,,,,215,
0,Radisson Hospitality (Rezidor Hotel Group),,,Nigeria,,,,Out of Range,West Africa,,Irrelevant,,this is not a Chinese investment,Unknown,Greenfield,,,,,,,,https://african.business/2023/06/apo-newsfeed/radisson-hotel-group-announces-seven-new-hotels-in-africa-for-the-first-half-of-2023-maintaining-its-growth-momentum-across-the-continent,,,,https://independent.ng/radisson-blu-hotel-to-debut-in-abuja-expands-chain-in-africa/,,https://independent.ng/radisson-blu-hotel-to-debut-in-abuja-expands-chain-in-africa/,https://tourism.africa-business.com/post/radisson-hotel-group-new-hotels-africa,,20-Jul,Radisson Hospitality (Rezidor Hotel Group)NigeriaHotels & tourism202100.2,,China,Shanghai Jin Jiang International Hotels,Shanghai Municipality,Not Specified,Shanghai,Abuja Federal Capital Territory,Not Specified,Abuja,,,Hotels & tourism,Accommodation,Tourism,Construction,,202,Yes,100.2,Yes,New,Announced,,,,https://businessday.ng/arts-and-life/article/radisson-hotel-group-announces-six-new-hotels-in-africa/,246,
0,China Mobile International (CMI),,,Cote d'Ivoire,,,,Out of Range,West Africa,,Irrelevant,,"Just like deal 127, the investment is an african wide investment by a group of 8companies. it is not tied to chinese investment and the amount invested is to specified. also, there is no confirmation that the subsea cable has landed in cote d'lvoire or announcement for cote d'voire",,Greenfield,,,,,,,,,,,,,,,,,20-May,China Mobile International (CMI)Cote d'IvoireCommunications7294.4,,China,China Mobile Communications,Beijing Municipality,Not Specified,Beijing,Not Specified,Not Specified,Not Specified,,,Communications,Wired telecommunication carriers,ICT & Electronics,ICT & Internet Infrastructure,,72,Yes,94.4,Yes,New,Announced,,"Europe, Africa and the Middle East","Vodafone Group, Orange (France Telecom), Meta (Facebook), Saudi Telecom Company (STC), China Mobile International (CMI), Telecom Egypt, West Indian Ocean Cable Company (WIOCC), MTN GlobalConnect",https://www.businesswire.com/news/home/20200514005389/en/2Africa-Transformative-Subsea-Cable-Future-Internet-Connectivity,274,
0,China Mobile International (CMI),,,Senegal,,,,Out of Range,West Africa,,Irrelevant,,"Just like deal 127, the investment is an african wide investment by a group of 8companies. it is not tied to chinese investment and the amount invested is to specified. however, the 2Africa subsea cable has landed in Dakar, sengal. see source link ",,Greenfield,,,,,,,,,,,,,"https://www.wearetech.africa/en/fils-uk/news/tech/senegal-metas-2africa-subsea-cable-lands-in-dakar#:~:text=The%202Africa%20cable%2C%20spanning%2045%2C000,coast%20of%20Dakar%20in%20Senegal.",,,,20-May,China Mobile International (CMI)SenegalCommunications7294.4,,China,China Mobile Communications,Beijing Municipality,Not Specified,Beijing,Not Specified,Not Specified,Not Specified,,,Communications,Wired telecommunication carriers,ICT & Electronics,ICT & Internet Infrastructure,,72,Yes,94.4,Yes,New,Announced,,"Europe, Africa and the Middle East","Vodafone Group, Orange (France Telecom), Meta (Facebook), Saudi Telecom Company (STC), China Mobile International (CMI), Telecom Egypt, West Indian Ocean Cable Company (WIOCC), MTN GlobalConnect",https://www.businesswire.com/news/home/20200514005389/en/2Africa-Transformative-Subsea-Cable-Future-Internet-Connectivity,289,
0,Tebian Electric Apparatus (TBEA),,,Ethiopia,,,,Out of Range,East Africa,,Irrelevant,,"[VBA & TX] This doesn't seem to be an investment. Changing status to ""Irrelevant"". The company was awarded a contract to develop the 101 km 400 KV transmission line connecting the Gilgel Gibe III Dam (owned by the Ethiopian government) to Addis Ababa but there is no sign of ownership. Moved all sources to additional sources column. EEPCo and Tebian Electric Apparatus (TBEA) signed a $34m contract to build the transmission line in July 2009. China Exim Bank will provide 85% of the financing. The project was launched in July 2006 and the first unit started commissioning in September 2013. It is expected to be fully operational in 2016 (Global Power Journal, 2016).",,Greenfield,,,,,,,,,,,,,,,"https://www.tbea.com/tbea/en/ptat.html (click on link under image that says ""Ethiopia 400kV T/L Project"") https://www.power-technology.com/projects/gilgel-gibe-iii-hydroelectric-power-project/ https://globalpowerjournal.com/2016/03/21/gilgel-gibe-iii-hydroelectric-power-project-ethiopia-2/",,16-Jun,Tebian Electric Apparatus (TBEA)EthiopiaElectronic Components15711.8,,China,Tebian Electric Apparatus (TBEA),Xinjiang,,Changji,Oromia,Not Specified,Adama,,,Electronic Components,Electrical equipment,ICT & Electronics,Manufacturing,,157,Yes,11.8,Yes,New,,,,,,493,
0,New Development Bank,,,South Africa,Financial Sector,Banking Institutions,,Out of Range,Southern Africa,Financial Sector,Irrelevant,,This is most likely a bond issuing as the dates align (july 2016) with the raw data. This is not FDI relevant. ,,Greenfield,,,,,,,,,,,,,,,https://www.ndb.int/news/ndb-successfully-issued-first-rmb-denominated-green-financial-bond/,,16-Jul,New Development BankSouth AfricaFinancial Services2111,,China,New Development Bank,Shanghai Municipality,,Pudong,Gauteng,Not Specified,Johannesburg,,,Financial Services,Corporate & investment banking,Financial Services,Business Services,,21,Yes,11,Yes,New,,,,,,500,
0,Xinjiang Goldwind Science & Technology (Goldwind),,,South Africa,Energy,Renewable Energy Wind,,Out of Range,Southern Africa,Energy,Irrelevant,,"Found one article that reports China's Xinjiang Goldwin is interested in potentially expanding into South Africa's wind turbine market. No specific project mentioned and could not find information on this either, other than this expression of interest.",,Greenfield,,,,,,,,https://www.esi-africa.com/top-stories/china-eyes-sa-as-wind-turbine-market/,,,,,,https://www.esi-africa.com/top-stories/china-eyes-sa-as-wind-turbine-market/,,,11-Jul,Xinjiang Goldwind Science & Technology (Goldwind)South AfricaEngines & Turbines137.9,,China,Xinjiang Goldwind Science & Technology (Goldwind),Xinjiang,,Urumqi,Western Cape,Not Specified,Cape Town,,,Engines & Turbines,Engines & Turbines,Environmental Technology,"Sales, Marketing & Support",,13,Yes,7.9,Yes,New,,,,,,548,
0,Beijing General Research Institute of Mining & Metallurgy (BGRIMM),,,Zambia,,,,Out of Range,Southern Africa,,Irrelevant,,"Beijing General Research Institute of Mining & Metallurgy (BGRIMM) is a major supplier of explosives for Chambishi, which is owned by China's NFC Mining Africa Plc. According to company website, it has played a technical and engineering role in the development and modernization of Zambia's mining infrastructure (e.g., Chambishi Copper Mine, Luanshya Copper Mine, and Ichimpe Copper mine), all of which are operated by Chinese companies. Chinese companies have often been criticized for their poor labor and environmental practices (e.g., an explosion that killed 50 Zambian workers in 2005) (see additional sources column). Confidence: Irrelevant",,Greenfield,,,,,,,,,,,,,,,http://english.bgrimm.com/engineering/feature/index.htm https://africaportal.org/wp-content/uploads/2023/05/SAIIA_Occasional_Paper_62.pdf https://resourcegovernance.org/sites/default/files/ZamCopperBoom.pdf https://landmatrix.org/media/uploads/republicofminingcom20130606copper-expansion-the-copperbelt-the-pride-of-zambia-by-john-chadwick-publisher-international-mining-june-2013.pdf,,3-Oct,Beijing General Research Institute of Mining & Metallurgy (BGRIMM)ZambiaChemicals77.6,,China,Beijing General Research Institute of Mining & Metallurgy (BGRIMM),Beijing Municipality,,Beijing,Copperbelt Province,Not Specified,Kitwe,,,Chemicals,Other chemical products & preparation,Physical Sciences,Manufacturing,,7,Yes,7.6,No,New,,,,,,549,
0,Leagoo,,,Nigeria,,,,Out of Range,West Africa,,Irrelevant,,Leagoo smartphones are sold in Nigeria but there is no publication or reports of their investment in Nigeria. the source from FDi Market shows no data/content on the investment.,Unknown,Greenfield,,,,,,,,,,,,,,,,,18-Mar,LeagooNigeriaCommunications497.5,,China,Oteda Group,Not Specified,Not Specified,Not Specified,Not Specified,Not Specified,Not Specified,,,Communications,Communications equipment,ICT & Electronics,Maintenance & Servicing,,49,Yes,7.5,Yes,New,Opened,,,,https://www.gizmochina.com/2018/03/22/leagoo-expands-its-after-sales-support-brings-local-care-to-nigeria/,553,
0,ZTE,,,Egypt,,,,Out of Range,North Africa,,Irrelevant,,"According to 2006 reports from ZTE, the company signed a contract with Telecom Egypt, state run wireline operator, for a 100,000 line CDMA WLL project, a telecommuniations network, in Cairo and the Delta region. ZTE mentions an earlier agreement which may align with our raw data. It doesn't seem to be FDI however and resembles more of an EPC contract. ""ZTE will supply a complete set of 800M CDMA WLL equipment for the new network, including CDMA core network equipment, CDMA access network equipment and radio terminals."" (CN Daily, 2005). All sources are in the additional sources column",,Greenfield,,,,,,,,,,,,,,,https://www.zte.com.cn/global/about/magazine/zte-communications/2005/4/en_61/162370.html https://www.zte.com.cn/global/about/news/350505.html https://www.zte.com.cn/global/about/news/350255.html https://phys.org/news/2005-12-china-zte-egypt-telecom.html https://www.chinadaily.com.cn/english/doc/2005-11/30/content_499134.htm,,3-Oct,ZTEEgyptCommunications947,,China,ZTE,Guangdong,,Shenzhen,Not Specified,Not Specified,Not Specified,,,Communications,Communications equipment,ICT & Electronics,Education & Training,,94,Yes,7,Yes,New,,,,,,581,
0,ZTE,,,Ethiopia,,,,Out of Range,East Africa,,Irrelevant,,"[VBA & TX] Ethio Telecom and ZTE signed an exclusive supply agreement worth US$1.6 billion on November 8, 2006. The project was implemented in three phases, with the first phase divided into two parts, the first part lasting until April 2007 and the second part ending in September 2007 (Africa China, 2013). Confidence: Irrelevant. Sources moved to additional sources column",,Greenfield,,,,,,,,,,,,,,,https://africachinareporting.com/the-chinese-telecommunications-war-in-africa-2/ https://www.hrw.org/report/2014/03/25/they-know-everything-we-do/telecom-and-internet-surveillance-ethiopia https://www.hrw.org/report/2014/03/25/they-know-everything-we-do/telecom-and-internet-surveillance-ethiopia https://web.archive.org/web/20180201084730/http://wwwen.zte.com.cn/endata/magazine/ztetechnologies/2009year/no6/articles/200906/t20090612_172517.htmlhttps://web.archive.org/web/20130901173339/http://www.africareview.com/Business---Finance/Ethiopia-telecom-sector-to-remain-a-state-monopoly/-/979184/1896796/-/9hitv4/-/index.html https://web.archive.org/web/20140503001819/https://freedomhouse.org/report/freedom-net/freedom-net-2011#.U2Q1z6DP32c,,6-Sep,ZTEEthiopiaCommunications715.21,,China,ZTE,Guangdong,,Shenzhen,Amhara,Not Specified,Bahir Dar,,,Communications,Communications equipment,ICT & Electronics,Manufacturing,,71,Yes,5.2,No,New,,,,,,597,
0,ZTE,,,Ethiopia,,,,Out of Range,East Africa,,Irrelevant,,"[VBA & TX] In early 2016, Ethiopian Telecom finally selected ZTE to build a WDM backbone transmission network in western and southern Ethiopia (ZET, 2017). No further information on the project investment amount and completion status is available.  ZTE's role appears to be primarily as a contractor and strategic partner to Ethio Telecom not as an investor. Confidence: Irrelevant",Unknown,Greenfield,,,,,,,,,,,,,,,https://www.zte.com.cn/global/about/magazine/zte-technologies/2017/2/en_747/462731.html,,17-Jun,ZTEEthiopiaCommunications51.49543,,China,ZTE,Guangdong,,Shenzhen,Addis Ababa,Not Specified,Addis Ababa,,,Communications,Communications equipment,ICT & Electronics,"Design, Development & Testing",,5,Yes,1.5,No,New,,,,,,647,
0,Sakthi Trading Group,,,"Congo, Democratic Republic of the",,,,Out of Range,Central Africa,,Irrelevant,,"Does not involve investment by a Chinese firm. Instead, it is by a UAE firm. I attached the relevant source in the Other/General sources section. Renamed from Democratic Republic of Congo to Congo, Democratic Republic of the",,Greenfield,,,,,,,,,,,,,,,https://www.reuters.com/article/lmeweek-asia-precious/uae-trader-looking-to-expand-into-gold-refining-in-africa-idUSL5N1SM0CI/,,18-May,"Sakthi Trading GroupCongo, Democratic Republic of theMetals38753",,Hong Kong,Sakthi Trading Group,Hong Kong,Hong Kong,Hong Kong,Not Specified,Not Specified,Not Specified,,,Metals,Nonferrous metal production & processing,Physical Sciences,Manufacturing,,387,Yes,53,No,New,Announced,,,,https://www.reuters.com/article/lmeweek-asia-precious/uae-trader-looking-to-expand-into-gold-refining-in-africa-idUSL5N1SM0CI,679,
0,Sakthi Trading Group,,,Ghana,,,,Out of Range,West Africa,,Irrelevant,,"Sakthi Trading Group is not a Chinese company, so it is irrenlevant",,Greenfield,,,,,,,,,,,,,,,,,18-May,Sakthi Trading GroupGhanaMetals38753,,Hong Kong,Sakthi Trading Group,Hong Kong,Hong Kong,Hong Kong,Not Specified,Not Specified,Not Specified,,,Metals,Nonferrous metal production & processing,Physical Sciences,Manufacturing,,387,Yes,53,No,New,Announced,,,,https://www.reuters.com/article/lmeweek-asia-precious/uae-trader-looking-to-expand-into-gold-refining-in-africa-idUSL5N1SM0CI,680,
0,PRG Industries,,,Ghana,,,,Out of Range,West Africa,,Irrelevant,,"PPG Industries is a global American company, so it is irrelevant.",,Greenfield,,,,,,,,,,,,,,,,,13-Dec,PRG IndustriesGhanaConsumer Products24316.3,,Hong Kong,PRG Industries,Hong Kong,,Hong Kong,Not Specified,Not Specified,Not Specified,,,Consumer Products,Jewellery & silverware,Consumer Goods,Manufacturing,,243,Yes,16.3,Yes,New,,,,,,691,
0,Indofood CBP Sukses Makmur,,5,Morocco,Industry & Trade/Ser,Material Production and Processing,,Out of Range,North Africa,Material Production and Processing,Irrelevant,,"Indofood is beginning construction of an instant noodle factory in Morocco in January 2015 (the six country in Africa after Nigeria, Egypt, Sudan, Kenya, and Ethiopia). Total investment value is around $5 million",Commenced,Greenfield,5,,,,,,,https://www.beritasatu.com/ekonomi/272650/indomie-bangun-pabrik-terbesar-di-maroko https://www.thejakartapost.com/news/2015/04/04/indofood-open-noodle-factory-morocco-sixth-africa.html,https://www.thejakartapost.com/news/2015/04/04/indofood-open-noodle-factory-morocco-sixth-africa.html,,,,,https://www.thejakartapost.com/news/2015/04/04/indofood-open-noodle-factory-morocco-sixth-africa.html,,,15-Apr,Indofood CBP Sukses MakmurMoroccoFood & Tobacco295,,Hong Kong,First Pacific,Hong Kong,,Hong Kong,Not Specified,Not Specified,Not Specified,,,Food & Tobacco,Snack food,"Food, Beverages & Tobacco",Manufacturing,,29,Yes,5,No,New,,,,,,716,
0,,,,Libya,Industry & Trade/Ser,Manufacturing,,Out of Range,North Africa,Manufacturing,Low,,"Was only able to find one source for any Chinese investment project in Libya in 2023. FDI raw data did not have much information so I am not sure if the source I found is relevant, though nothing else exists from what I could find. Project seemed to be announced some time in 2023 and the article reports that the project is almost finished as of 2024.",Commenced,Greenfield,,,,,,,Chinese Goodwill Ceramic Company,https://libyaherald.com/2024/07/chinese-goodwill-wankang-company-to-open-largest-ceramic-and-porcelain-factory-in-the-north-africa-soon/,,,,,,,,,23-Mar,452737,143153,China,,,,,,,,,,Ceramics & glass,Clay product & refractory ,Industrial,Manufacturing,,400,NO,83.2,YES,New,,,,,,71,
0,Swakop Uranium,,,Namibia,Energy,Energy Mining,,Out of Range,Southern Africa,Energy,Low,,"In December 2012, Namibian Epangelo Mining Company bought a 10% stake in Swakop Uranium's Husab mine. As a result, China's stake in this dropped to 90%. Seems like the mine has already commenced as the article mentions years of drilling has already taken place. Unclear on the amount of this project. Article reports the value of the transaction between Epangelo and Swakop to obtain the 10% stake, but I dont think this is relevant to the overall project investment. Unclear on when the project initially began either.",Commenced,Greenfield,,,,90%,,,China Guangdong Nuclear Power Holding Comapny Limited (CGNPC),https://www.miningreview.com/top-stories/namibia-buys-10-stake-in-husab-project/,,,https://www.miningreview.com/top-stories/namibia-buys-10-stake-in-husab-project/,,,https://www.miningreview.com/top-stories/namibia-buys-10-stake-in-husab-project/,,,12-Dec,Swakop UraniumNamibiaMetals1012270,,China,China General Nuclear Power Corporation (China Guangdong Nuclear Power Holding),Guangdong,,Shenzhen,Erongo,Not Specified,Not Specified,,,Metals,Other metal ore mining,Physical Sciences,Extraction,,1012,Yes,270,Yes,New,,,,,,174,
0,Guotai Iron and Steel,,4.13,Zambia,Industry & Trade/Ser,Manufacturing,,Out of Range,Southern Africa,Manufacturing,Low,,"According to Steel Orbis (2012), Guotai Iron and Steel Co. is investing 26 million yuan/ $4.13 million in expanding its steemaking facilities in Zambia, inlcuding the establishment of a plant for the production fo steel angels (expected to be commissionin in July 2012). Haven't been able to find any additional sources to verify this. Marking Confidence status as Low",Announced,Greenfield,4.13,,,,,,Guotai Iron and Steel Co. (Guotai Steel),https://www.steelorbis.com/steel-news/latest-news/chinas-guotai-steel-expands-steelmaking-facilities-in-zambia-666920.htm,https://www.steelorbis.com/steel-news/latest-news/chinas-guotai-steel-expands-steelmaking-facilities-in-zambia-666920.htm,,,,,https://www.steelorbis.com/steel-news/latest-news/chinas-guotai-steel-expands-steelmaking-facilities-in-zambia-666920.htm,,,12-Mar,Guotai Iron and SteelZambiaMetals34296.2,,China,Guotai Iron and Steel,Zhejiang,,Hangzhou,Not Specified,Not Specified,Not Specified,,,Metals,Steel products,Industrial,Manufacturing,,342,Yes,96.2,Yes,New,,,,,,257,
0,Beiqi Foton Motor,,,Tanzania,Automotive,Automotive,,Out of Range,East Africa,Automotive,Low,, Foton Motor Company is set to establish a truck assembling plant in Tanzania. Date announced and amount isn't available.,Announced,Greenfield,,,,,,,Foton Motor Company,https://allafrica.com/stories/201811230562.html,,,,,,https://allafrica.com/stories/201811230562.html,,,18-Nov,Beiqi Foton MotorTanzaniaAutomotive OEM100773.9,,China,Beiqi Foton Motor,Beijing Municipality,Not Specified,Beijing,Not Specified,Not Specified,Not Specified,,,Automotive OEM,Heavy duty trucks,Transport Equipment,Manufacturing,,1007,Yes,73.9,Yes,New,Announced,,East Africa,,https://allafrica.com/stories/201811230562.html,311,
0,Hareon Solar Technology,,45.6,Morocco,Industry & Trade/Ser,Renewable Energy Component Manufacturing,,Out of Range,North Africa,Renewable Energy Component Manufacturing,Low,,"Seems to be cancelled due to domestic reasons. The deal is identifiable and I believe that the project has been cancelled. The company's disclosure states that they had set up a JV with 40% equity interest and that regulatory authorities in morocco need to approve it. There is no news about it since 2017. In 2018, the company seems to have undergone restructuring and had to let go of many assets. Most likely the project was never pursued, although I mark it as low confidence given the evidence is not conclusive (https://www.pv-tech.org source). The article also talks about ""It would also seem that Huajun International Group Limited, an investment holding company has acquired a major stake"" however no evidence of this parent company having activity in morocco either. This is a solar manufacturer hence renewable energy manufacturing.",Cancelled,Greenfield,45.6,,,40,,,Hareon Solar,,https://www.pv-tech.org/hareon-solar-in-jv-to-build-160mw-cell-and-module-plant-in-morocco/,,"https://q.stock.sohu.com/cn,gg,600401,2647727670.shtml",https://www.pv-tech.org/hareon-solar-in-jv-to-build-160mw-cell-and-module-plant-in-morocco/,,https://www.pv-tech.org/hareon-solars-sales-collapse-as-company-struggles-to-survive/,,,16-May,Hareon Solar TechnologyMoroccoElectronic Components69756.7019,,China,Hareon Solar Technology,Jiangsu,,Jiangyin,Tangier-Tetouan,Not Specified,Not Specified,,,Electronic Components,All other electrical equipment & components,Environmental Technology,Manufacturing,,697,Yes,56.7,No,New,,,,,,351,
0,Union Colours,,,South Africa,Industry & Trade/Ser,Manufacturing,,Out of Range,Southern Africa,Manufacturing,Low,,Cannot find announced date. Union Colours is the int'l branch of Longyu Pigments & Chemicals Corporation. They opened a technical centre in SA sometime before 2014. Exact date and cost of investment unknown.,Completed,Greenfield,,,,,,,Union Colours,https://www.polymerspaintcolourjournal.com/union-colours-announces-opening-of-its-4th-technical-centre/,,,,,,,https://www.polymerspaintcolourjournal.com/union-colours-announces-opening-of-its-4th-technical-centre/,,8-Oct,Union ColoursSouth AfricaChemicals14927.9,,China,Longyu Pigments & Chemicals,Not Specified,,Not Specified,Gauteng,Not Specified,Johannesburg,,,Chemicals,Basic chemicals,Physical Sciences,Manufacturing,,149,Yes,27.9,Yes,New,,,,,,421,
0,Oppo Electronics,,,Egypt,Industry & Trade/Ser,Business Services,,Out of Range,North Africa,Business Services,Low,,"According to the source provided in the raw data, OPPO seeks to open a new service center near Tahrir Square in downtown Cairo. There are currently 20 service centers in Egypt according to OPPO website. Unable to find additonal information on this project",Announced,Greenfield,,,,,,,Oppo,https://menafn.com/1097521023/Oppo-plans-to-enter-Saudi-market-next-November,,,,,,https://menafn.com/1097521023/Oppo-plans-to-enter-Saudi-market-next-November,https://www.oppo.com/eg-en/newsroom/press/oppoegypt/,,18-Oct,Oppo ElectronicsEgyptCommunications497.5,,China,BBK Electronics,Guangdong,Not Specified,Dongguan,Cairo,Not Specified,Cairo,,,Communications,Communications equipment,ICT & Electronics,Maintenance & Servicing,,49,Yes,7.5,Yes,New,Announced,,,,https://menafn.com/1097521023/Oppo-plans-to-enter-Saudi-market-next-November,551,
0,Huawei Technologies,,,Angola,ICT,ICT Services,,Out of Range,Southern Africa,ICT,Low,,"An article published on October 27 2008 reports that Huawei will open a training center in Angola. The exact details of this project are unknown and it is unclear whether the date the article was published corresponds to the announce date, or whether construction has already commenced",Announced,Greenfield,,,,,,,Huawei,https://www.iol.co.za/business-report/economy/huawei-continues-african-expansion-with-training-centre-in-angola-714238,,,,,,https://www.iol.co.za/business-report/economy/huawei-continues-african-expansion-with-training-centre-in-angola-714238,,,8-Aug,Huawei TechnologiesAngolaCommunications947,,China,Huawei Technologies,Guangdong,,Shenzhen,Not Specified,Not Specified,Not Specified,,,Communications,Communications equipment,ICT & Electronics,Education & Training,,94,Yes,7,Yes,New,,,,,,578,
0,Huawei Technologies,,,Morocco,Education,Workforce Development/Skills,,Out of Range,North Africa,Education,Low,,"[TX] The project is Huawei's ""Sowing Communications, Seeds of the Future"" project in Morocco. The purpose is to provide skills training for Moroccan students. The project is a global project that was launched in 2008, but the specific start time and investment amount in Morocco are unknown. According to Huawei's 2012 annual report, the project is still ongoing. As of 2021, the project has been carried out for three sessions (Huawei News, 2021).",Commenced,Greenfield,,,,,,,Huawei Morocco, https://www.huawei.com/-/media/corp2020/annual-report/pdf/2012-cn-hw_u_256091.pdf   https://industries.ma/huawei-maroc-lance-la-3eme-edition-de-seeds-for-the-future/ ,,,,https://www.huawei.com/-/media/corp2020/annual-report/pdf/2012-cn-hw_u_256091.pdf,,https://consumer.huawei.com/ma/community/details/%E2%9C%A8-Seeds-for-the-Future-%E2%9C%A8-Huawei-Maroc-lance-la-3%C3%A8me-%C3%A9dition/topicId-152909/,https://www.sohu.com/a/275987937_657377,,12-Oct,Huawei TechnologiesMoroccoCommunications2006.5,,China,Huawei Technologies,Guangdong,,Shenzhen,Not Specified,Not Specified,Not Specified,,,Communications,Communications equipment,ICT & Electronics,Education & Training,,200,No,6.5,No,New,,,,,,587,
0,Macrolink Group,,"5,000.00",Zambia,Metals and Minerals,Metals and Minerals,,Out of Range,Southern Africa,Metals and Minerals,Medium,,"The Zambia Environmental Management Agency (ZEMA) has approved the construction of the Mwekera copper mine by Chinese-owned Macrolink Resources Limited, which will invest in excess of US$5 billion in the project in May 2013 (Mining Review Africa, 2013). Three mines including the Mwekera Copper Mine in Ndola are expected to come into production (ZM Parliament, 2022). Minister of Labour Brenda Tambatamba earlier in July, 2022 suspended operations for 2 weeks at Macrolink Resources Limited during a visit to the mine site over poor safety and living conditions at the workers quarters located in the Mwekera area off the Ndola-Mufulira Road. Later, Seven miners have been trapped in a flooded shaft in the mine that is still under construction according to BBC (2024). Deal Status: Commenced.",Commenced,Greenfield,5000,,,,,,Macrolink Resources Limited,https://www.parliament.gov.zm/node/10648 https://www.lusakatimes.com/2022/07/27/government-lift-a-two-week-suspension-slapped-on-chinese-owned-copper-mining-firm/ https://www.africa-press.net/zambia/all-news/government-lift-a-two-week-suspension-slapped-on-chinese-owned-copper-mining-firm#:~:text=The%20Government%20through%20the%20Ministry%20of%20Labour%20has https://www.bbc.com/news/world-africa-68053674,https://www.miningreview.com/top-stories/chinese-to-build-underground-copper-mine-in-ndola/,,,,,https://www.miningreview.com/top-stories/chinese-to-build-underground-copper-mine-in-ndola/,,,12-Sep,Macrolink GroupZambiaMetals1012246.7,,China,Macrolink Group,Beijing Municipality,,Beijing,Copperbelt Province,Not Specified,Kitwe,,,Metals,"Copper, nickel, lead, & zinc mining",Physical Sciences,Extraction,,1012,Yes,246.7,Yes,New,,,,,,184,
0,Egypt CTMC Nonwovens,,12.5,Egypt,Industry & Trade/Ser,Textiles,,Out of Range,North Africa,Textiles,Medium,,"Some sources say EGYPT CTMC NONWOVENS CO., LTD, was established in 2005 (ENG sources) or 2008 (CN sources). It is a subsidiary holding company by China Textile Machinery (Group ) Co.Ltd worth $12.5 million in the Free Trade Zone, west of the Gulf of Suez, Egypt. Chinese sources also indicate that the company was dissolved in 2015. Very limited information to verify information as sources seem to be a word for word making it hard to verify. Confidence status: Unknown.  ",Cancelled,Greenfield,,12.5,,,,,"EGYPT (CTMC) NONWOVENS CO., LIMITED",https://www.ltddir.com/companies/egypt-ctmc-nonwovens-co-limited/ https://hongkong-corp.com/co/egypt-ctmc-nonwovens-co-limited https://www.hkgbusiness.com/en/company/Egypt-Ctmc-Nonwovens-Co-Limited,,https://www.nonwovens-industry.com/contents/view_breaking-news/2005-07-07/nonwovens-line-set-for-egypt/,,,(CN) https://www.ltddir.com/companies/egypt-ctmc-nonwovens-co-limited/ https://hongkong-corp.com/co/egypt-ctmc-nonwovens-co-limited https://www.hkgbusiness.com/en/company/Egypt-Ctmc-Nonwovens-Co-Limited (ENG) https://www.company-list.org/ctmc_non_wovens.html https://www.business-yellowpages.com/details/75725/egypt/Egypt-CTMC-Nonwovens-Co-Ltd,https://www.ltddir.com/companies/egypt-ctmc-nonwovens-co-limited/ https://hongkong-corp.com/co/egypt-ctmc-nonwovens-co-limited https://www.hkgbusiness.com/en/company/Egypt-Ctmc-Nonwovens-Co-Limited,,,5-Jul,"Egypt CTMC NonwovensEgyptIndustrial Machinery, Equipment & Tools90012.5",,China,China Textile Machinery Group (CTMC),Beijing Municipality,,Beijing,Not Specified,Not Specified,Not Specified,,,"Industrial Machinery, Equipment & Tools",Textile machinery,"Wood, Apparel & Related Products",Manufacturing,,900,No,12.5,No,New,,,,,,487,
0,SiAECOSYS,,,Egypt,,,,Out of Range,North Africa,,Unknown,,I counldnt confirm the name of the investing company in association with described investment,Unknown,Greenfield,,,,,,,,,,,,,,,,,24-Aug,478962,197196,China,SiAECOSYS,,,,,,,,,Automotive components,Motor vehicle transmission & power train parts,Transport Equipment,"Sales, Marketing & Support",,,,1.79999995,YES,New,,,,,,733,
0,Amicorp Group,,,Kenya,,,,Out of Range,East Africa,,Unknown,,This particular project could not be verified,Unknown,Greenfield,,,,,,,,,,,,,,,,,24-Nov,484526,61439,Hong Kong,Amicorp Group,,,,,,,,,Financial services,Corporate & investment banking,Financial Services,Business Services,,,,9.5,YES,New,,,,,,741,
0,Scanwell Logistics,,,Kenya,,,,Out of Range,East Africa,,Unknown,,Not enough information to verify this project,Unknown,Greenfield,,,,,,,,,,,,,,,,,24-Jul,475087,195692,Hong Kong,Scanwell Logistics,,,,,,,,,Transportation & Warehousing,Freight/Distribution Services,Transportation & Warehousing,"Sales, Marketing & Support",,,,6.5,YES,New,,,,,,744,
0,Bluesun Solar,,,South Africa,,,,Out of Range,Southern Africa,,Unknown,,Cannot identify this project,,Greenfield,,,,,,,,,,,,,,,,,24-Jun,489031,200804,China,Bluesun Solar,,,,,,,,,Electronic components,All other electrical equipment & components,Environmental Technology,"Sales, Marketing & Support",,,,1.70000005,YES,New,,,,,,759,
0,Enerlife,,,South Africa,,,,Out of Range,Southern Africa,,Unknown,,Cannot identify this project,,Greenfield,,,,,,,,,,,,,,,,,24-May,488818,140237,China,Shenzhen H&T Intelligent Control,,,,,,,,,Electronic components,Batteries,Environmental Technology,"Sales, Marketing & Support",,,,1.70000005,YES,New,,,,,,760,
0,Jiangxi Naipu Mining Machinery and New Materials,,,Zambia,,,,Out of Range,Southern Africa,,Unknown,,Cannot identify this project,,Greenfield,,,,,,,,,,,,,,,,,24-Oct,481512,154519,China,Jiangxi Naipu Mining Machinery and New Materials,,,,,,,,,Industrial equipment,"Agriculture, construction, & mining machinery",Industrial,Manufacturing,,,,34,NO,New,,,,,,764,
0,China National Petroleum (CNPC),,,Niger,,,,Out of Range,West Africa,,Unknown,,"Not sure who verified this deal but i share similar comments as them. Changed destination country to Niger from Benin. Couldn't verify this 2021 investment other than the source provided by the analyst in 2000-2022 cleaned data. but, there is an MoU signed on a $400 million investment added to leads.       See Deal ID 2 as it is duplicate with that one. A lot of conflicting information regarding this oil pipeline from media, BU GDPC, aiddata and so on (check general sources). It is in our CLA as NE.017 (unconfirmed, not a loan), while AidData claims it IS debt financing. If it is infact not a loan, it should appear as greenfield investment here right?  Barron article claims investment of 4.6b has taken place",Unknown,Greenfield,,,,,,,,,,,,,,,,,21-Oct,397603,759,China,China National Petroleum (CNPC),,,,,,,,,Transportation & Warehousing,Pipeline transportation of crude oil,Energy,"Logistics, Distribution & Transportation",,70,YES,164.6,YES,New,,,,,,1,
0,,,,South Africa,Automotive,Automotive,,Out of Range,Southern Africa,Automotive,Unknown,,"Great Wall Motor (China) may have expanded operations in South Africa in recent years, otherwise cannot find specifics related to an investment. ",Unknown,Greenfield,,,,,,,,,,,,,,,https://autonews.gasgoo.com/m/70029123.html,,23-Mar,438593,2866,China,Great Wall Motors (GWM),,,,,,,,,Automotive components,Other motor vehicle parts,Transport Equipment,"Logistics, Distribution & Transportation",,74,YES,18.2,YES,Expansion,,,,,,6,
0,,,,Egypt,,,,Out of Range,North Africa,,Unknown,,Unable to find information to verify this deal,Unknown,Greenfield,,,,,,,,,,,,,,,,,23-Aug,449036,7896,China,Hisense,,,,,,,,,Consumer electronics,Other (Consumer electronics),Consumer Goods,"Sales, Marketing & Support",,29,YES,3.5,YES,New,,,,,,9,
0,,,,South Africa,,,,Out of Range,Southern Africa,,Unknown,,Cannot find anything based on the information provided in the sheet. Done key searches based on AE-BC,Unknown,Greenfield,,,,,,,,,,,,,,,,,22-Feb,406482,18889,China,Anhui Jianghuai Automobile (JAC),,,,,,,,,Automotive components,Other motor vehicle parts,Transport Equipment,"Logistics, Distribution & Transportation",,74,YES,18.2,YES,Expansion,,,,,,16,
0,,,,South Africa,,,,Out of Range,Southern Africa,,Unknown,,"Unknown investor company. No information found after seraching for industry sector, sub-sector, or amount listed.",Unknown,Greenfield,,,,,,,,,,,,,,,,,23-Mar,438253,23911,Hong Kong,,,,,,,,,,Consumer products ,Nonstore retailers,Consumer Goods,"Sales, Marketing & Support",,37,YES,4.1,YES,New,,,,,,17,
0,,,,Egypt,,,,Out of Range,North Africa,,Unknown,,Unable to find information to verify this deal,Unknown,Greenfield,,,,,,,,,,,,,,,,,23-Jan,431292,33977,China,China National Chemical Corporation (ChemChina),,,,,,,,,Rubber,Tyres,Transport Equipment,Manufacturing,,800,NO,32.3,NO,Expansion,,,,,,23,
0,Tsingshan Holding Group,,,Zimbabwe,,,,Out of Range,Southern Africa,,Unknown,,"The investment could not be verified as there is no enough information about the specificity of this investment. the details added under the cleaned data are all sbout Niger, not Zimbabwe",Unknown,Greenfield,,,,,,,,,,,,,,,,,22-Dec,430213,35042,China,Tsingshan Holding Group,,,,,,,,,Transportation & Warehousing,Rail transportation,Transportation & Warehousing,"Logistics, Distribution & Transportation",,70,YES,164.6,YES,New,,,,,,25,
0,,,,Zimbabwe,,,,Out of Range,Southern Africa,,Unknown,,"The company has several investments in Zimbabwe and without specific details of the investment in FDi market or cleaned data, it is difficult to verify this specific deal. couldnt find a deal for sept 2023 as stated in Fdi market data",Unknown,Greenfield,,,,,,,,https://www.thezimbabwemail.com/business/tsingshan-to-consolidate-investments-in-zimbabwe/#google_vignette,,,,,,https://www.thezimbabwemail.com/business/tsingshan-to-consolidate-investments-in-zimbabwe/#google_vignette,,,23-Sep,451712,35042,China,Tsingshan Holding Group,,,,,,,,,"Coal, oil & gas","Other electric power generation (Coal, oil and gas)",Energy,"Logistics, Distribution & Transportation",,87,YES,63.4,YES,New,,,,,,27,
0,,,,Senegal,,,,Out of Range,West Africa,,Unknown,,"there is no information about the company that announced the investment, or source link to confirm announced investment. however, for the year 2023, i found an announced investment by Hong Kong Aerospace Technology Group to build a rocket launching facility in Senegal but no investment amount specified https://foreignpolicy.com/2023/04/21/china-space-law-treaty-djibouti-obock-launch-facility-ost/ . this may be different from the one in FDi Market data.",Unknown,Greenfield,,,,,,,,,,,,,,,,,23-Jul,446506,35315,China,,,,,,,,,,Space & defence,Other (Space & defence),Industrial,"Sales, Marketing & Support",,64,YES,4.7,YES,New,,,,,,28,
0,,,,Cote d'Ivoire,,,,Out of Range,West Africa,,Unknown,,"FDi market data doesn't state the parent or investing company for this investment and neither are sources provided to confirm the investment. however, some publications from  2023 state a similar contractual partnership between Chinese firm and Cote d'ivoire army but this was just a contract to supply 50 armoured cars to the cote d'ivoire army - doesn't state how this supply was paid for as it appears some of these armoured cars have been delivered. please see sources https://www.africaintelligence.com/west-africa/2023/02/20/chinese-defence-giant-norinco-set-to-land-faci-armoured-vehicle-contract,109914979-art ; https://www.janes.com/osint-insights/defence-news/land/ivorian-military-parades-new-equipment  Renamed from C√¥te d Ivoire to Cote d'Ivoire ",Unknown,Greenfield,,,,,,,,,,,,,,,,,23-Jul,449357,35315,China,,,,,,,,,,Space & defence,"Military armoured vehicle, tank, & components",Transport Equipment,Maintenance & Servicing,,60,YES,1.7,YES,New,,,,,,29,
0,,,,Tanzania,,,,Out of Range,East Africa,,Unknown,,Was unable to match a project to the given information in the raw fdi data,Unknown,Greenfield,,,,,,,,,,,,,,,,,22-Mar,409671,35413,China,,,,,,,,,,Automotive components,Other motor vehicle parts,Transport Equipment,Manufacturing,,500,NO,20,NO,New,,,,,,31,
0,,,,Uganda,,,,Out of Range,East Africa,,Unknown,,Unknown because no information available neither in English nor Chinese source.,Unknown,Greenfield,,,,,,,,,,,,,,,,,22-Nov,428697,35827,China,,,,,,,,,,Electronic components,All other electrical equipment & components,ICT & Electronics,Manufacturing,,513,YES,23.2,YES,New,,,,,,32,
0,,,,South Africa,,,,Out of Range,Southern Africa,,Unknown,,"Limited information on this entry, question if it is separate from ID39.",Unknown,Greenfield,,,,,,,,,,,,,,,,,23-Jun,443456,41835,China,Trina Solar,,,,,,,,,Electronic components,All other electrical equipment & components,Environmental Technology,"Sales, Marketing & Support",,12,YES,1.8,YES,New,,,,,,40,
0,,,,Ethiopia,,,,Out of Range,East Africa,,Unknown,,Barely much information provided in raw data and 2000-2022 data to verify deal,,Greenfield,,,,,,,,,,,,,,,,,23-Dec,458794,58055,China,,,,,,,,,,Business services,"Technical, trade & other schools",Construction,Education & Training,,46,YES,6.9,YES,New,,,,,,47,
0,,,,Nigeria,,,,Out of Range,West Africa,,Unknown,,"Couldn't verify the investment, no source provided in FDi Market data, investing company is not known. there are few existing chinese automobile/automotives presence in Nigeria and there was an anouncement last year 2023 for an investment of $6billion. this has been added to leads.",Unknown,Greenfield,,,,,,,,,,,,,,,,,23-Oct,452965,60116,China,Beijing Automotive Industry Holding,,,,,,,,,Automotive OEM,Heavy duty trucks,Transport Equipment,Manufacturing,,887,YES,87.6,YES,New,,,,,,48,
0,,,,South Africa,,,,Out of Range,Southern Africa,,Unknown,,"Unknown investor company. No information found after seraching for industry sector, sub-sector, or amount listed.",Unknown,Greenfield,,,,,,,,,,,,,,,,,23-Aug,449239,87678,China,,,,,,,,,,Communications ,Communications equipment,ICT & Electronics,Headquarters,,92,YES,36.9,YES,Expansion,,,,,,51,
0,,,,Ghana,,,,Out of Range,West Africa,,Unknown,,There is not enough information to even identify the project,Unknown,Greenfield,,,,,,,,,,,,,,,,,22-Sep,421915,90609,China,,,,,,,,,,Communications ,Radio & TV broadcasting,Creative Industries,"Sales, Marketing & Support",,36,YES,4.7,YES,New,,,,,,52,
0,,,,Ghana,,,,Out of Range,West Africa,,Unknown,,There is not enough information to even identify the project,Unknown,Greenfield,,,,,,,,,,,,,,,,,21-Oct,397427,90609,China,,,,,,,,,,Communications ,Radio & TV broadcasting,Creative Industries,"Sales, Marketing & Support",,36,YES,4.7,YES,New,,,,,,53,
0,,,,South Africa,,,,Out of Range,Southern Africa,,Unknown,,"Unknown investor company. No information found after seraching for industry sector, sub-sector, or amount listed.",Unknown,Greenfield,,,,,,,,,,,,,,,,,23-Dec,458397,92879,China,,,,,,,,,,Industrial equipment,"Agriculture, construction, & mining machinery",Construction,"Logistics, Distribution & Transportation",,51,YES,14,YES,New,,,,,,54,
0,,,,Botswana,,,,Out of Range,Southern Africa,,Unknown,,There is not enough information to even identify the project,Unknown,Greenfield,,,,,,,,,,,,,,,,,23-Jan,432459,127533,Hong Kong,,,,,,,,,,Minerals,Other non-metallic mineral products,Physical Sciences,Manufacturing,,219,YES,42,YES,New,,,,,,63,
0,,,,Ethiopia,,,,Out of Range,East Africa,,Unknown,,Barely much information provided in raw data and 2000-2022 data to verify deal,,Greenfield,,,,,,,,,,,,,,,,,21-Jul,390195,130104,China,,,,,,,,,,Metals,Other fabricated metal products,Construction,Manufacturing,,500,NO,73.9,YES,New,,,,,,64,
0,,,,Kenya,,,,Out of Range,East Africa,,Unknown,,Unknown- temporarily no information about this investment could be found in either English or Chinese sources.,Unknown,Greenfield,,,,,,,,,,,,,,,,,22-Sep,422027,136930,Hong Kong,,,,,,,,,,Transportation & Warehousing,Air transportation,Transportation & Warehousing,"Sales, Marketing & Support",,20,YES,7.4,YES,New,,,,,,67,
0,,,,Morocco,,,,Out of Range,North Africa,,Unknown,,Unknown - this deal was included last year but there is 0 information on it. Reach out to RR about using ID on the website to find more info: 389790,Unknown,Greenfield,,,,,,,,,,,,,,,,,21-Jul,389790,136930,Hong Kong,,,,,,,,,,Transportation & Warehousing,Air transportation,Transportation & Warehousing,"Sales, Marketing & Support",,11,YES,7.4,YES,New,,,,,,68,
0,,,,Egypt,,,,Out of Range,North Africa,,Unknown,,Raw data provide very limited data to verify deal. Confidence status Unknown.,Unknown,Greenfield,,,,,,,,,,,,,,,,,22-Oct,424611,140092,China,,,,,,,,,,Industrial equipment,General purpose machinery,Life sciences,"Sales, Marketing & Support",,12,YES,2.8,YES,New,,,,,,69,
0,,,,Egypt,,,,Out of Range,North Africa,,Unknown,,Raw data provide very limited data to verify deal. Confidence status Unknown.,Unknown,Greenfield,,,,,,,,,,,,,,,,,21-Mar,385709,141136,China,,,,,,,,,,Communications ,Communications equipment,ICT & Electronics,Headquarters,,92,YES,36.9,YES,New,,,,,,70,
0,,,,Malawi,,,,Out of Range,Southern Africa,,Unknown,,There is not enough information to even identify the project,Unknown,Greenfield,,,,,,,,,,,,,,,,,21-Feb,387774,144624,China,,,,,,,,,,Business services,Legal services,Professional Services,Business Services,,30,YES,27.8,YES,New,,,,,,72,
0,,,,Zimbabwe,,,,Out of Range,Southern Africa,,Unknown,,Lack information required for verification - no details of the investment in FDi market database,Unknown,Greenfield,,,,,,,,,,,,,,,,,23-Jan,431872,148483,China,,,,,,,,,,Building materials,Cement & concrete products,Construction,Manufacturing,,330,NO,17.5,NO,New,,,,,,73,
0,,,,South Africa,,,,Out of Range,Southern Africa,,Unknown,,"Unknown investor company. No information found after seraching for industry sector, sub-sector, or amount listed.",Unknown,Greenfield,,,,,,,,,,,,,,,,,21-Apr,384878,160512,Hong Kong,,,,,,,,,,Financial services,Investment management,Financial Services,Business Services,,27,YES,9.5,YES,New,,,,,,77,
0,,,,Uganda,,,,Out of Range,East Africa,,Unknown,,Unknown because no information available neither in English nor Chinese.,Unknown,Greenfield,,,,,,,,,,,,,,,,,21-Aug,394293,164290,China,,,,,,,,,,Biotechnology,In-Vitro diagnostic substances,Life sciences,Manufacturing,,139,YES,85.2,YES,New,,,,,,78,
0,,,,Cameroon,,,,Out of Range,Central Africa,,Unknown,,There is not enough information to even identify the project,Unknown,Greenfield,,,,,,,,,,,,,,,,,21-Sep,395522,164740,China,,,,,,,,,,Building materials,Cement & concrete products,Construction,Manufacturing,,476,YES,56.7,YES,New,,,,,,79,
0,,,,Cameroon,,,,Out of Range,Central Africa,,Unknown,,There is not enough information to even identify the project,Unknown,Greenfield,,,,,,,,,,,,,,,,,21-Sep,397357,164740,China,,,,,,,,,,Building materials,Cement & concrete products,Construction,Manufacturing,,476,YES,56.7,YES,New,,,,,,80,
0,,,,Nigeria,,,,Out of Range,West Africa,,Unknown,,"no source link in FDi Market Data or source used in 2000-2022 cleaned data. i couldn't confirm any automobile manufacturing investment announcement by Chinese firms, in Nigeria, for the year 2021. however, there was an announement in 2023 for a $6billion investment and this has been added to leads",Unknown,Greenfield,,,,,,,,,,,,,,,,,21-Mar,381482,158458,China,,,,,,,,,,Automotive OEM,Automobiles,Transport Equipment,Manufacturing,,887,YES,87.6,YES,New,,,,,,76,
0,,,,Rwanda,,,,Out of Range,East Africa,,Unknown,,"Couldn't verify the investment - there is no information on the investing or parent company, no source used in the FDi market data or 2000-2022 cleaned data. ",Unknown,Greenfield,,,,,,,,,,,,,,,,,22-Jan,404682,168138,China,,,,,,,,,,Non-automotive transport OEM,"Motorcycle, bicycle, & parts",Transport Equipment,Manufacturing,,652,YES,60.9,YES,New,,,,,,81,
0,,,,Cote d'Ivoire,,,,Out of Range,West Africa,,Unknown,,"No investing company or parent company name, source, or source used in FDi Market data and 2000-2022 cleaned data to verify this investment. no relevant reports/publication on any chinese firm's investment in internet publishing in cote d'lvoire in 2022.",Unknown,Greenfield,,,,,,,,,,,,,,,,,22-Jun,414448,172267,Hong Kong,,,,,,,,,,Software & IT services,Internet publishing & broadcasting & web search,Creative Industries,"Sales, Marketing & Support",,18,YES,5.2,YES,New,,,,,,83,
0,,,,South Africa,,,,Out of Range,Southern Africa,,Unknown,,"Unknown investor company. No information found after seraching for industry sector, sub-sector, or amount listed.",Unknown,Greenfield,,,,,,,,,,,,,,,,,22-Jun,415965,172895,China,,,,,,,,,,Food & Beverages,Fruits & vegetables & specialist foods ,Agribusiness,Manufacturing,,101,YES,34.2,YES,New,,,,,,85,
0,,,,South Africa,,,,Out of Range,Southern Africa,,Unknown,,"Unknown investor company. No information found after seraching for industry sector, sub-sector, or amount listed.",Unknown,Greenfield,,,,,,,,,,,,,,,,,22-Dec,428498,175475,China,,,,,,,,,,Financial services,Corporate & investment banking,Financial Services,Business Services,,27,YES,9.5,YES,New,,,,,,86,
0,,,,Tanzania,,,,Out of Range,East Africa,,Unknown,,Was unable to match a project to the given information in the raw fdi data,Unknown,Greenfield,,,,,,,,,,,,,,,,,23-Mar,436537,180603,China,,,,,,,,,,Ceramics & glass,Glass & glass products,Construction,Manufacturing,,417,YES,86.8,NO,New,,,,,,89,
0,,,,Nigeria,,,,Out of Range,West Africa,,Unknown,,"i couldn't verify this investment - no sources or reports on a hong kong based chinese firm investment in the service industry in Nigeria, for the year 2023",Unknown,Greenfield,,,,,,,,,,,,,,,,,23-Apr,440077,181914,Hong Kong,,,,,,,,,,Business services,Other support services,Professional Services,Business Services,,8,YES,27.8,YES,New,,,,,,90,
0,CEI Construction Investment Group,,,Morocco,,,,Out of Range,North Africa,,Unknown,,Looked at Chinese and English sources and could not identify the specific deal,Unknown,Greenfield,,,,,,,,,,,,,,,,,23-Apr,440092,181920,China,China Coal Group,,,,,,,,,Renewable energy,Other electric power generation (Renewable Energy),Environmental Technology,Manufacturing,,783,YES,"2,288.30",YES,New,,,,,,91,
0,,,,Zimbabwe,,,,Out of Range,Southern Africa,,Unknown,,Lack information required for verification - no details of the investment in FDi market database,Unknown,Greenfield,,,,,,,,,,,,,,,,,23-Jul,446124,184337,China,,,,,,,,,,Minerals,Other non-metallic mineral products,Physical Sciences,Manufacturing,,171,YES,42,YES,Co-Locati,,,,,,93,
0,,,,Rwanda,,,,Out of Range,East Africa,,Unknown,,"Couldn't verify the investment - there is no information on the investing or parent company, no source used in the FDi market data or 2000-2022 cleaned data. ",Unknown,Greenfield,,,,,,,,,,,,,,,,,23-Jul,446051,184884,Hong Kong,,,,,,,,,,Financial services,Corporate & investment banking,Financial Services,Headquarters,,92,YES,45.9,YES,New,,,,,,95,
0,Shanghai Electric,,,Morocco,,,,Out of Range,North Africa,,Unknown,,"The project is unidentifiable. The announcement in the article is from 2014 and no clear indication of investment. It could be completed but stalled? it could be delayed? Not enough info to identify. The article used from last year as evidence of a solid investment announcement does not mention a specific project. There is insufficient evidence to connect the promise of these funds to a project that eventually materialized. Some articles mention how certain projects (Reuters) have been stalled but it's not clear if Shanghai Electric is involved and if so, in what capacity (Supplier not investor?)",Unknown,Greenfield,,,,,,,,,,,,,,,https://renewablesnow.com/news/shanghai-electric-to-develop-35-gw-of-solar-plants-in-morocco-report-437939/  https://www.reuters.com/world/africa/moroccan-solar-plans-hampered-by-dispute-over-technology-2024-02-27/,,14-Jun,Shanghai ElectricMoroccoAlternative/Renewable energy4442000,,China,Shanghai Electric,Shanghai Municipality,,Shanghai,Not Specified,Not Specified,Not Specified,,,Alternative/Renewable energy,Solar electric power,Environmental Technology,Electricity,,444,Yes,"2,000.00",No,New,,,,,,115,
0,Wuhan Iron and Steel Co Ltd (Wisco),,,Liberia,,,,Out of Range,West Africa,,Unknown,,"it is not known whether this is a new investment or an expansion of an existing one. couldn't find any info about the annoucement of this deal, or amount or the current status of the deal. sources only referenced in their reports that the WISCO will be producing iron ore and steel after the country finishes constructing the mining site. ",Unknown,Greenfield,,,,,,,,,,,,,,,https://www.leiti.org.lr/sites/default/files/documents/6th_leiti_report_2012-2013.pdf ; https://eiti.org/sites/default/files/attachments/fy2013-2014_liberia_eiti_report.pdf,Fuama District in the lower Bong County,15-Oct,Wuhan Iron and Steel Co Ltd (Wisco)LiberiaReal Estate875864.9,,China,Wuhan Iron and Steel Co Ltd (Wisco),Hubei,,Wuhan,Not Specified,Not Specified,Not Specified,,,Real Estate,Industrial building construction,Construction,Construction,,875,Yes,864.9,Yes,New,,,,,,130,
0,Guangzhou Sunda International Trading Company,,,Ghana,,,,Out of Range,West Africa,,Unknown,,"It is possible to find Sunda Group‚Äôs investment projects in Ghana, but for many projects, there are no clear contents and loan amounts.",Unknown,Greenfield,,,,,,,,https://www.sunda.com/en/about/history,,,,,,,,,14-Jan,Guangzhou Sunda International Trading CompanyGhanaReal Estate875864.9,,China,Guangzhou Sunda International Trading Company,Guangdong,,Guangzhou,Not Specified,Not Specified,Not Specified,,,Real Estate,Residential building construction,Construction,Construction,,875,Yes,864.9,Yes,New,,,,,,131,
0,Zhejiang Huayou Cobalt Nickel Materials,,,"Congo, Democratic Republic of the",,,,Out of Range,Central Africa,,Unknown,,"Could not find information online. Checked using both Google and Baidu as well as the investing company's website. Renamed from Congo (DRC) to Congo, Democratic Republic of the",Unknown,Greenfield,,,,,,,,,,,,,,,,,7-Oct,"Zhejiang Huayou Cobalt Nickel MaterialsCongo, Democratic Republic of theMetals479350",,China,Zhejiang Huayou Cobalt Nickel Materials,Zhejiang,,Zhejiang,Not Specified,Not Specified,Not Specified,,,Metals,"Copper, nickel, lead, & zinc mining",Physical Sciences,Extraction,,479,Yes,350,No,New,,,,,,165,
0,Wuhan Iron and Steel Co Ltd (Wisco),,,Liberia,,,,Out of Range,West Africa,,Unknown,,I share similar views with the 2000-2022 cleaned data analyst's comment. it is not clear what the investment is.,Unknown,Greenfield,,,,,,,,,,,,,,,,,15-Oct,Wuhan Iron and Steel Co Ltd (Wisco)LiberiaMetals342178.9,,China,Wuhan Iron and Steel Co Ltd (Wisco),Hubei,,Wuhan,Not Specified,Not Specified,Not Specified,,,Metals,Iron & steel mills & ferroalloy,Industrial,Manufacturing,,342,Yes,178.9,Yes,New,,,,,,204,
0,Zhejiang Jeans Industry,,,"Congo, Democratic Republic of the",,,,Out of Range,Central Africa,,Unknown,,"Could not find information online. Renamed from Congo (DRC) to Congo, Democratic Republic of the",Unknown,Greenfield,,,,,,,,,,,,,,,,,7-Oct,"Zhejiang Jeans IndustryCongo, Democratic Republic of theMetals342178.9",,China,Zhejiang Jeans Industry,Zhejiang,,Haining,Not Specified,Not Specified,Not Specified,,,Metals,Nonferrous metal production & processing,Physical Sciences,Manufacturing,,342,Yes,178.9,Yes,New,,,,,,206,
0,China National Complete Plant Import & Export Corporation,,,"Congo, Democratic Republic of the",,,,Out of Range,Central Africa,,Unknown,,"Not certain that the information I found relates to the information from the raw fdi data. Closest I could find is some project costing $1.2 billion in the Republic of Congo (so not even the same country) so I doubt this is the same project. Nothing else could be found. Renamed from Congo (DRC) to Congo, Democratic Republic of the",Unknown,Greenfield,,,,,,,,,,,,,,,,,10-Feb,"China National Complete Plant Import & Export CorporationCongo, Democratic Republic of theChemicals149162.2",,China,China National Complete Plant Import & Export Corporation,Beijing Municipality,,Beijing,Not Specified,Not Specified,Not Specified,,,Chemicals,"Pesticide, fertilisers & other agricultural chemicals","Food, Beverages & Tobacco",Manufacturing,,149,Yes,162.2,Yes,New,,,,,,209,
0,Liming Chemical Industrial,,,Tanzania,,,,Out of Range,East Africa,,Unknown,,Cannot find any information online about this project,Unknown,Greenfield,,,,,,,,,,,,,,,,,4-Jun,Liming Chemical IndustrialTanzaniaChemicals149162.2,,China,Liming Chemical Industrial,Not Specified,,Not Specified,Not Specified,Not Specified,Not Specified,,,Chemicals,"Pesticide, fertilisers & other agricultural chemicals","Food, Beverages & Tobacco",Manufacturing,,149,Yes,162.2,Yes,New,,,,,,210,
0,Sinoma Energy Conservation,,,Tunisia,,,,Out of Range,North Africa,,Unknown,,Could not find any information online for this,Unknown,Greenfield,,,,,,,,,,,,,,,,,17-Apr,Sinoma Energy ConservationTunisiaAlternative/Renewable energy22155.5,,China,China National Building Material Group Corporation (CNBM),Beijing Municipality,,Beijing,Tunis,Not Specified,Tunis,,,Alternative/Renewable energy,Biomass power,Environmental Technology,"Sales, Marketing & Support",,22,Yes,155.5,Yes,New,,,,,,214,
0,Shandong Iron & Steel Group (Shandong Steel),,,Morocco,,,,Out of Range,North Africa,,Unknown,,"This project was originally announced but there is no follow up to it in 10 years. It doesn't seem to have been built. The investor seemed to have been acquired by Bao wu steel. Still, no confirmation ",Unknown,Greenfield,,,,,,,,https://news.metal.com/newscontent/100063111/shandong-group-to-invest-150-mn-to-build-new-pipe-plant-in-morocco,,,,,,,https://www.argusmedia.com/zh/news-and-insights/latest-market-news/2234903-chinese-steel-producer-baowu-to-acquire-shandong-steel,,14-Jul,Shandong Iron & Steel Group (Shandong Steel)MoroccoMetals1373150,,China,Shandong Iron & Steel Group (Shandong Steel),Shandong,,Jinan,Tangier-Tetouan,Not Specified,Tanger,,,Metals,Steel products,Industrial,Manufacturing,,1373,Yes,150,No,New,,,,,,217,
0,Huajian Group,,,Tanzania,,,,Out of Range,East Africa,,Unknown,,Unable to find information about Huajian Group shoe factory in Tanzania. Sources mention investments in Ethiopia,Unknown,Greenfield,,,,,,,,,,,,,,,,,19-Jan,Huajian GroupTanzaniaTextiles2661118,,China,Huajian Group,Guangdong,Not Specified,Dongguan,Pwani,Not Specified,Not Specified,,,Textiles,Clothing & clothing accessories,"Wood, Apparel & Related Products",Manufacturing,,2661,Yes,118,No,New,Announced,,,,Inside International Industrials (IIICorp),239,
0,Sino-Metals Leach Zambia,,,"Congo, Democratic Republic of the",,,,Out of Range,Central Africa,,Unknown,,"Could not find information online on this. Renamed from Congo (DRC) to Congo, Democratic Republic of the",Unknown,Greenfield,,,,,,,,,,,,,,,,,15-Jan,"Sino-Metals Leach ZambiaCongo, Democratic Republic of theMetals1007110",,China,China Nonferrous Metals Mining (CNMC),Beijing Municipality,,Beijing,Katanga,Likasi,Likasi,,,Metals,Nonferrous metal production & processing,Industrial,Manufacturing,,1007,Yes,110,No,New,,,,,,241,
0,China Nonferrous Metals International Mining (CNMIM),,,Zambia,,,,Out of Range,Southern Africa,,Unknown,,"After working through various other copper mines acquired by CNMC, not sure what else this could be. Unable to verify this deal",,Greenfield,,,,,,,,,,,,,,,https://landmatrix.org/media/uploads/republicofminingcom20130606copper-expansion-the-copperbelt-the-pride-of-zambia-by-john-chadwick-publisher-international-mining-june-2013.pdf http://www.sulphuric-acid.com/sulphuric-acid-on-the-web/acid%20plants/Chambishi%20Copper%20Smelter.htm,,6-Apr,China Nonferrous Metals International Mining (CNMIM)ZambiaMetals34296.2,,China,China Nonferrous Metals Mining (CNMC),Beijing Municipality,,Beijing,Copperbelt Province,Not Specified,Not Specified,,,Metals,"Copper, nickel, lead, & zinc mining",Physical Sciences,Manufacturing,,342,Yes,96.2,Yes,New,,,,,,259,
0,Great Wall Motors (GWM),,,South Africa,,,,Out of Range,Southern Africa,,Unknown,,Cannot figure out what this project is about from the internent. Will have to revisit later. PK 11/18/24 Cannot find anything more on this.,Unknown,Greenfield,,,,,,,,,,,,,,,,,10-Sep,Great Wall Motors (GWM)South AfricaAutomotive OEM42395.7,,China,Great Wall Motors (GWM),Hebei,,Baoding,Not Specified,Not Specified,Not Specified,,,Automotive OEM,All other transportation (Automotive OEM),Transport Equipment,Manufacturing,,423,Yes,95.7,Yes,New,,,,,,261,
0,GAIG Stock (Guangzhou Automobile),,,Nigeria,,,,Out of Range,West Africa,,Unknown,,"Although investing company names are different, this deal has similarities with deal ID 264. Nonetheless, i couldn't verify the investment by GAIG. no source link or information on the context of the investment.",Unknown,Greenfield,,,,,,,,,,,,,,,,,14-Dec,GAIG Stock (Guangzhou Automobile)NigeriaAutomotive OEM86494.5,,China,GAIG Stock (Guangzhou Automobile),Guangdong,,Guangzhou,Not Specified,Not Specified,Not Specified,,,Automotive OEM,Automobiles,Transport Equipment,Manufacturing,,864,Yes,94.5,Yes,New,,,,,,265,
0,Great Wall Motors (GWM),,,Senegal,,,,Out of Range,West Africa,,Unknown,,"i couldn't verify this investment in 2010. but, there are sources publishing reports on the company signing an MoU with the senegalese government to build a plant in the country. source is added to other sources - but no ammount is specified for this new announcement.",Unknown,Greenfield,,,,,,,,,,,,,,,"https://www.gwm-global.com/news/3403452.html#:~:text=The%20President%20expressed%20his%20support,localization%20strategy%20in%20the%20country.",,10-Aug,Great Wall Motors (GWM)SenegalAutomotive OEM86494.5,,China,Great Wall Motors (GWM),Hebei,,Baoding,Not Specified,Not Specified,Not Specified,,,Automotive OEM,Light trucks & utility vehicles,Transport Equipment,Manufacturing,,864,Yes,94.5,Yes,New,,,,,,271,
0,China National Aero-Technology International Engineering Company (CATIC-Eng),,,Cameroon,,,,Out of Range,Central Africa,,Unknown,,"According to Wikipedia, the official website of China National Aero-Technology International Engineering Company (CATIC-Eng) and Google search did not find any investment projects between China National Aero-Technology International Engineering Company (CATIC-Eng) and Cameron in 2008.",Unknown,Greenfield,,,,,,,,,,,,,,,,,8-Dec,China National Aero-Technology International Engineering Company (CATIC-Eng)CameroonBuilding & Construction Materials12870.41,,China,China National Aero-Technology International Engineering Company (CATIC-Eng),Beijing Municipality,,Beijing,Not Specified,Not Specified,Not Specified,,,Building & Construction Materials,Cement & concrete products,Construction,Manufacturing,,128,Yes,70.4,No,New,,,,,,318,
0,Chongqing Lifan Industry,,,Algeria,,,,Out of Range,North Africa,,Unknown,,Could not find any information online about it,Unknown,Greenfield,,,,,,,,,,,,,,,,,9-Apr,Chongqing Lifan IndustryAlgeriaAutomotive OEM86470.4,,China,Chongqing Lifan Industry,Chongqing Municipality,,Chongqing,Not Specified,Not Specified,Not Specified,,,Automotive OEM,Automobiles,Transport Equipment,Manufacturing,,864,Yes,70.4,Yes,New,,,,,,319,
0,Chery Automobile,,,Algeria,,,,Out of Range,North Africa,,Unknown,,Could not find any information online about it,Unknown,Greenfield,,,,,,,,,,,,,,,,,5-May,Chery AutomobileAlgeriaAutomotive OEM86470.4,,China,SAIC Chery Automobile,Anhui,,Wuhu,Not Specified,Not Specified,Not Specified,,,Automotive OEM,Automobiles,Transport Equipment,Manufacturing,,864,Yes,70.4,Yes,New,,,,,,320,
0,Bosai Minerals,,,Ghana,Metals and Minerals,Metals and Minerals,,Out of Range,West Africa,Metals and Minerals,Unknown,,"Since there is no indication that the company made a $1.2 billion investment in 2012, it is marked as unknown",Unknown,Greenfield,,,,,,,,http://www.chinamining.org.cn/index.php?m=content&c=index&a=show&catid=8&id=26918,http://www.chinamining.org.cn/index.php?m=content&c=index&a=show&catid=8&id=26918,,http://www.chinamining.org.cn/index.php?m=content&c=index&a=show&catid=8&id=26918,,,http://www.chinamining.org.cn/index.php?m=content&c=index&a=show&catid=8&id=26918,,,12-Jan,Bosai MineralsGhanaMetals34262,,China,Bosai Minerals,Chongqing Municipality,,Chongqing,Western Region,Not Specified,Not Specified,,,Metals,Alumina & aluminium production and processing,Physical Sciences,Manufacturing,,342,Yes,62,Yes,New,,,,,,332,
0,Luoyang Northern Ek Chor Motorcycle (Dayang),,,Togo,,,,Out of Range,West Africa,,Unknown,,Couldn't verify this investment - no information,Unknown,Greenfield,,,,,,,,,,,,,,,,,16-Apr,Luoyang Northern Ek Chor Motorcycle (Dayang)TogoNon-Automotive Transport OEM34860.6,,China,China South Industries Group (CSG),Beijing Municipality,,Beijing,Togo,Not Specified,Notse,,,Non-Automotive Transport OEM,"Motorcycle, bicycle, & parts",Transport Equipment,Manufacturing,,348,Yes,60.6,Yes,New,,,,,,333,
0,China Railway Construction Corporation,,,Tunisia,,,,Out of Range,North Africa,,Unknown,,Could not find any information online for this project,Unknown,Greenfield,,,,,,,,,,,,,,,,,16-Jan,China Railway Construction CorporationTunisiaNon-Automotive Transport OEM34860.6,,China,China Railway Construction Corporation,Beijing Municipality,,Beijing,Not Specified,Not Specified,Not Specified,,,Non-Automotive Transport OEM,Railroad rolling stock,Transport Equipment,Manufacturing,,348,Yes,60.6,Yes,New,,,,,,334,
0,China South Locomotive & Rolling Stock Corporation (CSR),,,Ethiopia,,,,Out of Range,East Africa,,Unknown,,"[VBA & TX] From research, it may be that CSR supplied locomotives to support freight operations and passenger services (see source in additional column). If so, this may be irrelevant. However, very little information to determine much. Confidence: Unkown",,Greenfield,,,,,,,,,,,,,,,https://www.railjournal.com/in_depth/ethiopia-turns-big-plans-into-reality/,,11-Dec,China South Locomotive & Rolling Stock Corporation (CSR)EthiopiaNon-Automotive Transport OEM34860.6,,China,China South Locomotive & Rolling Stock Corporation (CSR),Beijing Municipality,,Beijing,Not Specified,Not Specified,Not Specified,,,Non-Automotive Transport OEM,Railroad rolling stock,Transport Equipment,Manufacturing,,348,Yes,60.6,Yes,New,,,,,,336,
0,Chengtun Mining Group,,,"Congo, Democratic Republic of the",,,,Out of Range,Central Africa,,Unknown,,"No information could be found for this project. Renamed from Congo (DRC) to Congo, Democratic Republic of the",Unknown,Greenfield,,,,,,,,,,,,,,,,,16-Aug,"Chengtun Mining GroupCongo, Democratic Republic of theMetals53060",,China,Chengtun Mining Group,Fujian,,Xiamen,Katanga,Not Specified,Kolwezi,,,Metals,Nonferrous metal production & processing,Physical Sciences,Manufacturing,,530,Yes,60,No,New,,,,,,343,
0,New Zhongyuan Ceramics,,,Nigeria,,,,Out of Range,West Africa,,Unknown,,no source information to verify the investment,Unknown,Greenfield,,,,,,,,,,,,,,,,,8-Nov,New Zhongyuan CeramicsNigeriaCeramics & Glass16058.6,,China,New Zhongyuan Ceramics,Not Specified,,Not Specified,Ogun State,Not Specified,Not Specified,,,Ceramics & Glass,Clay product & refractory,Construction,Manufacturing,,160,Yes,58.6,Yes,New,,,,,,347,
0,China Great Wall Industry Corporation,,,Nigeria,,,,Out of Range,West Africa,,Unknown,,"i couldn't verify this deal as there is no source provided by FDi Market or cleaned 2000-2022 to direct the specific deal. however, i found a similar investment in 2018 by the chinese company - i have added this to leads",Unknown,Greenfield,,,,,,,,,,,,,,,,,13-Dec,China Great Wall Industry CorporationNigeriaElectronic Components70857,,China,China Aerospace Science and Technology Corporation,Beijing Municipality,,Beijing,Not Specified,Not Specified,Not Specified,,,Electronic Components,All other electrical equipment & components,Environmental Technology,Manufacturing,,708,Yes,57,Yes,New,,,,,,348,
0,Fujian Ningde Shihai Seafood,,,Guinea-Bissau,,,,Out of Range,West Africa,,Unknown,,Couldn't verify this investment - no information on the investment especially for the specified year. Renamed from Guinea Bissau to Guinea-Bissau,Unknown,Greenfield,,,,,,,,,,,,,,,,,16-Jan,Fujian Ningde Shihai SeafoodGuinea-BissauFood & Tobacco300050,,China,Fujian Ningde Shihai Seafood,Fujian,,Ningde,Biombo Region,Not Specified,Not Specified,,,Food & Tobacco,"Fishing, hunting & trapping","Food, Beverages & Tobacco",Manufacturing,,3000,No,50,No,New,,,,,,365,
0,New Hope Group (NHG),,,Egypt,,,,Out of Range,North Africa,,Unknown,,"According to China Daily (2012), New Hope Group is expanding to South Africa, Egypt, and Eastern and Central Europe by setting up factories or acquiring companies dealing in the pork, poultry, and dairy sectors. May still be a duplicate and related to Deal ID 467. According to Xinhua (2022), New Hope has four feed manufacturing companies and one poultry farming company in Egypt (see additional sources column). Confidence status: unknown",Announced,Greenfield,,,,,,,,https://www.chinadaily.com.cn/business////2012-11/29/content_15970641.htm https://www.chinadaily.com.cn/business/2012-01/18/content_14465863.htm,,,,,,https://www.chinadaily.com.cn/business////2012-11/29/content_15970641.htm https://www.chinadaily.com.cn/business/2012-01/18/content_14465863.htm,https://english.news.cn/20220528/563f695fb4c34ec9b5e3731cae0ba5bc/c.html,,12-Jan,New Hope Group (NHG)EgyptFood & Tobacco42949.2,,China,New Hope Group (NHG),Sichuan,,Chengdu,Not Specified,Not Specified,Not Specified,,,Food & Tobacco,Animal food,"Food, Beverages & Tobacco",Manufacturing,,429,Yes,49.2,Yes,New,,,,,,370,
0,XCMG Construction Machinery,,,Algeria,,,,Out of Range,North Africa,,Unknown,,Could not find any information online about this project,Unknown,Greenfield,,,,,,,,,,,,,,,,,11-Jan,"XCMG Construction MachineryAlgeriaIndustrial Machinery, Equipment & Tools40148.2",,China,XCMG Construction Machinery,Jiangsu,,Xuzhou,Not Specified,Not Specified,Not Specified,,,"Industrial Machinery, Equipment & Tools","Agriculture, construction, & mining machinery",Construction,Manufacturing,,401,Yes,48.2,Yes,New,,,,,,372,
0,ZTE,,,Angola,,,,Out of Range,Southern Africa,,Unknown,,"It might be possible that deal ID 169 just refers to the telecommunications network portion of the project while this might refer to the investment towards the other projects (military telecoms, phone factory, telecommunications institute), though I treated deal ID 169 as a combination of these two as they stem from the overall investment of $400 million announced. In a way, this might be a duplicate, or rather, based on the raw market fdi data, this just covers a subset of the total investment referenced in deal ID 169. Should this be classified as unknown or duplicate? The raw fdi data denoted $300 million to deal ID 169 so it was probably aiming to split up the overall $400 million project into these two categories as well. Could not find any sources to back this up, it is just some speculation",Unknown,Greenfield,,,,,,,,,,,,,,,,,5-Feb,ZTEAngolaCommunications15840.1,,China,ZTE,Guangdong,,Shenzhen,Not Specified,Not Specified,Not Specified,,,Communications,Communications equipment,ICT & Electronics,Research & Development,,158,Yes,40.1,Yes,New,,,,,,384,
0,Huawei Technologies,,,Ghana,,,,Out of Range,West Africa,,Unknown,,"Huawei's investment in Ghana in 2016 was not obvious, and there were no specific projects.",Unknown,Greenfield,,,,,,,,,,,,,,,,,16-May,Huawei TechnologiesGhanaCommunications8036.9,,China,Huawei Technologies,Guangdong,,Shenzhen,Greater Accra Region,Not Specified,Accra,,,Communications,Wired telecommunication carriers,ICT & Electronics,Headquarters,,80,Yes,36.9,Yes,New,,,,,,393,
0,YTO,,,Kenya,,,,Out of Range,East Africa,,Unknown,,Unknown because unable to find any relavant information about the company or the project.,Unknown,Greenfield,,,,,,,,,,,,,,,,,9-Feb,"YTOKenyaIndustrial Machinery, Equipment & Tools25936.11",,China,YTO,Henan,,Luoyang,Not Specified,Not Specified,Not Specified,,,"Industrial Machinery, Equipment & Tools","Agriculture, construction, & mining machinery","Food, Beverages & Tobacco",Manufacturing,,259,Yes,36.1,No,New,,,,,,395,
0,Guangzhou Pharmaceuticals,,,South Africa,,,,Out of Range,Southern Africa,,Unknown,,Cannot figure out what this project is about from the internent. Will have to revisit later. PK 11/18/24 No info found upon further research.,Unknown,Greenfield,,,,,,,,,,,,,,,,,8-Jun,Guangzhou PharmaceuticalsSouth AfricaFood & Tobacco12834.7,,China,Guangzhou Pharmaceutical Holdings,Guangdong,,Guangzhou,North West,Not Specified,Not Specified,,,Food & Tobacco,Coffee & tea,"Food, Beverages & Tobacco",Manufacturing,,128,Yes,34.7,Yes,New,,,,,,400,
0,Inner Mongolia Jinyu Group,,,Namibia,,,,Out of Range,Southern Africa,,Unknown,,Could not find any information online about this project,Unknown,Greenfield,,,,,,,,,,,,,,,,,15-Oct,Inner Mongolia Jinyu GroupNamibiaPharmaceuticals37631.1,,China,Inner Mongolia Jinyu Group,Inner Mongolia,,Hohhot,Not Specified,Not Specified,Not Specified,,,Pharmaceuticals,Pharmaceutical preparations,Life sciences,Manufacturing,,376,Yes,31.1,Yes,New,,,,,,410,
0,Jushi Group,,,Egypt,,,,Out of Range,North Africa,,Unknown,,"Raw data uses Daily news source that says ""Jushi Egypt chairperson said that his company will sign a cooperation agreement with the National Research Institute to establish a research centre for composite materials in Egypt at the end of this month in order to contribute to develop the fiberglass industry in the Egyptian market."" Related to the fourth phase of the fiberglass plant (see Deal ID 342). Couldn't find additional inforamtion, confidence status: Unknown",,Greenfield,,,,,,,,,,,,,,,,,18-Jan,Jushi GroupEgyptCeramics & glass8730.9,,China,China National Building Material Group Corporation (CNBM),Beijing Municipality,Not Specified,Beijing,Not Specified,Not Specified,Not Specified,,,Ceramics & glass,Glass & glass products,Industrial,Research & Development,,87,Yes,30.9,Yes,New,Announced,,,,https://dailynewsegypt.com/2018/01/09/chinese-jushi-factory-starts-fourth-phase-fiberglass-factory-investments-worth-60m/,411,
0,Huawei Technologies,,,Cote d'Ivoire,,,,Out of Range,West Africa,,Unknown,,Couldn't find information on Huawei's investment in Cote D'lvoire's communications sector in 2012. no source provided in FDi market data or 2000-2022 cleaned data,Unknown,Greenfield,,,,,,,,,,,,,,,,,12-Nov,Huawei TechnologiesCote d'IvoireCommunications2130,,China,Huawei Technologies,Guangdong,,Shenzhen,Sud-Comoe,Not Specified,Not Specified,,,Communications,"Data processing, hosting, & related services",ICT & Electronics,ICT & Internet Infrastructure,,21,Yes,30,No,New,,,,,,418,
0,China Harzone Industry Corp,,,Kenya,,,,Out of Range,East Africa,,Unknown,,Currently no information available about this project both through the existing link and web research.,Unknown,Greenfield,,,,,,,,,,,,,,,,,18-Mar,China Harzone Industry CorpKenyaBusiness services3723.2,,China,China Harzone Industry Corp,Hubei,Not Specified,Wuhan,Nairobi Area,Not Specified,Nairobi,,,Business services,Heavy & civil engineering,Construction,Business Services,,37,Yes,23.2,Yes,New,Announced,,,,https://www.yicaiglobal.com/news/harzone-sets-kenya-branch-meet-construction-demand-belt-and-road,431,
0,Chinese Academy of Sciences,,,Zambia,,,,Out of Range,Southern Africa,,Unknown,,Source provided in raw data is dead. Not much information to find additional sources.,,Greenfield,,,,,,,,,,,,,,,,,18-Mar,Chinese Academy of SciencesZambiaBusiness services3323.2,,China,Chinese Academy of Sciences,Beijing Municipality,Not Specified,Beijing,Lusaka Province,Not Specified,Lusaka,,,Business services,"Professional, scientific & technical services",Creative Industries,Business Services,,33,Yes,23.2,Yes,New,Announced,,,,http://english.radi.cas.cn/News/PN/201803/t20180313_190684.html,432,
0,China National Petroleum (CNPC),,,Tunisia,,,,Out of Range,North Africa,,Unknown,,Could not find any information online for this project,Unknown,Greenfield,,,,,,,,,,,,,,,,,11-Oct,"China National Petroleum (CNPC)TunisiaCoal, Oil and Natural Gas5422.2",,China,China National Petroleum (CNPC),Beijing Municipality,,Beijing,Not Specified,Not Specified,Not Specified,,,"Coal, Oil and Natural Gas",Other petroleum & coal products,Energy,"Sales, Marketing & Support",,54,Yes,22.2,Yes,New,,,,,,439,
0,Yu Xiao Real Estate,,,Mozambique,,,,Out of Range,Southern Africa,,Unknown,,Cannot find any information online about it,Unknown,Greenfield,,,,,,,,,,,,,,,,,7-Oct,Yu Xiao Real EstateMozambiqueBuilding & Construction Materials3620,,China,Yu Xiao Real Estate,Shandong,,Jinan,Maputo,Not Specified,Maputo,,,Building & Construction Materials,Cement & concrete products,Construction,Manufacturing,,36,Yes,20,No,New,,,,,,450,
0,Hisense,,,South Africa,Industry & Trade/Ser,Manufacturing,,Out of Range,Southern Africa,Manufacturing,Unknown,,"Over the past decade and half, Hisense has made several investments in SA. As for 2007 respectively, I cannot locate a specific project. My be related to the launch of their new Hisense TV LCD module production line, which was put into production in 2007. However unsure if that is related to any SA involvements. From ID398 we know that their first production facility was opened in 2013. PK 11/18/24 No info found upon further research.",Unknown,Greenfield,,,,,,,,,,,,,,,https://golden.com/wiki/Hisense-PPAP8A,,7-Jan,HisenseSouth AfricaConsumer Electronics110019,,China,Hisense,Shandong,,Qingdao,Gauteng,Not Specified,Johannesburg,,,Consumer Electronics,Household appliances,Consumer Goods,Manufacturing,,1100,No,19,No,New,,,,,,456,
0,Sinotruk (China National Heavy Duty Truck Group) (CNHTC),,,"Congo, Democratic Republic of the",,,,Out of Range,Central Africa,,Unknown,,"Cannot find any information on this online. Renamed from Congo (DRC) to Congo, Democratic Republic of the",Unknown,Greenfield,,,,,,,,,,,,,,,,,16-Mar,"Sinotruk (China National Heavy Duty Truck Group) (CNHTC)Congo, Democratic Republic of theAutomotive Components6518.2",,China,Sinotruk (China National Heavy Duty Truck Group) (CNHTC),Shandong,,Jinan,Not Specified,Not Specified,Not Specified,,,Automotive Components,Other motor vehicle parts,Transport Equipment,"Logistics, Distribution & Transportation",,65,Yes,18.2,Yes,New,,,,,,457,
0,Africa World Airlines (AWA),,,Ghana,,,,Out of Range,West Africa,,Unknown,,There is not enough information to even identify the project,Unknown,Greenfield,,,,,,,,,,,,,,,,,13-Feb,Africa World Airlines (AWA)GhanaTransportation1015.3,,China,Hainan Airlines Group,Hainan,,Haikou,Northern Region,Not Specified,Tamale,,,Transportation,Air transportation,"Transportation, Warehousing & Storage","Sales, Marketing & Support",,10,Yes,15.3,Yes,New,,,,,,469,
0,Zhong Wu Beef Importers and Exporters Group,,,Uganda,,,,Out of Range,East Africa,,Unknown,,Unknown because no information available in either English or Chinese source.,Unknown,Greenfield,,,,,,,,,,,,,,,,,20-Feb,Zhong Wu Beef Importers and Exporters GroupUgandaFood & Beverages6715,,China,Zhong Wu Beef Importers and Exporters Group,Not Specified,Not Specified,Not Specified,Western,Not Specified,Not Specified,,,Food & Beverages,Animal slaughtering & processing,Agribusiness,Manufacturing,,67,Yes,15,No,New,Opened,,"China, Europe, the Middle East, and other regional market",,https://kampalapost.com/content/uganda-eyes-growing-exports-china-new-abattoir,471,
0,Hisense,,,Egypt,,,,Out of Range,North Africa,,Unknown,,Unable to find information to verify deal,,Greenfield,,,,,,,,,,,,,,,,,8-Nov,HisenseEgyptConsumer Electronics20715,,China,Hisense,Shandong,,Qingdao,Not Specified,Not Specified,Not Specified,,,Consumer Electronics,Audio & video equipment,Consumer Goods,Manufacturing,,207,Yes,15,No,New,,,,,,476,
0,China Civil Engineering Construction Corporation (CCECC),,,Nigeria,,,,Out of Range,West Africa,,Unknown,,"Couldn't verify the announced investment for the year 2012. however, there was an announced investment plan of $1b in 2013. added to leads.",Unknown,Greenfield,,,,,,,,,,,,,,,,,12-Nov,China Civil Engineering Construction Corporation (CCECC)NigeriaBusiness Services3914.6,,China,China Railway Engineering Corporation (CREC),Beijing Municipality,,Beijing,Akwa Ibom,Not Specified,Not Specified,,,Business Services,Heavy & civil engineering,Construction,Education & Training,,39,Yes,14.6,Yes,New,,,,,,479,
0,Znshine Group,,,South Africa,,,,Out of Range,Southern Africa,,Unknown,,"Given the information provided I cannot locate what this investment is supposed to be. Will have to revist later, but for now google searches provides limited information on what this could be.",Unknown,Greenfield,,,,,,,,,,,,,,,,,13-Jul,Znshine GroupSouth AfricaElectronic Components16513.69,,China,Znshine Group,Jiangsu,,Changzhou,Western Cape,Not Specified,Cape Town,,,Electronic Components,All other electrical equipment & components,Environmental Technology,Manufacturing,,165,No,13.7,No,New,,,,,,483,
0,Shenzhen CIMC-TianDa Airport Support (CIMC-TianDa),,,Tunisia,,,,Out of Range,North Africa,,Unknown,,Could not find any information online for this project,Unknown,Greenfield,,,,,,,,,,,,,,,,,11-Mar,"Shenzhen CIMC-TianDa Airport Support (CIMC-TianDa)TunisiaIndustrial Machinery, Equipment & Tools9713.5",,China,China International Marine Containers,Guangdong,,Shenzhen,Not Specified,Not Specified,Not Specified,,,"Industrial Machinery, Equipment & Tools",General purpose machinery,"Transportation, Warehousing & Storage",Manufacturing,,97,Yes,13.5,No,New,,,,,,484,
0,Halo International,,,Ghana,,,,Out of Range,West Africa,,Unknown,,"According to the search, the investment company HALO INTERNATIONAL was established in Ghana in 2005, but there are no investment projects that meet the time of August 2016",Unknown,Greenfield,,,,,,,,,,,,,,,,,16-Aug,Halo InternationalGhanaElectronic Components15711.8,,China,Halo International,Not Specified,,Not Specified,Greater Accra Region,Not Specified,Tema,,,Electronic Components,All other electrical equipment & components,Environmental Technology,Manufacturing,,157,Yes,11.8,Yes,New,,,,,,491,
0,Zoomlion Heavy Industry Science and Technology (Changsha Zoomlion Heavy Industry Science & Techonology Development),,,South Africa,,,,Out of Range,Southern Africa,,Unknown,,Little information found through web searches based on the information in this sheet.,Unknown,Greenfield,,,,,,,,,,,,,,,,,14-Jul,"Zoomlion Heavy Industry Science and Technology (Changsha Zoomlion Heavy Industry Science & Techonology Development)South AfricaIndustrial Machinery, Equipment & Tools5911.5",,China,Zoomlion Heavy Industry Science and Technology (Changsha Zoomlion Heavy Industry Science & Techonology Development),Hunan,,Changsha,Gauteng,Not Specified,Johannesburg,,,"Industrial Machinery, Equipment & Tools","Agriculture, construction, & mining machinery",Industrial,"Logistics, Distribution & Transportation",,59,Yes,11.5,Yes,New,,,,,,496,
0,Bank of Communications,,,South Africa,Financial Sector,Banking Institutions,,Out of Range,Southern Africa,Financial Sector,Unknown,,"Most likely just bank opening, which would not really have an amount of fdi associated with it anyway",Unknown,Greenfield,,,,,,,,,,,,,,,,,16-Nov,Bank of CommunicationsSouth AfricaFinancial Services2111,,China,Bank of Communications,Shanghai Municipality,,Shanghai,Not Specified,Not Specified,Not Specified,,,Financial Services,Retail banking,Financial Services,Business Services,,21,Yes,11,Yes,New,,,,,,499,
0,The China-Africa Development Fund (CADFund),,,Kenya,,,,Out of Range,East Africa,,Unknown,,Unknown because unable to find relevant information about this project at this point.,Unknown,Greenfield,,,,,,,,,,,,,,,,,15-Feb,The China-Africa Development Fund (CADFund)KenyaFinancial Services1811,,China,China Development Bank,Beijing Municipality,,Beijing,Nairobi Area,Not Specified,Nairobi,,,Financial Services,Corporate & investment banking,Financial Services,Business Services,,18,Yes,11,Yes,New,,,,,,504,
0,The China-Africa Development Fund (CADFund),,,Zambia,,,,Out of Range,Southern Africa,,Unknown,,This is most likely just CAD fund opening an office as opposed to an actual investment. The raw data from fdi markets follows the same pattern as previous entries like this 1. estiamted 11m 2. business services etc,,Greenfield,,,,,,,,,,,,,,,,,11-Jan,The China-Africa Development Fund (CADFund)ZambiaFinancial Services1811,,China,The China-Africa Development Fund (CADFund),Beijing Municipality,,Beijing,Lusaka Province,Not Specified,Lusaka,,,Financial Services,Corporate & investment banking,Financial Services,Business Services,,18,Yes,11,Yes,New,,,,,,510,
0,Chinese Academy of Sciences,,,Morocco,,,,Out of Range,North Africa,,Unknown,,This is most likely ‰∏≠ÂõΩÁßëÂ≠¶Èô¢ Chinese Academy of Sciences opening up an office,Unknown,Greenfield,,,,,,,,,,,,,,,,,18-Mar,Chinese Academy of SciencesMoroccoBusiness services4310.6,,China,Chinese Academy of Sciences,Beijing Municipality,Not Specified,Beijing,Casablanca-Settat,Not Specified,El Jaidida,,,Business services,"Professional, scientific & technical services",Creative Industries,Research & Development,,43,Yes,10.6,Yes,New,Announced,,,,http://english.radi.cas.cn/News/PN/201803/t20180313_190684.html,516,
0,Huawei Technologies,,,Cote d'Ivoire,,,,Out of Range,West Africa,,Unknown,,Couldn't find information on Huawei's investment in Cote D'lvoire's communications sector in 2016. no source provided in FDi market data or 2000-2022 cleaned data,Unknown,Greenfield,,,,,,,,,,,,,,,,,16-Nov,Huawei TechnologiesCote d'IvoireCommunications1519.7,,China,Huawei Technologies,Guangdong,,Shenzhen,Lagunes,Not Specified,Abidjan,,,Communications,Communications equipment,ICT & Electronics,Technical Support Centre,,151,Yes,9.7,Yes,New,,,,,,529,
0,Huawei Technologies,,,Senegal,,,,Out of Range,West Africa,,Unknown,,Couldn't verify the investment - no source information on the specified investment ,Unknown,Greenfield,,,,,,,,,,,,,,,,,16-Nov,Huawei TechnologiesSenegalCommunications1519.7,,China,Huawei Technologies,Guangdong,,Shenzhen,Dakar,Not Specified,Dakar,,,Communications,Communications equipment,ICT & Electronics,Technical Support Centre,,151,Yes,9.7,Yes,New,,,,,,530,
0,Huawei Technologies,,,Egypt,,,,Out of Range,North Africa,,Unknown,,Raw data provides limited information; unable to verify deal,,Greenfield,,,,,,,,,,,,,,,,,5-Dec,Huawei TechnologiesEgyptCommunications1519.7,,China,Huawei Technologies,Guangdong,,Shenzhen,Al Qahirah,Not Specified,Cairo,,,Communications,Communications equipment,ICT & Electronics,Technical Support Centre,,151,Yes,9.7,Yes,New,,,,,,531,
0,ZTE,,,Egypt,,,,Out of Range,North Africa,,Unknown,,"The Daily News (2016) mentioned that the Minister of Communications and Information Technology, Yasser Al-Qadi, met with Woo Lee, the CEO of Chinese ZTE Egypt, and Tamer Fayed, the deputy CEO of ZTE Egypt, to follow up on the company‚Äôs implementation of business plans and activities aimed at building a long-term strategic partnership between the company and the Egyptian government. Among various projects, ZTE said it will establish a research and training laboratory for networks 4G/LTE technology in the New smart Villiage in Maadi. Cannot determine much; confidence status: unknown. Source is in additional sources column",,Greenfield,,,,,,,,,,,,,,,https://www.dailynewsegypt.com/2016/04/15/419783/,,16-Dec,ZTEEgyptCommunications4349.4,,China,ZTE,Guangdong,,Shenzhen,Not Specified,Not Specified,Not Specified,,,Communications,Communications equipment,ICT & Electronics,Manufacturing,,434,Yes,9.4,Yes,New,,,,,,534,
0,ZTE,,,Zambia,Industry & Trade/Ser,Manufacturing,,Out of Range,Southern Africa,Manufacturing,Unknown,,"ZTE Corporation says it is planning to establish a mobile phone assembly plant in Zambia. A feasibility study was underway on June 6, 2005 and was expected to be finalized by August 2005 (Xinhua, 2005). Construction was expected to begin by the end of the year. Couldn't find additional sources indicating change in deal status (ITWorld Canada, 2005). Didn't find anything on ZTE website.",Unknown,Greenfield,,,,,,,,https://ezproxy.bu.edu/login?qurl=https%3A%2F%2Fwww.proquest.com%2Fwire-feeds%2Fchinese-zte-considers-building-mobile-phone%2Fdocview%2F452757033%2Fse-2%3Faccountid%3D9676 https://allafrica.com/stories/200506061136.html https://www.itworldcanada.com/article/chinas-zte-to-build-mobile-phone-plant-in-zambia/11776,,,,https://ezproxy.bu.edu/login?qurl=https%3A%2F%2Fwww.proquest.com%2Fwire-feeds%2Fchinese-zte-considers-building-mobile-phone%2Fdocview%2F452757033%2Fse-2%3Faccountid%3D9676 https://www.itworldcanada.com/article/chinas-zte-to-build-mobile-phone-plant-in-zambia/11776,,https://ezproxy.bu.edu/login?qurl=https%3A%2F%2Fwww.proquest.com%2Fwire-feeds%2Fchinese-zte-considers-building-mobile-phone%2Fdocview%2F452757033%2Fse-2%3Faccountid%3D9676 https://www.itworldcanada.com/article/chinas-zte-to-build-mobile-phone-plant-in-zambia/11776,,,5-Jun,ZTEZambiaCommunications4349.4,,China,ZTE,Guangdong,,Shenzhen,Not Specified,Not Specified,Not Specified,,,Communications,Communications equipment,ICT & Electronics,Manufacturing,,434,Yes,9.4,Yes,New,,,,,,539,
0,ZTE,,,Angola,,,,Out of Range,Southern Africa,,Unknown,,Could not find any information online,Unknown,Greenfield,,,,,,,,,,,,,,,,,5-Feb,ZTEAngolaCommunications4349.4,,China,ZTE,Guangdong,,Shenzhen,Not Specified,Not Specified,Not Specified,,,Communications,Communications equipment,ICT & Electronics,Manufacturing,,434,Yes,9.4,Yes,New,,,,,,540,
0,ZTE,,,Nigeria,,,,Out of Range,West Africa,,Unknown,,Couldn't verify the investment - no information on ZTE investment in Nigeria in 2004,Unknown,Greenfield,,,,,,,,,,,,,,,,,4-Nov,ZTENigeriaCommunications4349.4,,China,ZTE,Guangdong,,Shenzhen,Abuja Federal Capital Territory,Not Specified,Abuja,,,Communications,Communications equipment,ICT & Electronics,Manufacturing,,434,Yes,9.4,Yes,New,,,,,,541,
0,ZTE,,,Algeria,,,,Out of Range,North Africa,,Unknown,,Was not able to match a particular project to this. Unsure.,Unknown,Greenfield,,,,,,,,,,,,,,,,,4-Oct,ZTEAlgeriaCommunications4349.4,,China,ZTE,Guangdong,,Shenzhen,Not Specified,Not Specified,Not Specified,,,Communications,Communications equipment,ICT & Electronics,Manufacturing,,434,Yes,9.4,Yes,New,,,,,,542,
0,TP-Link Technologies,,,Egypt,,,,Out of Range,North Africa,,Unknown,,Unable to find sources to verify this deal. Even the company webiste doesn't make mention of Egypt (check timeline)--- see additional sources column,,Greenfield,,,,,,,,,,,,,,,https://www.tp-link.com/eg/about/about-us/,,12-Mar,TP-Link TechnologiesEgyptCommunications167.5,,China,TP-Link Technologies,Guangdong,,Shenzhen,Not Specified,Not Specified,Not Specified,,,Communications,Communications equipment,ICT & Electronics,"Sales, Marketing & Support",,16,Yes,7.5,Yes,New,,,,,,560,
0,China Central Television (CCTV),,,Algeria,,,,Out of Range,North Africa,,Unknown,,Could not find any information online about this project,Unknown,Greenfield,,,,,,,,,,,,,,,,,12-Jan,China Central Television (CCTV)AlgeriaCommunications167.5,,China,China Central Television (CCTV),Beijing Municipality,,Beijing,Not Specified,Not Specified,Not Specified,,,Communications,Radio & TV broadcasting,Creative Industries,"Sales, Marketing & Support",,16,Yes,7.5,Yes,New,,,,,,561,
0,China Central Television (CCTV),,,"Congo, Democratic Republic of the",,,,Out of Range,Central Africa,,Unknown,,"Could not find any information on this project. Renamed from Congo (DRC) to Congo, Democratic Republic of the",Unknown,Greenfield,,,,,,,,,,,,,,,,,12-Jan,"China Central Television (CCTV)Congo, Democratic Republic of theCommunications167.5",,China,China Central Television (CCTV),Beijing Municipality,,Beijing,Not Specified,Not Specified,Not Specified,,,Communications,Radio & TV broadcasting,Creative Industries,"Sales, Marketing & Support",,16,Yes,7.5,Yes,New,,,,,,563,
0,China Central Television (CCTV),,,Ethiopia,,,,Out of Range,East Africa,,Unknown,,[VBA & TX] Very little information to determine much. ,,Greenfield,,,,,,,,,,,,,,,,,12-Jan,China Central Television (CCTV)EthiopiaCommunications167.5,,China,China Central Television (CCTV),Beijing Municipality,,Beijing,Not Specified,Not Specified,Not Specified,,,Communications,Radio & TV broadcasting,Creative Industries,"Sales, Marketing & Support",,16,Yes,7.5,Yes,New,,,,,,564,
0,China Central Television (CCTV),,,Senegal,,,,Out of Range,West Africa,,Unknown,,No specific information/source on this investment,Unknown,Greenfield,,,,,,,,,,,,,,,,,12-Jan,China Central Television (CCTV)SenegalCommunications167.5,,China,China Central Television (CCTV),Beijing Municipality,,Beijing,Not Specified,Not Specified,Not Specified,,,Communications,Radio & TV broadcasting,Creative Industries,"Sales, Marketing & Support",,16,Yes,7.5,Yes,New,,,,,,565,
0,China Central Television (CCTV),,,Sudan,,,,Out of Range,East Africa,,Unknown,,no information could be found for this project,Unknown,Greenfield,,,,,,,,,,,,,,,,,12-Jan,China Central Television (CCTV)SudanCommunications167.5,,China,China Central Television (CCTV),Beijing Municipality,,Beijing,Not Specified,Not Specified,Not Specified,,,Communications,Radio & TV broadcasting,Creative Industries,"Sales, Marketing & Support",,16,Yes,7.5,Yes,New,,,,,,566,
0,China Central Television (CCTV),,,Zambia,,,,Out of Range,Southern Africa,,Unknown,,Unable to find sources to verify this deal,,Greenfield,,,,,,,,,,,,,,,,,12-Jan,China Central Television (CCTV)ZambiaCommunications167.5,,China,China Central Television (CCTV),Beijing Municipality,,Beijing,Not Specified,Not Specified,Not Specified,,,Communications,Radio & TV broadcasting,Creative Industries,"Sales, Marketing & Support",,16,Yes,7.5,Yes,New,,,,,,567,
0,China Central Television (CCTV),,,Zimbabwe,,,,Out of Range,Southern Africa,,Unknown,,"Couldn't confirm this deal, no specific information/source verifying the deal -no source in FDI market or cleaned data as well",Unknown,Greenfield,,,,,,,,,,,,,,,,,12-Jan,China Central Television (CCTV)ZimbabweCommunications167.5,,China,China Central Television (CCTV),Beijing Municipality,,Beijing,Not Specified,Not Specified,Not Specified,,,Communications,Radio & TV broadcasting,Creative Industries,"Sales, Marketing & Support",,16,Yes,7.5,Yes,New,,,,,,568,
0,China Telecom,,,South Africa,,,,Out of Range,Southern Africa,,Unknown,,Cannot find any information online on it.,Unknown,Greenfield,,,,,,,,,,,,,,,,,10-Jul,China TelecomSouth AfricaCommunications167.5,,China,China Telecom Corporation,Beijing Municipality,,Beijing,Not Specified,Not Specified,Not Specified,,,Communications,Wireless telecommunication carriers,ICT & Electronics,"Sales, Marketing & Support",,16,Yes,7.5,Yes,New,,,,,,570,
0,ZTS International Industrial (G-Tide),,,Zimbabwe,,,,Out of Range,Southern Africa,,Unknown,,Couldn't find any source/publication on the chinese company's intention to invest in Zimbabwe in 2009,Unknown,Greenfield,,,,,,,,,,,,,,,,,9-Dec,ZTS International Industrial (G-Tide)ZimbabweCommunications167.5,,China,ZTS International Industrial (G-Tide),Guangdong,,Shenzhen,Harare,Not Specified,Harare,,,Communications,Communications equipment,ICT & Electronics,"Sales, Marketing & Support",,16,Yes,7.5,Yes,New,,,,,,571,
0,ZTE,,,Rwanda,,,,Out of Range,East Africa,,Unknown,,There is ZTE presence in Rwanda but information about this specific 2005 investment could not be verified - no information found,Unknown,Greenfield,,,,,,,,,,,,,,,,,5-Feb,ZTERwandaCommunications167.5,,China,ZTE,Guangdong,,Shenzhen,Not Specified,Not Specified,Not Specified,,,Communications,Communications equipment,ICT & Electronics,"Sales, Marketing & Support",,16,Yes,7.5,Yes,New,,,,,,572,
0,Huawei Technologies,,,Algeria,,,,Out of Range,North Africa,,Unknown,,Could not find any information online about this project,Unknown,Greenfield,,,,,,,,,,,,,,,,,13-Nov,Huawei TechnologiesAlgeriaCommunications947,,China,Huawei Technologies,Guangdong,,Shenzhen,Algiers,Not Specified,Algiers,,,Communications,Communications equipment,ICT & Electronics,Education & Training,,94,Yes,7,Yes,New,,,,,,574,
0,Huawei Technologies,,,Nigeria,ICT,Workforce Development/Skills,,Out of Range,West Africa,ICT,Unknown,,Couldn't verify the investment for the year but there was a training investment in 2013 and 2015 - i added link to the source of these training investments. I also found a completed investment in 2016 and added to leads,Unknown,Greenfield,,,,,,,,,,,,,,,"https://africa.isp.msu.edu/files/9416/3613/5668/PB_14_Tsui_Huawei_Training_Programs.pdf#:~:text=Huawei%20entered%20Nigeria%20in%201999,for%201%2C000%20Nigerian%20female%20students.",,12-Jun,Huawei TechnologiesNigeriaCommunications947,,China,Huawei Technologies,Guangdong,,Shenzhen,Lagos State,Not Specified,Lagos,,,Communications,Wired telecommunication carriers,ICT & Electronics,Education & Training,,94,Yes,7,Yes,New,,,,,,575,
0,Huawei Technologies,,,Egypt,,,,Out of Range,North Africa,,Unknown,,Raw data provides limited information; unable to verify deal,,Greenfield,,,,,,,,,,,,,,,,,9-Nov,Huawei TechnologiesEgyptCommunications947,,China,Huawei Technologies,Guangdong,,Shenzhen,Al Qahirah,Not Specified,Cairo,,,Communications,Communications equipment,ICT & Electronics,Education & Training,,94,Yes,7,Yes,Expansion,,,,,,577,
0,Huawei Technologies,,,South Africa,,,,Out of Range,Southern Africa,,Unknown,,"After searching the official website, Google, and Chinese search engines, but found no relevant investment projects .",Unknown,Greenfield,,,,,,,,,,,,,,,,,8-Aug,Huawei TechnologiesSouth AfricaCommunications947,,China,Huawei Technologies,Guangdong,,Shenzhen,Gauteng,Not Specified,Johannesburg,,,Communications,Communications equipment,ICT & Electronics,Education & Training,,94,Yes,7,Yes,New,,,,,,579,
0,ZTE,,,Angola,,,,Out of Range,Southern Africa,,Unknown,,Could not find any information online,Unknown,Greenfield,,,,,,,,,,,,,,,,,5-Feb,ZTEAngolaCommunications947,,China,ZTE,Guangdong,,Shenzhen,Not Specified,Not Specified,Not Specified,,,Communications,Communications equipment,ICT & Electronics,Education & Training,,94,Yes,7,Yes,New,,,,,,580,
0,China Railway Construction Corporation,,,Mozambique,,,,Out of Range,Southern Africa,,Unknown,,Cannot find any information online,Unknown,Greenfield,,,,,,,,,,,,,,,,,16-Aug,China Railway Construction CorporationMozambiqueBusiness Services156.8,,China,China Railway Construction Corporation,Beijing Municipality,,Beijing,Maputo,Not Specified,Maputo,,,Business Services,Heavy & civil engineering,Construction,Business Services,,15,Yes,6.8,Yes,New,,,,,,583,
0,China Railway Construction Corporation,,,"Congo, Republic of the",,,,Out of Range,Central Africa,,Unknown,,"Cannot find any information online on this. Renamed from Republic of the Congo to Congo, Republic of the",Unknown,Greenfield,,,,,,,,,,,,,,,,,16-Aug,"China Railway Construction CorporationCongo, Republic of theBusiness Services156.8",,China,China Railway Construction Corporation,Beijing Municipality,,Beijing,Brazzaville,Not Specified,Brazzaville,,,Business Services,Heavy & civil engineering,Construction,Business Services,,15,Yes,6.8,Yes,New,,,,,,584,
0,China Gezhouba (CGGC),,,Angola,,,,Out of Range,Southern Africa,,Unknown,,Could not find any information online,Unknown,Greenfield,,,,,,,,,,,,,,,,,9-Mar,China Gezhouba (CGGC)AngolaBusiness Services156.8,,China,China Gezhouba (CGGC),Hubei,,Wuhan,Not Specified,Not Specified,Not Specified,,,Business Services,Heavy & civil engineering,Construction,Business Services,,15,Yes,6.8,Yes,New,,,,,,586,
0,Sinotruk (China National Heavy Duty Truck Group) (CNHTC),,,Nigeria,,,,Out of Range,West Africa,,Unknown,,This appears to be associated/duplicate of deal IDs 250 and 264. i couldn't verify this particular deal for the year 2016.,Unknown,Greenfield,,,,,,,,,,,,,,,,,16-Jan,Sinotruk (China National Heavy Duty Truck Group) (CNHTC)NigeriaAutomotive OEM276.1,,China,Sinotruk (China National Heavy Duty Truck Group) (CNHTC),Shandong,,Jinan,Cross River State,Not Specified,Not Specified,,,Automotive OEM,Heavy duty trucks,Transport Equipment,Maintenance & Servicing,,27,Yes,6.1,Yes,New,,"""Cross River is the most peaceful state in the south-south region with an enduring weather that has a huge potential for the development of trucks, and is good for industry establishment,"" said John Wang, head (Africa).",,,,589,
0,China Industrial International Group,,,Zimbabwe,,,,Out of Range,Southern Africa,,Unknown,,No sources to verify deal,Unknown,Greenfield,,,,,,,,,,,,,,,,,17-Jun,China Industrial International GroupZimbabweChemicals76,,China,China Industrial International Group,Not Specified,,Not Specified,Not Specified,Not Specified,Not Specified,,,Chemicals,"Pesticide, fertilisers & other agricultural chemicals",Physical Sciences,Manufacturing,,7,Yes,6,No,New,,,,,,591,
0,China Communications Construction Company,,,Ethiopia,,,,Out of Range,East Africa,,Unknown,,Very little information to determine much. Confidence status: Unknown,,Greenfield,,,,,,,,,,,,,,,,,18-Oct,China Communications Construction CompanyEthiopiaReal estate415.3,,China,China Communications Construction Company,Beijing Municipality,Not Specified,Beijing,Addis Ababa,Not Specified,Addis Ababa,,,Real estate,Industrial building construction,Transportation & Warehousing,Headquarters,,41,Yes,5.3,Yes,New,Opened,,East Africa,,http://www.investethiopia.gov.et/index.php/information-center/news-and-events/725-cccc-to-establish-regional-office-in-addis.html,594,
0,Shandong University of Traditional Chinese Medicine,,,Egypt,,,,Out of Range,North Africa,,Unknown,,Unable to find sources to verify this deal. Confidence status: Unknown,,Greenfield,,,,,,,,,,,,,,,,,8-Jul,Shandong University of Traditional Chinese MedicineEgyptHealthcare944.6,,China,Shandong University of Traditional Chinese Medicine,Shandong,,Not Specified,Not Specified,Not Specified,Not Specified,,,Healthcare,General medical & surgical hospitals,Life sciences,Education & Training,,94,Yes,4.6,Yes,New,,,,,,611,
0,China Road And Bridge Corporation (CRBC),,,Mozambique,,,,Out of Range,Southern Africa,,Unknown,,Cannot find any information online,Unknown,Greenfield,,,,,,,,,,,,,,,,,17-Jun,China Road And Bridge Corporation (CRBC)MozambiqueReal Estate304.2,,China,China Communications Construction Company,Beijing Municipality,,Beijing,Maputo,Not Specified,Marracuene,,,Real Estate,Commercial & institutional building construction,Construction,Construction,,30,Yes,4.2,No,New,,,,,,613,
0,Xintong Steel,,,South Africa,,,,Out of Range,Southern Africa,,Unknown,,Based on key-word searches from the old entry I was not able to find anything that could signal Xintongs involvement or investment in SA.,Unknown,Greenfield,,,,,,,,,,,,,,,,,13-Oct,Xintong SteelSouth AfricaMetals1503.03,,China,Xintong Steel,Fujian,,Changle,Western Cape,Not Specified,Cape Town,,,Metals,Steel products,Industrial,Manufacturing,,150,No,3,No,New,,,,,,618,
0,Guangxi Liugong Machinery,,,Nigeria,,,,Out of Range,West Africa,,Unknown,,Couldn't confirm the source from FDi Market and the presence of the investing company in Nigeria.,Unknown,Greenfield,,,,,,,,,,,,,,,,,20-Jul,Guangxi Liugong MachineryNigeriaIndustrial equipment123,,China,Guangxi Liugong Machinery,Guangxi,Not Specified,Liuzhou,Not Specified,Not Specified,Not Specified,,,Industrial equipment,"Agriculture, construction, & mining machinery",Construction,"Sales, Marketing & Support",,12,Yes,3,Yes,New,Opened,,West Africa,,http://www.africanreview.com/construction-a-mining/machinery/liugong-plans-further-expansion-in-africa-looks-for-exclusive-distributors,619,
0,Tianjin Litong Elevator,,,Egypt,,,,Out of Range,North Africa,,Unknown,,Limited information; unable to verify.,,Greenfield,,,,,,,,,,,,,,,,,3-Apr,"Tianjin Litong ElevatorEgyptIndustrial Machinery, Equipment & Tools223",,China,Tianjin Litong Elevator,Not Specified,,Not Specified,Not Specified,Not Specified,Not Specified,,,"Industrial Machinery, Equipment & Tools",General purpose machinery,Construction,Manufacturing,,22,Yes,3,No,New,,,,,,622,
0,Hikvision Digital Technology,,,Kenya,,,,Out of Range,East Africa,,Unknown,,Unknown because no relevant information found either in English or Chinese source.,Unknown,Greenfield,,,,,,,,,,,,,,,,,16-Sep,Hikvision Digital TechnologyKenyaElectronic Components112.9,,China,Hikvision Digital Technology,Zhejiang,,Hangzhou,Not Specified,Not Specified,Not Specified,,,Electronic Components,Audio & video equipment,ICT & Electronics,"Sales, Marketing & Support",,11,Yes,2.9,Yes,New,,,,,,623,
0,Lanzhou Lanshi Group,,,Algeria,,,,Out of Range,North Africa,,Unknown,,Could not find any information online about this project,Unknown,Greenfield,,,,,,,,,,,,,,,,,15-Dec,"Lanzhou Lanshi GroupAlgeriaIndustrial Machinery, Equipment & Tools172.9",,China,Lanzhou Lanshi Group,Gansu,,Lanzhou,Not Specified,Not Specified,Not Specified,,,"Industrial Machinery, Equipment & Tools",All other industrial machinery,Industrial,"Sales, Marketing & Support",,17,Yes,2.9,Yes,New,,,,,,624,
0,Shantui Construction Machinery,,,Egypt,,,,Out of Range,North Africa,,Unknown,,Unable to find sources to verify this deal. Confidence status: Unknown,,Greenfield,,,,,,,,,,,,,,,,,11-Jan,"Shantui Construction MachineryEgyptIndustrial Machinery, Equipment & Tools172.9",,China,Shantui Construction Machinery,Shandong,,Jining,Not Specified,Not Specified,Not Specified,,,"Industrial Machinery, Equipment & Tools","Agriculture, construction, & mining machinery",Construction,"Sales, Marketing & Support",,17,Yes,2.9,Yes,New,,,,,,631,
0,China Sunergy,,,South Africa,,,,Out of Range,Southern Africa,,Unknown,,"Based on the information in the previous data, I cannot find any connection between Sunergy and SA in the given time frame.",Unknown,Greenfield,,,,,,,,,,,,,,,,,8-Jan,China SunergySouth AfricaElectronic Components112.9,,China,China Sunergy,Jiangsu,,Nanjing,Gauteng,Not Specified,Johannesburg,,,Electronic Components,All other electrical equipment & components,Environmental Technology,"Sales, Marketing & Support",,11,Yes,2.9,Yes,New,,,,,,633,
0,Jinchuan,,,South Africa,,,,Out of Range,Southern Africa,,Unknown,,"After searching the official website, Google, and Chinese search engines, but found no relevant investment projects .",Unknown,Greenfield,,,,,,,,,,,,,,,,,4-Jul,JinchuanSouth AfricaMetals92.8,,China,Jinchuan,Gansu,,Jinchang,Gauteng,Not Specified,Johannesburg,,,Metals,"Copper, nickel, lead, & zinc mining",Physical Sciences,"Sales, Marketing & Support",,9,Yes,2.8,Yes,New,,,,,,635,
0,Indochine International,,,South Africa,,,,Out of Range,Southern Africa,,Unknown,,"After searching the official website, Google, and Chinese search engines, but found no relevant investment projects .",,Greenfield,,,,,,,,,,,,,,,,,6-Sep,Indochine InternationalSouth AfricaTextiles171.7,,China,Indochine International,Zhejiang,,Hangzhou,Western Cape,Not Specified,Cape Town,,,Textiles,Clothing & clothing accessories,"Wood, Apparel & Related Products","Sales, Marketing & Support",,17,Yes,1.7,Yes,New,,,,,,642,
0,Mindray Medical International,,,South Africa,,,,Out of Range,Southern Africa,,Unknown,,"After searching the official website, Google, and Chinese search engines, but found no relevant investment projects .",Unknown,Greenfield,,,,,,,,,,,,,,,,,7-Nov,Mindray Medical InternationalSouth AfricaMedical Devices151.5,,China,Mindray Medical International,Guangdong,,Shenzhen,Not Specified,Not Specified,Not Specified,,,Medical Devices,Medical equipment & supplies,Life sciences,"Sales, Marketing & Support",,15,Yes,1.5,Yes,New,,,,,,645,
0,AUCMA Group,,,Kenya,,,,Out of Range,East Africa,,Unknown,,Unknown because no information available in English or Chinese source.,Unknown,Greenfield,,,,,,,,,,,,,,,,,5-Jul,AUCMA GroupKenyaConsumer Electronics521.5,,China,AUCMA Group,Shandong,,Qingdao,Not Specified,Not Specified,Not Specified,,,Consumer Electronics,Audio & video equipment,Consumer Goods,Manufacturing,,52,No,1.5,No,New,,,,,,646,
0,Hubei Jingshan Corrugating Machinery,,,Egypt,,,,Out of Range,North Africa,,Unknown,,"Raw data provides limited information. Unable to verify deal. Included company website in additional sources column. Confidence status: unknown. Company has gone by multiple names Songhe Xinghuo Farm Tools Factory (1957/10) > Jinghsan Light Industry Machinery Factory (1983/8) > Hubei Jingshan Light Industry Machinery Factory (1986/7) > J.S. Corrugating Machinery Co., Ltd (1996/12)",,Greenfield,,,,,,,,,,,,,,,https://www.jsmachine.com.cn/en-US/index.html https://www.jsmachine.com.cn/en-US/Group_Overview.html,,8-Aug,"Hubei Jingshan Corrugating MachineryEgyptIndustrial Machinery, Equipment & Tools51.3",,China,Hubei Jingshan Corrugating Machinery,Hubei,,Jingmen,Not Specified,Not Specified,Not Specified,,,"Industrial Machinery, Equipment & Tools",Printing machinery & equipment,Industrial,"Sales, Marketing & Support",,5,Yes,1.3,Yes,New,,,,,,648,
0,Huawei Technologies,,,Kenya,,,,Out of Range,East Africa,,Unknown,,Unknown because no information available in either English or Chinese source.,Unknown,Greenfield,,,,,,,,,,,,,,,,,8-Jun,Huawei TechnologiesKenyaCommunications31,,China,Huawei Technologies,Guangdong,,Shenzhen,Not Specified,Not Specified,Not Specified,,,Communications,Wireless telecommunication carriers,ICT & Electronics,Education & Training,,3,Yes,1,No,New,,,,,,652,
0,A-Link technologies,,,Rwanda,,,,Out of Range,East Africa,,Unknown,,Couldn't verify this specific investment - no information,Unknown,Greenfield,,,,,,,,,,,,,,,,,7-Nov,A-Link technologiesRwandaCommunications70.5,,China,China link (C-Link),Not Specified,,Not Specified,Not Specified,Not Specified,Not Specified,,,Communications,Communications equipment,ICT & Electronics,Manufacturing,,7,Yes,0.5,No,New,,,,,,655,
0,Lee Group,,,Nigeria,,,,Out of Range,West Africa,,Unknown,,"Couldn't verify this deal. no specific information on the deal announcement, commencement or being completed. However, the Lee Group is a popular Chinese investors in Nigeria with series of operations in different industries in the country",Unknown,Greenfield,,,,,,,,,,,,,,,,,16-Apr,Lee GroupNigeriaReal Estate875122.2,,Hong Kong,Lee Group,Hong Kong,,Hong Kong,Jigawa,Not Specified,Ringim,,,Real Estate,Industrial building construction,Construction,Construction,,875,Yes,122.2,Yes,New,,,,,,671,
0,Lee Group,,,Nigeria,,,,Out of Range,West Africa,,Unknown,,"Just as deal ID 671, i couldn't verify this investment. no information",Unknown,Greenfield,,,,,,,,,,,,,,,,,16-Apr,Lee GroupNigeriaFood & Tobacco42955.7,,Hong Kong,Lee Group,Hong Kong,,Hong Kong,Jigawa,Not Specified,Not Specified,,,Food & Tobacco,Crop production,"Food, Beverages & Tobacco",Manufacturing,,429,Yes,55.7,Yes,New,,,,,,677,
0,Lee Group,,,Nigeria,,,,Out of Range,West Africa,,Unknown,,"Similar to deals 671, 677",Unknown,Greenfield,,,,,,,,,,,,,,,,,13-Aug,Lee GroupNigeriaAutomotive OEM19743.6,,Hong Kong,Lee Group,Hong Kong,,Hong Kong,Lagos State,Not Specified,Lagos,,,Automotive OEM,Heavy duty trucks,Transport Equipment,Headquarters,,197,Yes,43.6,Yes,New,,,,,,684,
0,IP Global,,,South Africa,,,,Out of Range,Southern Africa,,Unknown,,"After searching the official website, Google, and Chinese search engines, but found no relevant investment projects .",Unknown,Greenfield,,,,,,,,,,,,,,,,,14-Mar,IP GlobalSouth AfricaReal Estate1828.3,,Hong Kong,IP Global,Hong Kong,,Hong Kong,Western Cape,Not Specified,Cape Town,,,Real Estate,Real estate services,Professional Services,"Sales, Marketing & Support",,18,Yes,28.3,Yes,New,,,,,,686,
0,GRMSearch,,,South Africa,,,,Out of Range,Southern Africa,,Unknown,,"After searching the official website, Google, and Chinese search engines, but found no relevant investment projects .",Unknown,Greenfield,,,,,,,,,,,,,,,,,19-Apr,GRMSearchSouth AfricaBusiness services1621.6,,Hong Kong,GRMSearch,Hong Kong,Hong Kong,Hong Kong,Gauteng,Not Specified,Johannesburg,,,Business services,Employment services,Professional Services,Business Services,,16,Yes,21.6,Yes,New,Opened,"Darius Zeederberg, head of legal recruitment, said, ""As market leaders in legal recruitment and research, it's important to our clients that we continue to grow in order to service their needs, I am delighted to be moving home to head up our new office and be closer to some of the key clientele"".",South Africa and Africa,,https://www.grm.global/blog/2019/04/exciting-news-grm-opens-second-office-in-south-africa,690,
0,Crown Worldwide Holdings,,,Tanzania,,,,Out of Range,East Africa,,Unknown,,Unable to find information online about this project.,Unknown,Greenfield,,,,,,,,,,,,,,,,,8-Mar,Crown Worldwide HoldingsTanzaniaTransportation1015.3,,Hong Kong,Crown Worldwide Holdings,Hong Kong,,Hong Kong,Dar es Salaam,Not Specified,Dar es Salaam,,,Transportation,Freight/Distribution Services,"Transportation, Warehousing & Storage","Sales, Marketing & Support",,10,Yes,15.3,Yes,New,,,,,,693,
0,Transsion Holdings (Tecno Telecom),,,Ethiopia,,,,Out of Range,East Africa,,Unknown,,Unable to find information online about this project asides from various phone models being launched,,Greenfield,,,,,,,,,,,,,,,,,13-Nov,Transsion Holdings (Tecno Telecom)EthiopiaCommunications20014.7,,Hong Kong,Transsion Holdings (Tecno Telecom),Hong Kong,,Hong Kong,Addis Ababa,Not Specified,Addis Ababa,,,Communications,Communications equipment,ICT & Electronics,Manufacturing,,200,No,14.7,Yes,New,,,,,,694,
0,V Global Management (The V),,,Kenya,,,,Out of Range,East Africa,,Unknown,,Unknown because currently no information available in either English or Chinese source.,Unknown,Greenfield,,,,,,,,,,,,,,,,,7-Oct,V Global Management (The V)KenyaBusiness Services8513.8,,Hong Kong,QI International,Hong Kong,,Hong Kong,Nairobi Area,Not Specified,Nairobi,,,Business Services,"Advertising, PR, & related",Creative Industries,Headquarters,,85,Yes,13.8,Yes,New,,"it was attracted to the Kenyan market due to the level of information technology awareness by Kenyans, its citizen's entrepreneurial spirit and the country strategic location.""We will use Kenya as a base to engrave business ethics and proper teachings to the rest of Africa that network marketing is the up-coming global business,"" said the firm's executive director, Pathman Senathirajah at the Kenyatta International Conference Centre in Nairobi, yesterday.",,,,696,
0,Rotam Global AgroSciences,,,Kenya,,,,Out of Range,East Africa,,Unknown,,Unknown because currently no information available in either English or Chinese source.,Unknown,Greenfield,,,,,,,,,,,,,,,,,7-Jan,Rotam Global AgroSciencesKenyaChemicals6513.6,,Hong Kong,Rotam Global AgroSciences,Hong Kong,,Hong Kong,Not Specified,Not Specified,Not Specified,,,Chemicals,"Pesticide, fertilisers & other agricultural chemicals","Food, Beverages & Tobacco",Headquarters,,65,Yes,13.6,Yes,New,,,,,,697,
0,Yau Lee Building Materials,,,Tanzania,,,,Out of Range,East Africa,,Unknown,,Unable to find information online about this project.,Unknown,Greenfield,,,,,,,,,,,,,,,,,10-Jun,Yau Lee Building MaterialsTanzaniaBuilding & Construction Materials2312.5,,Hong Kong,Yau Lee Holdings,Hong Kong,,Hong Kong,Lindi,Not Specified,Not Specified,,,Building & Construction Materials,Cement & concrete products,Construction,Manufacturing,,23,Yes,12.5,No,New,,,,,,698,
0,Lenovo,,,Kenya,,,,Out of Range,East Africa,,Unknown,,Unknown because currently no information available in either English or Chinese source.,Unknown,Greenfield,,,,,,,,,,,,,,,,,5-Sep,LenovoKenyaBusiness Machines & Equipment11812.3,,Hong Kong,Lenovo,Hong Kong,,Hong Kong,Not Specified,Not Specified,Not Specified,,,Business Machines & Equipment,Computer & peripheral equipment,ICT & Electronics,"Logistics, Distribution & Transportation",,118,Yes,12.3,Yes,New,,,,,,699,
0,Lee Group,,,Nigeria,,,,Out of Range,West Africa,,Unknown,,"Similar to deals 671, 677, 684",Unknown,Greenfield,,,,,,,,,,,,,,,,,16-Apr,Lee GroupNigeriaTextiles20011.3,,Hong Kong,Lee Group,Hong Kong,,Hong Kong,Jigawa,Not Specified,Ringim,,,Textiles,Footwear,"Wood, Apparel & Related Products",Manufacturing,,200,No,11.3,Yes,New,,,,,,700,
0,TeleTRADE,,,Tunisia,,,,Out of Range,North Africa,,Unknown,,Could not find any information online for this project,Unknown,Greenfield,,,,,,,,,,,,,,,,,15-Aug,TeleTRADETunisiaFinancial Services1811,,Hong Kong,TeleTRADE,Hong Kong,,Hong Kong,Nabul (Nabeul),Not Specified,Hammamet,,,Financial Services,Corporate & investment banking,Financial Services,Business Services,,18,Yes,11,Yes,New,,,,,,701,
0,TeleTRADE,,,Tunisia,,,,Out of Range,North Africa,,Unknown,,Could not find any information online for this project,Unknown,Greenfield,,,,,,,,,,,,,,,,,9-Sep,TeleTRADETunisiaFinancial Services1811,,Hong Kong,TeleTRADE,Hong Kong,,Hong Kong,Tunis,Not Specified,Tunis,,,Financial Services,Corporate & investment banking,Financial Services,Business Services,,18,Yes,11,Yes,New,,,,,,702,
0,Artificial Life,,,South Africa,,,,Out of Range,Southern Africa,,Unknown,,"After searching the official website, Google, and Chinese search engines, but found no relevant investment projects .",Unknown,Greenfield,,,,,,,,,,,,,,,,,11-Apr,Artificial LifeSouth AfricaCommunications167.5,,Hong Kong,Artificial Life,Hong Kong,,Hong Kong,Western Cape,Not Specified,Stellenbosch,,,Communications,Wireless telecommunication carriers,Life sciences,"Sales, Marketing & Support",,16,Yes,7.5,Yes,New,,"According to International Telecommunication Union's survey, South Africa is Africa's biggest mobile phone market as of 2009, with more than 46.4 million mobile users. The number is forecasted to pass 52 million at the end of 2015.",,,,708,
0,GRMSearch,,,South Africa,,,,Out of Range,Southern Africa,,Unknown,,"After searching the official website, Google, and Chinese search engines, but found no relevant investment projects .",Unknown,Greenfield,,,,,,,,,,,,,,,,,14-Feb,GRMSearchSouth AfricaBusiness Services176.8,,Hong Kong,GRMSearch,Hong Kong,,Hong Kong,Gauteng,Not Specified,Johannesburg,,,Business Services,Employment services,Professional Services,Business Services,,17,Yes,6.8,Yes,New,,,,,,711,
0,Wallem Group,,,South Africa,,,,Out of Range,Southern Africa,,Unknown,,"After searching the official website, Google, and Chinese search engines, but found no relevant investment projects .",Unknown,Greenfield,,,,,,,,,,,,,,,,,13-May,Wallem GroupSouth AfricaBusiness Services176.8,,Hong Kong,Wallem Group,Hong Kong,,Hong Kong,KwaZulu-Natal,Not Specified,Durban,,,Business Services,Other support services,Transport Equipment,Business Services,,17,Yes,6.8,Yes,New,,,,,,712,
0,Global Metals Network,,,South Africa,Industry & Trade/Ser,Material Production and Processing,,Out of Range,Southern Africa,Material Production and Processing,Unknown,,"Uncertain what to do with this one. Apparently, several former traders from Australia‚Äôs OneSteel Recycling have joined a new alliance called the Global Metals Network, organized by Hong Kong-based scrap recycler Keith Chiu and supported financially by Japan's Mitsui & Co. In 2023, UK based Marex aquired Global Metals Network (https://www.marex.com/news/2023/07/marex-acquires-recycled-metals-company-global-metals-network/). Unsure if this is a Chinese investment, or related to South Africa",Announced,Greenfield,,,,,,,,,,,,,,,,,19-Jan,Global Metals NetworkSouth AfricaMetals82,,Hong Kong,Global Metals Network,Hong Kong,Hong Kong,Hong Kong,KwaZulu-Natal,Not Specified,Durban,,,Metals,Other (Metals),Industrial,"Sales, Marketing & Support",,8,Yes,2,Yes,New,Opened,,Africa and Middle East,,https://www.recyclingtoday.com/article/global-metals-network-hong-kong-sellier-scrap-trading/,718,
0,MemoTrek Technologies,,,Kenya,,,,Out of Range,East Africa,,Unknown,,Unknown because no information available neither in English nor Chinese.,Unknown,Greenfield,,,,,,,,,,,,,,,,,9-Jul,MemoTrek TechnologiesKenyaBusiness Machines & Equipment291.3,,Hong Kong,MemoTrek Technologies,Hong Kong,,Hong Kong,Nairobi Area,Not Specified,Nairobi,,,Business Machines & Equipment,Computer & peripheral equipment,ICT & Electronics,"Sales, Marketing & Support",,29,Yes,1.3,Yes,New,,"After several years of USB flash drive sales in east Africa, MemoTrek's board decision to incorporate a new branch office in Nairobi is mostly based on the vibrant and fast growing IT landscape of Kenya.",,,,719,
0,Lenovo,,,Morocco,,,,Out of Range,North Africa,,Unknown,,"After searching the official website, Google, and Chinese search engines, but found no relevant investment projects .",Unknown,Greenfield,,,,,,,,,,,,,,,,,6-Apr,LenovoMoroccoBusiness Machines & Equipment291.3,,Hong Kong,Lenovo,Hong Kong,,Hong Kong,Not Specified,Not Specified,Not Specified,,,Business Machines & Equipment,Computer & peripheral equipment,ICT & Electronics,"Sales, Marketing & Support",,29,Yes,1.3,Yes,New,,,,,,720,
0,Lenovo,,,Kenya,,,,Out of Range,East Africa,,Unknown,,Unknown because no information available neither in English nor Chinese.,Unknown,Greenfield,,,,,,,,,,,,,,,,,5-Sep,LenovoKenyaBusiness Machines & Equipment291.3,,Hong Kong,Lenovo,Hong Kong,,Hong Kong,Nairobi Area,Not Specified,Nairobi,,,Business Machines & Equipment,Computer & peripheral equipment,ICT & Electronics,"Sales, Marketing & Support",,29,Yes,1.3,Yes,New,,,,,,721,
0,Karl Thomson,,,Egypt,,,,Out of Range,North Africa,,,,,,Greenfield,,,,,,,,,,,,,,,https://www.hkfihg.com/eng/2006/en_20060809018.pdf#:~:text=Cascadia%20by%20Aminex%20Petroleum.%20It%20will%20be%20a%20term%20ofhttps://www.hkexnews.hk/listedco/lstconews/sehk/2006/0918/ltn20060918204.pdf#:~:text=signed%20between%20the%20Egyptian%20Government%20and%20Aminex%20Petroleum,,6-Jun,"Karl ThomsonEgyptCoal, Oil and Natural Gas214275.5",,Hong Kong,Karl Thomson,Hong Kong,,Hong Kong,Not Specified,Not Specified,Not Specified,,,"Coal, Oil and Natural Gas",Oil & gas extraction,Energy,Extraction,,214,Yes,275.5,Yes,New,,,,,,663,